views,add_to_cart,searches,clicks,discount_percent,recency_days,redeemed
1.0,0.0,0.0,1.0,5.0,20.0,0
2.0,0.0,0.0,2.0,5.0,20.0,0
1.0,0.0,0.0,1.0,5.0,20.0,0
2.0,0.0,0.0,2.0,5.0,20.0,0
10.0,0.0,0.0,10.0,5.0,21.0,0
19.0,0.0,0.0,19.0,5.0,20.0,0
1.0,0.0,0.0,1.0,23.0,20.0,0
0.0,0.0,0.0,1.0,5.0,21.0,0
2.0,0.0,0.0,2.0,41.0,20.0,0
3.0,0.0,0.0,3.0,23.0,20.0,0
3.0,0.0,0.0,3.0,5.0,20.0,0
16.0,0.0,0.0,16.0,23.0,20.0,0
7.0,0.0,0.0,7.0,5.0,20.0,0
6.0,0.0,0.0,6.0,5.0,20.0,0
2.0,0.0,0.0,2.0,5.0,20.0,0
23.0,0.0,0.0,25.0,5.0,20.0,0
1.0,0.0,0.0,1.0,5.0,20.0,0
13.0,0.0,0.0,13.0,5.0,21.0,0
2.0,0.0,0.0,2.0,5.0,20.0,0
20.0,0.0,0.0,20.0,5.0,20.0,0
8.0,0.0,0.0,8.0,50.0,21.0,0
2.0,0.0,0.0,2.0,5.0,20.0,0
3.0,0.0,0.0,3.0,5.0,20.0,0
2.0,0.0,0.0,2.0,41.0,20.0,0
1.0,0.0,0.0,1.0,5.0,21.0,0
5.0,0.0,0.0,5.0,5.0,20.0,0
32.0,0.0,0.0,36.0,5.0,20.0,0
4.0,0.0,0.0,4.0,5.0,20.0,0
4.0,0.0,0.0,4.0,14.0,20.0,0
45.0,2.708988213,1.0,47.0,23.0,20.0,0
2.0,0.0,0.0,2.0,5.0,20.0,0
3.0,0.0,0.0,3.0,5.0,21.0,0
8.0,0.0,0.0,8.0,5.0,20.0,0
10.0,0.0,0.0,10.0,5.0,20.0,0
14.0,0.0,0.0,14.0,5.0,20.0,0
52.0,0.0,0.0,52.0,5.0,20.0,0
8.0,0.0,0.0,8.0,5.0,21.0,0
5.0,0.0,0.0,7.0,41.0,20.0,0
7.0,0.0,0.0,7.0,32.0,20.0,0
9.0,0.0,0.0,9.0,5.0,20.0,0
46.0,0.0,0.0,47.0,5.0,20.0,0
3.0,0.0,0.0,3.0,32.0,20.0,0
15.0,0.0,0.0,15.0,5.0,20.0,0
2.0,0.0,0.0,2.0,23.0,20.0,0
4.0,0.0,0.0,4.0,5.0,20.0,0
22.0,0.0,0.0,22.0,14.0,20.0,0
14.0,0.0,0.0,14.0,5.0,20.0,0
3.0,0.0,0.0,3.0,14.0,20.0,0
11.0,0.0,0.0,11.0,5.0,20.0,0
1.0,0.0,0.0,1.0,32.0,20.0,0
1.0,0.0,0.0,1.0,5.0,21.0,0
12.0,0.0,0.0,12.0,14.0,20.0,0
2.0,0.0,0.0,2.0,50.0,21.0,0
4.0,0.0,0.0,4.0,5.0,20.0,0
4.0,0.0,0.0,4.0,23.0,20.0,0
1.0,0.0,0.0,1.0,14.0,20.0,0
1.0,0.0,0.0,1.0,32.0,20.0,0
36.0,0.9723539564999999,2.0,42.0,14.0,20.0,0
4.0,0.0,0.0,4.0,23.0,20.0,0
16.0,0.0,0.0,18.0,32.0,20.0,0
6.0,0.0,0.0,6.0,23.0,20.0,0
8.0,0.0,0.0,8.0,5.0,20.0,0
42.0,1.915424634,0.0,54.0,5.0,20.0,0
14.0,0.0,0.0,14.0,5.0,21.0,0
1.0,0.0,0.0,1.0,5.0,20.0,0
27.0,1.145801785,0.0,30.0,41.0,20.0,1
90.0,0.0,0.0,94.0,5.0,20.0,0
1.0,0.0,0.0,1.0,32.0,20.0,0
18.0,0.0,0.0,18.0,5.0,20.0,0
1.0,0.0,0.0,1.0,14.0,20.0,0
1.0,0.0,0.0,1.0,5.0,20.0,0
20.0,0.0,0.0,20.0,5.0,20.0,0
2.0,0.0,0.0,2.0,23.0,20.0,0
8.0,0.0,0.0,8.0,5.0,20.0,0
3.0,0.0,0.0,3.0,5.0,20.0,0
16.0,0.0,0.0,16.0,5.0,20.0,0
36.0,0.5719705975,0.0,46.0,5.0,20.0,1
2.0,0.0,0.0,2.0,32.0,20.0,0
1.0,0.0,0.0,1.0,50.0,21.0,0
1.0,0.0,0.0,1.0,23.0,20.0,0
7.0,0.0,0.0,7.0,5.0,21.0,0
4.0,0.0,0.0,4.0,41.0,20.0,0
6.0,0.0,0.0,6.0,5.0,20.0,0
12.0,0.0,0.0,12.0,5.0,20.0,0
1.0,0.0,0.0,1.0,41.0,21.0,0
1.0,0.0,0.0,1.0,5.0,20.0,0
7.0,0.0,0.0,7.0,5.0,20.0,0
3.0,0.0,0.0,3.0,5.0,20.0,0
7.0,0.0,0.0,7.0,23.0,20.0,0
19.0,0.0,0.0,19.0,5.0,20.0,0
15.0,0.0,0.0,17.0,23.0,20.0,0
1.0,0.0,0.0,1.0,5.0,21.0,0
2.0,0.0,0.0,2.0,5.0,20.0,0
13.0,0.0,0.0,13.0,5.0,20.0,0
27.0,0.0,0.0,27.0,32.0,20.0,0
2.0,0.0,0.0,2.0,14.0,20.0,0
6.0,0.0,0.0,6.0,14.0,20.0,0
4.0,0.0,0.0,4.0,32.0,20.0,0
7.0,0.0,1.0,8.0,32.0,20.0,0
16.0,0.0,0.0,16.0,5.0,20.0,0
38.0,0.0,0.0,41.0,23.0,20.0,0
19.0,0.8767979465,0.0,23.0,50.0,21.0,1
6.0,0.0,0.0,6.0,23.0,20.0,0
36.0,0.0,1.0,39.0,41.0,20.0,0
17.0,0.0,0.0,20.0,5.0,20.0,0
2.0,0.0,0.0,2.0,5.0,20.0,0
9.0,0.0,1.0,10.0,41.0,20.0,0
12.0,0.0,0.0,12.0,5.0,20.0,0
2.0,0.0,0.0,2.0,41.0,20.0,0
128.0,0.0,4.0,138.0,5.0,20.0,0
4.0,0.0,0.0,4.0,32.0,20.0,0
4.0,0.0,0.0,4.0,23.0,20.0,0
1.0,0.0,0.0,1.0,41.0,20.0,0
25.0,0.0,0.0,27.0,14.0,20.0,0
30.0,0.0,1.0,31.0,14.0,20.0,0
12.0,0.0,0.0,12.0,5.0,21.0,0
21.0,0.0,0.0,21.0,41.0,20.0,0
11.0,0.0,0.0,11.0,14.0,20.0,0
8.0,0.0,0.0,8.0,5.0,20.0,0
6.0,0.0,0.0,6.0,5.0,20.0,0
6.0,0.0,0.0,6.0,5.0,20.0,0
4.0,0.0,0.0,4.0,32.0,20.0,0
14.0,0.0,2.0,16.0,41.0,20.0,0
3.0,0.0,0.0,3.0,5.0,20.0,0
11.0,0.0,0.0,11.0,5.0,20.0,0
1.0,0.0,0.0,1.0,5.0,20.0,0
9.0,0.0,0.0,9.0,23.0,20.0,0
10.0,0.0,0.0,10.0,23.0,20.0,0
51.0,0.0,0.0,55.0,32.0,20.0,0
3.0,0.0,0.0,3.0,5.0,20.0,0
2.0,0.0,0.0,2.0,5.0,21.0,0
16.0,0.0,0.0,18.0,5.0,20.0,0
1.0,0.0,0.0,1.0,5.0,20.0,0
6.0,0.0,0.0,6.0,41.0,20.0,0
26.0,0.0,0.0,32.0,32.0,20.0,0
6.0,0.0,0.0,6.0,5.0,20.0,0
9.0,0.0,0.0,9.0,5.0,20.0,0
3.0,0.0,0.0,3.0,5.0,20.0,0
2.0,0.0,0.0,2.0,23.0,20.0,0
14.0,0.0,0.0,18.0,14.0,20.0,0
1.0,0.0,0.0,1.0,5.0,20.0,0
9.0,0.0,0.0,9.0,14.0,20.0,0
8.0,0.0,0.0,11.0,5.0,20.0,0
1.0,0.0,0.0,1.0,5.0,20.0,0
10.0,0.0,1.0,11.0,5.0,20.0,0
3.0,0.0,0.0,3.0,23.0,20.0,0
3.0,0.0,0.0,3.0,5.0,20.0,0
4.0,0.0,0.0,4.0,5.0,20.0,0
28.0,0.0,0.0,28.0,5.0,20.0,0
11.0,0.0,0.0,11.0,41.0,20.0,0
20.0,0.0,0.0,20.0,5.0,20.0,0
1.0,0.0,0.0,1.0,23.0,20.0,0
4.0,0.0,0.0,4.0,5.0,20.0,0
19.0,0.0,0.0,19.0,14.0,20.0,0
9.0,0.0,0.0,9.0,5.0,20.0,0
21.0,0.0,0.0,21.0,5.0,21.0,0
1.0,0.0,0.0,1.0,5.0,21.0,0
6.0,0.0,0.0,6.0,41.0,21.0,0
1.0,0.0,0.0,1.0,5.0,20.0,0
1.0,0.0,0.0,1.0,5.0,20.0,0
23.0,0.0,0.0,23.0,32.0,20.0,0
31.0,0.0,2.0,35.0,5.0,21.0,0
23.0,0.0,0.0,24.0,5.0,21.0,0
6.0,0.0,0.0,6.0,23.0,20.0,0
23.0,0.0,0.0,23.0,32.0,20.0,0
12.0,0.0,0.0,12.0,5.0,20.0,0
5.0,0.0,0.0,5.0,5.0,20.0,0
5.0,0.0,0.0,5.0,5.0,20.0,0
11.0,0.0,0.0,11.0,5.0,20.0,0
20.0,0.0,0.0,20.0,41.0,21.0,0
15.0,0.0,0.0,16.0,41.0,21.0,0
17.0,0.0,0.0,17.0,5.0,20.0,0
3.0,0.0,0.0,3.0,32.0,20.0,0
1.0,0.0,0.0,1.0,41.0,21.0,0
24.0,0.0,0.0,29.0,50.0,21.0,0
10.0,0.0,0.0,13.0,5.0,20.0,0
7.0,0.0,0.0,7.0,5.0,20.0,0
21.0,0.0,0.0,22.0,5.0,20.0,0
1.0,0.0,0.0,1.0,5.0,20.0,0
6.0,0.0,0.0,6.0,32.0,20.0,0
17.0,0.0,0.0,17.0,5.0,21.0,0
1.0,0.0,0.0,1.0,32.0,20.0,0
1.0,0.0,0.0,1.0,5.0,20.0,0
8.0,0.0,0.0,8.0,41.0,21.0,0
5.0,0.0,16.0,21.0,5.0,18.0,0
20.0,0.40003703705,0.0,20.0,5.0,18.0,0
50.0,0.0,0.0,52.0,5.0,18.0,0
96.0,0.0,2.0,108.0,5.0,19.0,0
49.0,0.08530074829999999,1.0,59.0,5.0,18.0,1
68.0,2.3265087555,1.0,72.0,5.0,18.0,0
2.0,0.0,0.0,2.0,5.0,18.0,0
24.0,0.0,5.0,32.0,5.0,18.0,0
9.0,0.0,0.0,12.0,5.0,18.0,0
3.0,0.0,0.0,3.0,5.0,18.0,0
22.0,0.0,0.0,22.0,5.0,19.0,0
98.0,0.0,0.0,98.0,5.0,18.0,0
67.0,0.9671325085,1.0,70.0,5.0,18.0,1
13.0,0.0,0.0,16.0,5.0,18.0,0
17.0,5.4588,0.0,17.0,5.0,18.0,1
55.0,4.812755791,2.0,60.0,5.0,19.0,1
50.0,7.6721623899999996,0.0,51.0,5.0,19.0,1
5.0,0.0,0.0,5.0,5.0,19.0,0
13.0,0.0,0.0,18.0,5.0,18.0,0
3.0,0.0,0.0,3.0,5.0,18.0,0
12.0,0.0,0.0,13.0,5.0,18.0,0
16.0,0.0,0.0,19.0,5.0,18.0,0
16.0,1.6899783505,0.0,17.0,5.0,18.0,1
5.0,0.0,0.0,7.0,5.0,19.0,0
4.0,0.0,0.0,7.0,5.0,18.0,0
8.0,0.0,0.0,8.0,5.0,18.0,0
4.0,0.0,1.0,7.0,5.0,18.0,0
14.0,0.0,0.0,14.0,5.0,18.0,0
2.0,0.0,0.0,2.0,5.0,18.0,0
7.0,0.0,0.0,11.0,5.0,19.0,0
10.0,0.0,3.0,15.0,5.0,18.0,0
18.0,0.0,2.0,22.0,5.0,18.0,0
4.0,0.0,0.0,6.0,5.0,18.0,0
35.0,0.0,0.0,35.0,5.0,18.0,0
12.0,0.0,0.0,12.0,5.0,18.0,0
3.0,0.0,0.0,3.0,5.0,18.0,0
14.0,1.7546399999999998,0.0,16.0,5.0,18.0,1
5.0,0.0,0.0,5.0,5.0,18.0,0
4.0,0.0,0.0,4.0,5.0,18.0,0
6.0,0.0,0.0,7.0,5.0,18.0,0
28.0,0.0,0.0,29.0,5.0,18.0,0
2.0,0.0,0.0,2.0,5.0,19.0,0
37.0,0.0,2.0,44.0,5.0,18.0,0
9.0,0.0,0.0,9.0,5.0,18.0,0
16.0,0.8881333335000001,0.0,16.0,5.0,18.0,1
19.0,0.0,0.0,19.0,5.0,18.0,0
50.0,0.3573130444,0.0,52.0,5.0,19.0,0
22.0,0.0,0.0,28.0,5.0,18.0,0
9.0,0.0,0.0,9.0,5.0,19.0,0
50.0,1.1016384614999999,1.0,52.0,5.0,19.0,0
18.0,0.0,0.0,20.0,5.0,19.0,0
7.0,0.0,5.0,15.0,5.0,18.0,0
29.0,0.0,0.0,32.0,5.0,19.0,0
34.0,0.0,0.0,40.0,5.0,19.0,0
9.0,0.0,0.0,9.0,5.0,19.0,0
16.0,0.0,0.0,16.0,5.0,18.0,0
51.0,0.0,1.0,60.0,5.0,18.0,0
22.0,0.0,0.0,24.0,5.0,18.0,0
18.0,0.0,0.0,19.0,5.0,18.0,0
28.0,0.0,1.0,29.0,5.0,19.0,0
7.0,0.0,0.0,7.0,5.0,18.0,0
31.0,0.0,0.0,31.0,5.0,18.0,0
14.0,0.0,0.0,14.0,5.0,18.0,0
9.0,0.0,0.0,10.0,5.0,18.0,0
32.0,0.2184257778,0.0,48.0,5.0,18.0,1
71.0,0.0,1.0,73.0,5.0,19.0,0
46.0,0.0,1.0,49.0,5.0,19.0,0
18.0,0.0,0.0,18.0,5.0,18.0,0
2.0,0.0,0.0,2.0,5.0,18.0,0
5.0,0.0,0.0,5.0,5.0,18.0,0
2.0,0.0,0.0,2.0,5.0,19.0,0
19.0,0.0,0.0,23.0,5.0,18.0,0
2.0,0.0,0.0,3.0,5.0,18.0,0
4.0,0.0,0.0,9.0,5.0,18.0,0
45.0,0.0,0.0,45.0,5.0,18.0,0
7.0,0.0,1.0,8.0,5.0,18.0,0
14.0,0.0,0.0,17.0,5.0,19.0,0
1.0,0.0,0.0,1.0,5.0,18.0,0
29.0,0.4386236559,1.0,31.0,5.0,19.0,1
9.0,0.0,0.0,9.0,5.0,18.0,0
30.0,0.0,0.0,30.0,5.0,18.0,0
63.0,2.573165574,0.0,63.0,5.0,19.0,1
20.0,0.0,0.0,20.0,5.0,18.0,0
5.0,0.0,0.0,5.0,5.0,18.0,0
15.0,0.0,0.0,15.0,5.0,18.0,0
6.0,0.0,0.0,6.0,5.0,19.0,0
14.0,0.0,0.0,15.0,5.0,19.0,0
1.0,0.0,0.0,1.0,5.0,18.0,0
13.0,0.0,1.0,15.0,5.0,18.0,0
42.0,0.0,0.0,46.0,5.0,18.0,0
5.0,0.0,0.0,5.0,5.0,19.0,0
2.0,0.0,0.0,2.0,5.0,18.0,0
10.0,1.9495,0.0,14.0,5.0,19.0,1
18.0,0.0,0.0,18.0,5.0,18.0,0
5.0,0.0,0.0,5.0,5.0,18.0,0
32.0,0.0,0.0,32.0,5.0,18.0,0
3.0,0.0,0.0,3.0,5.0,19.0,0
11.0,2.6994599999999997,0.0,11.0,5.0,19.0,1
36.0,0.3415896196,4.0,53.0,5.0,18.0,0
6.0,0.0,0.0,6.0,5.0,18.0,0
10.0,0.0,0.0,12.0,5.0,18.0,0
8.0,0.0,0.0,8.0,5.0,18.0,0
1.0,0.0,0.0,1.0,5.0,18.0,0
35.0,0.0,0.0,35.0,5.0,18.0,0
87.0,0.0,1.0,99.0,5.0,18.0,0
4.0,0.0,0.0,4.0,5.0,18.0,0
51.0,0.0,0.0,52.0,5.0,18.0,0
7.0,0.0,0.0,9.0,5.0,18.0,0
40.0,0.0,0.0,40.0,5.0,18.0,0
1.0,0.0,0.0,1.0,5.0,19.0,0
14.0,2.2339625,1.0,17.0,5.0,18.0,1
13.0,2.989507143,0.0,13.0,5.0,18.0,1
33.0,0.0,0.0,33.0,5.0,18.0,0
22.0,0.0,0.0,26.0,5.0,18.0,0
1.0,0.0,0.0,1.0,5.0,18.0,0
3.0,0.0,0.0,3.0,5.0,18.0,0
17.0,0.0,0.0,22.0,5.0,19.0,0
15.0,0.0,0.0,15.0,5.0,19.0,0
2.0,0.0,0.0,2.0,5.0,18.0,0
35.0,0.0,0.0,35.0,5.0,18.0,0
4.0,0.0,0.0,4.0,5.0,18.0,0
1.0,0.0,1.0,2.0,5.0,18.0,0
2.0,0.0,0.0,2.0,5.0,19.0,0
2.0,0.0,0.0,2.0,5.0,18.0,0
12.0,0.0,0.0,12.0,5.0,18.0,0
23.0,0.0,0.0,28.0,5.0,19.0,0
29.0,0.0,0.0,29.0,5.0,18.0,0
3.0,0.0,0.0,3.0,5.0,19.0,0
10.0,0.0,0.0,12.0,5.0,18.0,0
27.0,0.0,1.0,28.0,5.0,18.0,0
35.0,0.0,2.0,44.0,5.0,18.0,0
54.0,0.0,2.0,59.0,5.0,18.0,0
2.0,0.0,0.0,2.0,5.0,18.0,0
3.0,0.0,0.0,5.0,5.0,18.0,0
5.0,0.0,0.0,7.0,5.0,18.0,0
46.0,0.0,0.0,47.0,5.0,18.0,0
23.0,0.35515104165,0.0,24.0,5.0,18.0,1
5.0,0.0,0.0,5.0,5.0,18.0,0
10.0,0.0,0.0,10.0,5.0,18.0,0
37.0,0.0,0.0,39.0,5.0,18.0,0
68.0,0.0,0.0,74.0,5.0,18.0,0
4.0,0.0,0.0,8.0,5.0,18.0,0
2.0,0.0,0.0,4.0,5.0,18.0,0
15.0,0.0,0.0,15.0,5.0,19.0,0
11.0,0.0,0.0,14.0,5.0,18.0,0
7.0,0.0,0.0,9.0,5.0,18.0,0
1.0,0.0,0.0,1.0,5.0,18.0,0
55.0,0.0,0.0,58.0,5.0,18.0,0
21.0,0.0,3.0,25.0,5.0,18.0,0
64.0,0.0,0.0,68.0,5.0,18.0,0
75.0,0.0,1.0,76.0,5.0,18.0,0
14.0,0.0,0.0,15.0,5.0,18.0,0
8.0,0.0,0.0,9.0,5.0,18.0,0
49.0,0.0,0.0,49.0,5.0,18.0,0
4.0,0.0,0.0,4.0,5.0,18.0,0
29.0,0.0,0.0,30.0,5.0,18.0,0
7.0,0.0,0.0,7.0,5.0,18.0,0
1.0,0.0,0.0,1.0,5.0,18.0,0
8.0,0.0,0.0,8.0,5.0,18.0,0
25.0,0.0,0.0,25.0,5.0,18.0,0
1.0,0.0,0.0,1.0,5.0,18.0,0
3.0,0.0,0.0,7.0,5.0,18.0,0
12.0,0.0,0.0,12.0,5.0,18.0,0
39.0,0.0,0.0,45.0,5.0,18.0,0
24.0,0.0,0.0,27.0,5.0,18.0,0
12.0,0.0,0.0,13.0,5.0,19.0,0
15.0,0.0,0.0,17.0,5.0,18.0,0
10.0,0.0,0.0,10.0,5.0,18.0,0
19.0,0.983409273,1.0,28.0,5.0,19.0,0
55.0,0.0,1.0,65.0,5.0,18.0,0
27.0,0.0,0.0,30.0,5.0,18.0,0
30.0,0.46135004835000004,1.0,31.0,5.0,18.0,1
3.0,0.0,0.0,3.0,5.0,18.0,0
24.0,0.0,0.0,24.0,5.0,18.0,0
46.0,0.0,0.0,49.0,5.0,18.0,0
1.0,0.0,0.0,1.0,5.0,18.0,0
25.0,0.0,0.0,25.0,5.0,18.0,0
12.0,0.0,0.0,12.0,5.0,19.0,0
4.0,0.0,0.0,5.0,5.0,18.0,0
46.0,0.0,0.0,50.0,5.0,18.0,0
10.0,0.0,0.0,10.0,5.0,19.0,0
9.0,1.7218009385,0.0,12.0,5.0,18.0,1
13.0,0.0,0.0,13.0,5.0,19.0,0
111.0,0.6008282745,0.0,112.0,5.0,18.0,0
2.0,0.0,0.0,7.0,5.0,18.0,0
27.0,0.0,0.0,29.0,5.0,19.0,0
33.0,0.0,0.0,41.0,5.0,18.0,0
5.0,0.0,0.0,5.0,5.0,18.0,0
7.0,0.0,0.0,9.0,5.0,19.0,0
81.0,0.0,14.0,96.0,5.0,18.0,0
6.0,0.0,0.0,6.0,5.0,18.0,0
8.0,0.0,0.0,8.0,5.0,18.0,0
14.0,0.0,0.0,18.0,5.0,18.0,0
25.0,0.0,0.0,28.0,5.0,19.0,0
25.0,0.0,0.0,25.0,5.0,18.0,0
22.0,0.807192,3.0,27.0,5.0,18.0,1
2.0,0.0,0.0,2.0,5.0,18.0,0
3.0,0.0,0.0,3.0,5.0,18.0,0
22.0,0.0,0.0,23.0,5.0,18.0,0
1.0,0.0,0.0,1.0,5.0,18.0,0
61.0,0.1405406234,5.0,75.0,5.0,18.0,0
2.0,0.0,0.0,2.0,5.0,18.0,0
7.0,0.0,0.0,7.0,5.0,18.0,0
4.0,0.0,0.0,4.0,5.0,18.0,0
12.0,0.0,0.0,12.0,5.0,18.0,0
8.0,0.0,0.0,8.0,5.0,18.0,0
47.0,1.363444007,0.0,53.0,5.0,18.0,1
7.0,0.0,0.0,7.0,5.0,18.0,0
14.0,0.0,0.0,15.0,5.0,19.0,0
31.0,0.0,0.0,34.0,5.0,18.0,0
3.0,0.0,0.0,3.0,5.0,19.0,0
44.0,0.0,0.0,51.0,5.0,18.0,0
8.0,0.0,0.0,11.0,5.0,18.0,0
88.0,0.0,1.0,90.0,5.0,18.0,0
1.0,0.0,0.0,1.0,5.0,18.0,0
31.0,0.5960048075,4.0,42.0,5.0,18.0,1
39.0,3.9467417804999996,0.0,41.0,5.0,18.0,1
10.0,0.0,0.0,10.0,5.0,18.0,0
17.0,0.0,4.0,26.0,5.0,18.0,0
46.0,0.0,0.0,49.0,5.0,18.0,0
14.0,0.0,0.0,18.0,5.0,18.0,0
40.0,0.0,0.0,40.0,5.0,18.0,0
2.0,0.0,0.0,6.0,5.0,18.0,0
2.0,0.0,0.0,2.0,5.0,18.0,0
30.0,0.794453181,4.0,42.0,5.0,19.0,1
15.0,0.0,0.0,18.0,5.0,18.0,0
16.0,0.0,0.0,16.0,5.0,18.0,0
37.0,0.0,1.0,40.0,5.0,19.0,0
11.0,0.0,1.0,16.0,5.0,19.0,0
2.0,0.0,0.0,5.0,5.0,19.0,0
15.0,0.0,0.0,16.0,5.0,19.0,0
29.0,0.0,0.0,29.0,5.0,18.0,0
15.0,0.59977702,2.0,17.0,5.0,19.0,1
3.0,0.0,0.0,3.0,5.0,19.0,0
1.0,0.0,0.0,1.0,5.0,19.0,0
2.0,0.0,0.0,2.0,5.0,18.0,0
55.0,0.0,1.0,57.0,5.0,19.0,0
1.0,0.0,0.0,1.0,5.0,18.0,0
38.0,0.0,0.0,38.0,5.0,18.0,0
7.0,0.0,0.0,9.0,5.0,19.0,0
149.0,0.9184024580000001,2.0,155.0,5.0,18.0,1
5.0,0.0,0.0,5.0,5.0,19.0,0
2.0,0.0,0.0,2.0,5.0,19.0,0
6.0,0.0,0.0,6.0,5.0,18.0,0
27.0,0.0,0.0,27.0,5.0,18.0,0
1.0,0.0,0.0,1.0,5.0,18.0,0
13.0,0.0,0.0,15.0,5.0,18.0,0
41.0,0.0,0.0,41.0,5.0,19.0,0
9.0,0.0,0.0,11.0,5.0,18.0,0
9.0,0.0,0.0,11.0,5.0,19.0,0
8.0,0.0,0.0,8.0,5.0,19.0,0
15.0,0.0,0.0,17.0,5.0,19.0,0
21.0,0.0,0.0,21.0,5.0,18.0,0
12.0,0.0,0.0,12.0,5.0,18.0,0
22.0,0.0,0.0,23.0,5.0,18.0,0
13.0,0.0,0.0,16.0,5.0,18.0,0
31.0,0.0,0.0,31.0,5.0,19.0,0
19.0,0.0,0.0,21.0,5.0,18.0,0
13.0,0.0,0.0,13.0,5.0,18.0,0
13.0,0.0,0.0,18.0,5.0,18.0,0
6.0,0.0,0.0,6.0,5.0,18.0,0
0.0,0.0,0.0,3.0,5.0,19.0,0
23.0,0.0,1.0,27.0,5.0,18.0,0
2.0,0.0,2.0,7.0,5.0,18.0,0
47.0,0.8763828,0.0,53.0,5.0,18.0,0
12.0,0.0,0.0,13.0,5.0,19.0,0
5.0,0.0,0.0,5.0,5.0,18.0,0
11.0,0.0,0.0,11.0,5.0,18.0,0
21.0,0.0,0.0,21.0,5.0,18.0,0
5.0,0.0,0.0,5.0,5.0,19.0,0
30.0,0.0,0.0,31.0,5.0,19.0,0
5.0,0.0,0.0,5.0,5.0,19.0,0
1.0,0.0,0.0,1.0,5.0,18.0,0
17.0,3.096975,0.0,17.0,5.0,19.0,1
1.0,0.0,0.0,1.0,5.0,18.0,0
14.0,0.0,0.0,14.0,5.0,18.0,0
11.0,0.0,0.0,18.0,5.0,19.0,0
15.0,0.0,0.0,15.0,5.0,18.0,0
8.0,0.0,1.0,9.0,5.0,19.0,0
4.0,0.0,0.0,4.0,5.0,18.0,0
20.0,0.0,0.0,20.0,5.0,18.0,0
24.0,0.0,0.0,29.0,5.0,19.0,0
15.0,0.0,0.0,22.0,5.0,18.0,0
15.0,0.0,0.0,18.0,5.0,18.0,0
2.0,0.0,0.0,2.0,5.0,18.0,0
30.0,0.0,0.0,33.0,5.0,19.0,0
31.0,0.43413709674999995,3.0,34.0,5.0,18.0,0
9.0,0.0,0.0,9.0,5.0,18.0,0
3.0,0.0,0.0,3.0,5.0,18.0,0
11.0,0.0,2.0,13.0,5.0,19.0,0
30.0,0.0,0.0,30.0,5.0,18.0,0
9.0,0.0,0.0,10.0,5.0,19.0,0
45.0,0.48510566405000005,0.0,48.0,5.0,19.0,0
47.0,0.36281095665,0.0,57.0,5.0,18.0,0
15.0,0.0,1.0,29.0,5.0,18.0,0
1.0,0.0,0.0,1.0,5.0,18.0,0
39.0,0.0,0.0,40.0,5.0,18.0,0
15.0,0.0,0.0,15.0,5.0,18.0,0
20.0,0.0,0.0,22.0,5.0,18.0,0
1.0,0.0,0.0,1.0,5.0,18.0,0
5.0,0.0,0.0,7.0,5.0,18.0,0
13.0,0.0,0.0,13.0,5.0,18.0,0
8.0,0.0,0.0,8.0,5.0,18.0,0
8.0,0.0,0.0,8.0,5.0,18.0,0
4.0,0.0,0.0,4.0,5.0,19.0,0
24.0,0.505111111,1.0,27.0,5.0,18.0,0
7.0,0.0,0.0,7.0,5.0,19.0,0
1.0,0.0,0.0,1.0,5.0,19.0,0
16.0,0.0,0.0,16.0,5.0,18.0,0
4.0,0.0,0.0,4.0,5.0,18.0,0
6.0,0.0,0.0,8.0,5.0,19.0,0
16.0,0.0,0.0,16.0,5.0,19.0,0
14.0,0.0,2.0,24.0,5.0,19.0,0
5.0,0.0,0.0,5.0,5.0,19.0,0
3.0,0.0,0.0,8.0,5.0,19.0,0
22.0,0.0,0.0,26.0,5.0,18.0,0
10.0,0.0,0.0,10.0,5.0,18.0,0
11.0,0.0,0.0,11.0,5.0,18.0,0
79.0,1.2983510025,6.0,103.0,5.0,18.0,0
66.0,0.45811756215,0.0,70.0,5.0,18.0,1
27.0,0.0932888889,0.0,28.0,5.0,18.0,0
5.0,0.0,0.0,11.0,5.0,19.0,0
11.0,0.0,0.0,13.0,5.0,18.0,0
29.0,0.0,0.0,29.0,5.0,18.0,0
43.0,0.0,1.0,45.0,5.0,18.0,0
7.0,0.0,0.0,7.0,5.0,18.0,0
258.0,1.6805895849999999,6.0,278.0,5.0,18.0,1
33.0,0.0,1.0,40.0,5.0,18.0,0
1.0,0.0,0.0,1.0,5.0,18.0,0
26.0,0.35848087435,2.0,34.0,5.0,19.0,0
21.0,0.0,1.0,22.0,5.0,18.0,0
1.0,0.0,0.0,1.0,5.0,18.0,0
17.0,0.0,0.0,17.0,5.0,18.0,0
37.0,0.0,0.0,46.0,5.0,19.0,0
4.0,0.0,0.0,4.0,5.0,18.0,0
8.0,0.0,0.0,11.0,5.0,19.0,0
2.0,0.0,0.0,2.0,5.0,18.0,0
23.0,0.0,0.0,26.0,5.0,18.0,0
26.0,0.0,0.0,26.0,5.0,19.0,0
3.0,0.0,0.0,4.0,5.0,19.0,0
24.0,0.0,0.0,28.0,5.0,18.0,0
5.0,0.0,0.0,9.0,5.0,18.0,0
21.0,0.0,0.0,23.0,5.0,19.0,0
7.0,0.0,0.0,7.0,5.0,18.0,0
9.0,0.0,0.0,9.0,5.0,18.0,0
4.0,0.0,0.0,5.0,5.0,18.0,0
2.0,0.0,0.0,4.0,5.0,18.0,0
40.0,0.0,0.0,41.0,5.0,18.0,0
1.0,0.0,0.0,1.0,5.0,18.0,0
6.0,0.0,0.0,6.0,5.0,19.0,0
8.0,0.0,0.0,8.0,5.0,19.0,0
28.0,0.0,0.0,30.0,5.0,18.0,0
1.0,0.0,1.0,2.0,5.0,18.0,0
7.0,0.0,0.0,7.0,5.0,18.0,0
6.0,0.0,0.0,6.0,5.0,18.0,0
6.0,0.0,0.0,6.0,5.0,18.0,0
1.0,0.0,0.0,1.0,5.0,18.0,0
30.0,0.0,0.0,30.0,5.0,18.0,0
19.0,0.0,0.0,19.0,5.0,18.0,0
21.0,0.0,0.0,23.0,5.0,19.0,0
34.0,1.1400762195,3.0,43.0,5.0,18.0,0
16.0,0.0,2.0,20.0,5.0,19.0,0
3.0,0.0,0.0,3.0,5.0,19.0,0
5.0,0.0,1.0,12.0,5.0,18.0,0
20.0,0.0,0.0,23.0,5.0,18.0,0
3.0,0.0,0.0,3.0,5.0,18.0,0
22.0,0.0,0.0,24.0,5.0,18.0,0
9.0,0.0,0.0,9.0,5.0,18.0,0
61.0,0.0,0.0,73.0,5.0,18.0,0
11.0,0.0,0.0,11.0,5.0,18.0,0
1.0,0.0,0.0,1.0,5.0,18.0,0
11.0,0.0,1.0,12.0,5.0,18.0,0
46.0,0.0,0.0,50.0,5.0,18.0,0
33.0,0.0,0.0,37.0,5.0,19.0,0
7.0,0.0,0.0,7.0,5.0,18.0,0
44.0,0.0,0.0,44.0,5.0,18.0,0
37.0,0.0,0.0,44.0,5.0,18.0,0
11.0,0.0,0.0,14.0,5.0,18.0,0
3.0,0.0,0.0,3.0,5.0,18.0,0
1.0,0.0,2.0,3.0,5.0,18.0,0
80.0,0.0,0.0,80.0,5.0,18.0,0
40.0,0.0,0.0,41.0,5.0,19.0,0
5.0,0.0,0.0,5.0,5.0,19.0,0
17.0,0.0,0.0,18.0,5.0,18.0,0
3.0,0.0,0.0,3.0,5.0,18.0,0
13.0,0.0,0.0,13.0,5.0,19.0,0
2.0,0.0,0.0,2.0,5.0,19.0,0
7.0,0.0,0.0,7.0,5.0,18.0,0
7.0,0.0,0.0,7.0,5.0,18.0,0
12.0,0.0,0.0,12.0,5.0,19.0,0
32.0,0.0,3.0,40.0,5.0,18.0,0
96.0,0.17705729165,0.0,108.0,5.0,19.0,0
5.0,0.0,0.0,5.0,5.0,18.0,0
2.0,0.0,0.0,2.0,5.0,19.0,0
27.0,0.0,0.0,30.0,5.0,19.0,0
13.0,0.0,0.0,19.0,5.0,18.0,0
5.0,0.0,0.0,5.0,5.0,18.0,0
25.0,0.0,1.0,26.0,5.0,19.0,0
37.0,0.0,0.0,38.0,5.0,18.0,0
7.0,0.0,0.0,7.0,5.0,18.0,0
21.0,0.0,0.0,25.0,5.0,18.0,0
2.0,0.0,0.0,2.0,5.0,18.0,0
13.0,0.0,0.0,17.0,5.0,18.0,0
51.0,0.46473878204999997,1.0,52.0,5.0,18.0,1
35.0,0.0,0.0,35.0,5.0,18.0,0
1.0,0.0,0.0,1.0,5.0,18.0,0
17.0,0.0,0.0,17.0,5.0,18.0,0
1.0,0.0,0.0,1.0,5.0,18.0,0
21.0,0.0,0.0,21.0,5.0,18.0,0
3.0,0.0,0.0,8.0,5.0,18.0,0
34.0,0.0,0.0,35.0,5.0,18.0,0
17.0,0.0,2.0,28.0,5.0,18.0,0
1.0,0.0,0.0,1.0,5.0,18.0,0
30.0,0.0,0.0,30.0,5.0,18.0,0
11.0,0.0,0.0,11.0,5.0,18.0,0
12.0,0.0,0.0,13.0,5.0,18.0,0
62.0,0.0,0.0,68.0,5.0,19.0,0
83.0,0.34356544915,0.0,89.0,5.0,18.0,1
13.0,0.0,0.0,16.0,5.0,18.0,0
10.0,1.7996307689999997,1.0,14.0,5.0,19.0,1
12.0,0.0,0.0,12.0,5.0,18.0,0
4.0,0.0,0.0,4.0,5.0,18.0,0
37.0,0.0,0.0,40.0,5.0,19.0,0
2.0,0.0,0.0,3.0,5.0,18.0,0
3.0,0.0,0.0,3.0,5.0,19.0,0
7.0,2.6567142855,0.0,8.0,5.0,18.0,1
41.0,0.4416912963,12.0,59.0,5.0,19.0,1
173.0,0.0,6.0,195.0,5.0,18.0,0
48.0,0.530044584,2.0,56.0,5.0,18.0,1
39.0,0.27569880950000003,0.0,43.0,5.0,18.0,0
17.0,1.372569093,0.0,20.0,5.0,19.0,1
11.0,0.0,0.0,11.0,5.0,18.0,0
10.0,0.0,0.0,18.0,5.0,18.0,0
27.0,0.0,0.0,28.0,5.0,18.0,0
18.0,0.0,3.0,29.0,5.0,18.0,0
88.0,0.0,1.0,102.0,5.0,18.0,0
31.0,0.0,0.0,35.0,5.0,18.0,0
24.0,0.8921153495,0.0,27.0,5.0,18.0,1
16.0,0.0,0.0,16.0,5.0,18.0,0
6.0,0.0,0.0,6.0,5.0,18.0,0
5.0,0.0,3.0,9.0,5.0,18.0,0
16.0,0.0,0.0,18.0,5.0,19.0,0
3.0,0.0,0.0,3.0,5.0,18.0,0
16.0,0.0,0.0,17.0,5.0,18.0,0
17.0,0.0,1.0,18.0,5.0,18.0,0
58.0,0.0,0.0,58.0,5.0,18.0,0
48.0,0.835767244,2.0,53.0,5.0,18.0,0
14.0,0.0,0.0,14.0,5.0,18.0,0
40.0,0.0,0.0,44.0,5.0,18.0,0
37.0,0.10943592595,0.0,37.0,5.0,19.0,1
7.0,0.0,0.0,7.0,5.0,18.0,0
23.0,0.0,5.0,36.0,5.0,18.0,0
4.0,0.0,0.0,4.0,5.0,18.0,0
27.0,2.8864680199999997,0.0,27.0,5.0,18.0,1
1.0,0.0,0.0,1.0,5.0,18.0,0
3.0,0.0,0.0,5.0,5.0,18.0,0
22.0,0.0,0.0,25.0,5.0,19.0,0
31.0,0.10402667750000001,2.0,50.0,5.0,18.0,1
6.0,0.0,0.0,9.0,5.0,18.0,0
18.0,0.0,0.0,18.0,5.0,18.0,0
19.0,0.0,0.0,27.0,5.0,18.0,0
15.0,0.0,0.0,15.0,5.0,18.0,0
3.0,0.0,0.0,5.0,5.0,18.0,0
45.0,2.271583565,0.0,45.0,5.0,19.0,1
12.0,0.0,1.0,16.0,5.0,18.0,0
81.0,0.0,0.0,83.0,5.0,18.0,0
2.0,0.0,0.0,2.0,5.0,19.0,0
2.0,0.0,0.0,2.0,5.0,18.0,0
21.0,0.5396475350000001,0.0,23.0,5.0,18.0,1
54.0,0.0,0.0,54.0,5.0,19.0,0
37.0,0.0,1.0,43.0,5.0,18.0,0
19.0,0.0,0.0,25.0,5.0,18.0,0
10.0,0.0,0.0,10.0,5.0,18.0,0
10.0,0.0,2.0,14.0,5.0,18.0,0
1.0,0.0,0.0,1.0,5.0,18.0,0
2.0,0.0,0.0,2.0,5.0,18.0,0
9.0,0.0,0.0,9.0,5.0,19.0,0
15.0,0.0,0.0,17.0,5.0,18.0,0
8.0,0.0,0.0,12.0,5.0,19.0,0
2.0,0.0,0.0,2.0,5.0,18.0,0
12.0,0.0,0.0,12.0,5.0,19.0,0
31.0,0.42413636365,2.0,38.0,5.0,18.0,1
17.0,0.0,0.0,17.0,5.0,18.0,0
19.0,0.0,0.0,21.0,5.0,18.0,0
8.0,0.0,0.0,11.0,5.0,19.0,0
21.0,0.0,0.0,23.0,5.0,18.0,0
1.0,0.0,0.0,1.0,5.0,18.0,0
2.0,0.0,0.0,2.0,5.0,18.0,0
20.0,0.0,0.0,23.0,5.0,18.0,0
19.0,0.0,0.0,19.0,5.0,19.0,0
13.0,0.0,0.0,18.0,5.0,18.0,0
20.0,0.929238095,0.0,22.0,5.0,18.0,0
13.0,0.0,0.0,15.0,5.0,18.0,0
14.0,0.0,0.0,15.0,5.0,19.0,0
15.0,0.0,0.0,16.0,5.0,19.0,0
17.0,0.0,0.0,17.0,5.0,18.0,0
8.0,0.0,0.0,8.0,5.0,18.0,0
7.0,0.0,0.0,13.0,5.0,18.0,0
57.0,0.15389180330000002,1.0,60.0,5.0,19.0,1
58.0,0.0,0.0,61.0,5.0,18.0,0
6.0,0.0,0.0,6.0,5.0,18.0,0
12.0,0.0,0.0,12.0,5.0,19.0,0
12.0,0.0,0.0,12.0,5.0,18.0,0
2.0,0.0,0.0,2.0,5.0,19.0,0
5.0,0.0,0.0,5.0,5.0,18.0,0
46.0,0.0,4.0,50.0,5.0,18.0,0
4.0,0.0,0.0,4.0,5.0,18.0,0
27.0,0.0,0.0,27.0,5.0,18.0,0
27.0,0.0,0.0,35.0,5.0,19.0,0
23.0,0.0,0.0,25.0,5.0,18.0,0
24.0,0.32413991345,4.0,29.0,5.0,18.0,1
56.0,3.4715215975,0.0,61.0,5.0,19.0,1
111.0,0.32225257495,3.0,121.0,5.0,19.0,0
45.0,1.048572,1.0,49.0,5.0,19.0,1
44.0,0.0,2.0,54.0,5.0,18.0,0
8.0,0.0,0.0,8.0,5.0,19.0,0
1.0,0.0,0.0,1.0,5.0,18.0,0
20.0,0.0,0.0,25.0,5.0,18.0,0
28.0,0.9857344619999999,0.0,34.0,5.0,18.0,1
6.0,0.0,0.0,6.0,5.0,18.0,0
64.0,0.23210000000000003,4.0,87.0,5.0,18.0,1
10.0,0.0,0.0,10.0,5.0,18.0,0
9.0,0.0,0.0,13.0,5.0,19.0,0
26.0,0.0,1.0,34.0,5.0,18.0,0
10.0,0.0,0.0,15.0,5.0,18.0,0
7.0,0.0,0.0,7.0,5.0,18.0,0
43.0,0.0,0.0,44.0,5.0,18.0,0
10.0,0.0,0.0,10.0,5.0,18.0,0
6.0,0.0,1.0,7.0,5.0,18.0,0
7.0,0.0,0.0,7.0,5.0,18.0,0
3.0,0.0,0.0,3.0,5.0,18.0,0
21.0,0.0,0.0,21.0,5.0,18.0,0
14.0,0.0,0.0,16.0,5.0,18.0,0
38.0,0.0,1.0,42.0,5.0,18.0,0
4.0,0.0,0.0,4.0,5.0,18.0,0
2.0,0.0,0.0,3.0,5.0,18.0,0
1.0,0.0,0.0,1.0,5.0,18.0,0
7.0,0.0,0.0,7.0,5.0,18.0,0
69.0,0.2247370614,4.0,77.0,5.0,19.0,1
8.0,0.0,0.0,8.0,5.0,19.0,0
1.0,0.0,0.0,1.0,5.0,18.0,0
20.0,0.0,0.0,20.0,5.0,18.0,0
15.0,0.0,0.0,16.0,5.0,18.0,0
1.0,0.0,0.0,1.0,5.0,18.0,0
6.0,0.0,0.0,6.0,5.0,19.0,0
15.0,0.0,0.0,15.0,5.0,18.0,0
21.0,0.0,2.0,25.0,5.0,19.0,0
20.0,0.0,0.0,20.0,5.0,18.0,0
14.0,0.0,0.0,14.0,5.0,19.0,0
7.0,0.0,0.0,9.0,5.0,18.0,0
31.0,0.0,0.0,34.0,5.0,19.0,0
82.0,0.2333539634,1.0,83.0,5.0,18.0,1
3.0,0.0,0.0,3.0,5.0,18.0,0
52.0,0.3941188629,0.0,53.0,5.0,18.0,0
13.0,0.0,0.0,15.0,5.0,18.0,0
48.0,0.0,0.0,50.0,5.0,19.0,0
59.0,0.11734002130000001,6.0,70.0,5.0,18.0,0
38.0,0.0,0.0,38.0,5.0,19.0,0
41.0,0.0,0.0,42.0,5.0,18.0,0
3.0,0.0,0.0,3.0,5.0,18.0,0
20.0,0.0,0.0,20.0,5.0,18.0,0
9.0,0.0,0.0,9.0,5.0,18.0,0
29.0,0.0,1.0,33.0,5.0,18.0,0
3.0,0.0,1.0,7.0,5.0,18.0,0
7.0,0.0,0.0,8.0,5.0,18.0,0
13.0,0.0,0.0,13.0,5.0,18.0,0
50.0,0.1804699257,0.0,50.0,5.0,19.0,1
37.0,0.0,0.0,40.0,5.0,18.0,0
28.0,2.605409091,0.0,34.0,5.0,18.0,1
14.0,0.0,0.0,21.0,5.0,19.0,0
13.0,0.0,0.0,14.0,5.0,19.0,0
15.0,0.0,0.0,20.0,5.0,18.0,0
17.0,1.6322605265,2.0,21.0,5.0,18.0,0
7.0,0.0,0.0,7.0,5.0,18.0,0
14.0,1.56547182,0.0,14.0,5.0,18.0,1
16.0,0.0,0.0,16.0,5.0,18.0,0
49.0,2.168081845,3.0,58.0,5.0,18.0,1
26.0,0.0,0.0,28.0,5.0,18.0,0
16.0,0.0,0.0,16.0,5.0,18.0,0
1.0,0.0,0.0,1.0,5.0,18.0,0
11.0,0.0,0.0,11.0,5.0,18.0,0
4.0,0.0,0.0,4.0,5.0,19.0,0
16.0,0.0,0.0,16.0,5.0,18.0,0
21.0,0.0,0.0,21.0,5.0,18.0,0
17.0,0.0,0.0,19.0,5.0,18.0,0
109.0,0.12633084325,3.0,127.0,5.0,18.0,0
51.0,0.0,0.0,53.0,5.0,19.0,0
11.0,0.0,0.0,11.0,5.0,19.0,0
83.0,0.10431092465,2.0,91.0,5.0,18.0,1
24.0,0.0,0.0,31.0,5.0,19.0,0
1.0,0.0,0.0,1.0,5.0,18.0,0
19.0,0.0,0.0,21.0,5.0,18.0,0
11.0,0.0,2.0,13.0,5.0,18.0,0
71.0,0.43000215475000003,3.0,85.0,5.0,19.0,0
29.0,0.0,0.0,29.0,5.0,19.0,0
23.0,0.457504,0.0,26.0,5.0,18.0,1
9.0,0.0,0.0,9.0,5.0,18.0,0
7.0,0.0,0.0,7.0,5.0,19.0,0
28.0,0.0,0.0,32.0,5.0,18.0,0
17.0,0.7832225855,1.0,22.0,5.0,18.0,1
12.0,0.0,1.0,13.0,5.0,18.0,0
8.0,0.0,0.0,8.0,5.0,18.0,0
6.0,0.0,0.0,6.0,5.0,18.0,0
16.0,0.0,0.0,18.0,5.0,19.0,0
35.0,0.0,0.0,44.0,5.0,19.0,0
3.0,0.0,0.0,3.0,5.0,18.0,0
13.0,0.0,0.0,13.0,5.0,18.0,0
13.0,0.0,0.0,13.0,5.0,18.0,0
22.0,0.0,1.0,27.0,5.0,19.0,0
6.0,0.0,0.0,9.0,5.0,18.0,0
16.0,0.0,0.0,18.0,5.0,18.0,0
17.0,0.0,0.0,18.0,5.0,19.0,0
62.0,0.39455855030000003,1.0,72.0,5.0,18.0,0
12.0,0.0,0.0,12.0,5.0,18.0,0
3.0,0.0,0.0,3.0,5.0,18.0,0
287.0,0.05440791155,7.0,304.0,5.0,18.0,0
6.0,0.0,0.0,6.0,5.0,18.0,0
6.0,0.0,0.0,8.0,5.0,18.0,0
53.0,2.230599926,2.0,58.0,5.0,19.0,1
5.0,0.0,0.0,5.0,5.0,18.0,0
2.0,0.0,0.0,2.0,5.0,18.0,0
3.0,0.0,0.0,3.0,5.0,18.0,0
15.0,2.7427715,1.0,17.0,5.0,18.0,0
8.0,0.0,0.0,8.0,5.0,18.0,0
6.0,0.0,0.0,8.0,5.0,19.0,0
41.0,0.0,0.0,44.0,5.0,18.0,0
42.0,0.650091981,6.0,55.0,5.0,19.0,1
8.0,0.0,0.0,8.0,5.0,19.0,0
6.0,0.0,0.0,6.0,5.0,19.0,0
22.0,1.1931796430000001,0.0,22.0,5.0,18.0,1
4.0,0.0,0.0,4.0,5.0,18.0,0
18.0,0.0,0.0,24.0,5.0,18.0,0
4.0,0.0,0.0,7.0,5.0,19.0,0
5.0,0.0,0.0,7.0,5.0,18.0,0
22.0,0.0,2.0,24.0,5.0,18.0,0
3.0,0.0,0.0,3.0,5.0,18.0,0
5.0,0.0,0.0,6.0,5.0,18.0,0
10.0,0.0,0.0,10.0,5.0,18.0,0
3.0,0.0,0.0,3.0,5.0,18.0,0
7.0,0.0,0.0,7.0,5.0,18.0,0
5.0,0.0,0.0,5.0,5.0,18.0,0
51.0,0.0,0.0,51.0,5.0,18.0,0
30.0,0.0,1.0,33.0,5.0,18.0,0
13.0,0.0,0.0,13.0,5.0,18.0,0
66.0,1.4729075745,1.0,72.0,5.0,19.0,0
11.0,0.0,0.0,12.0,5.0,19.0,0
36.0,0.0,1.0,41.0,5.0,18.0,0
4.0,0.0,0.0,4.0,5.0,18.0,0
4.0,0.0,0.0,4.0,5.0,18.0,0
12.0,0.0,0.0,17.0,5.0,19.0,0
36.0,0.0,0.0,39.0,5.0,19.0,0
8.0,0.0,0.0,15.0,5.0,19.0,0
15.0,0.0,0.0,17.0,5.0,19.0,0
35.0,0.15743076925,0.0,40.0,5.0,18.0,1
27.0,0.0,0.0,30.0,5.0,19.0,0
3.0,0.0,0.0,3.0,5.0,18.0,0
19.0,0.0,0.0,22.0,5.0,19.0,0
6.0,0.0,0.0,6.0,5.0,18.0,0
63.0,0.0,0.0,68.0,5.0,19.0,0
32.0,0.0,0.0,32.0,5.0,18.0,0
26.0,0.0,2.0,36.0,5.0,18.0,0
27.0,0.1845672414,1.0,32.0,5.0,18.0,1
17.0,0.0,0.0,21.0,5.0,18.0,0
7.0,0.0,0.0,7.0,5.0,19.0,0
35.0,0.7664550795,5.0,49.0,5.0,18.0,0
12.0,0.0,0.0,16.0,5.0,18.0,0
15.0,0.0,1.0,16.0,5.0,18.0,0
17.0,0.0,0.0,24.0,5.0,18.0,0
2.0,0.0,0.0,2.0,5.0,19.0,0
52.0,0.555382525,4.0,64.0,5.0,18.0,1
42.0,0.0,0.0,49.0,5.0,18.0,0
35.0,0.0,4.0,44.0,5.0,18.0,0
3.0,0.0,0.0,3.0,5.0,18.0,0
27.0,0.42489677419999994,0.0,31.0,5.0,19.0,0
8.0,1.2593999999999999,0.0,8.0,5.0,18.0,1
31.0,0.0,0.0,33.0,5.0,19.0,0
13.0,0.0,0.0,13.0,5.0,18.0,0
21.0,0.0,0.0,21.0,5.0,18.0,0
6.0,0.0,0.0,7.0,5.0,18.0,0
21.0,3.7533907859999998,0.0,27.0,5.0,19.0,1
3.0,0.0,0.0,3.0,5.0,18.0,0
3.0,0.0,0.0,3.0,5.0,18.0,0
84.0,0.0,1.0,90.0,5.0,19.0,0
12.0,0.0,0.0,12.0,5.0,18.0,0
78.0,0.0,0.0,78.0,5.0,18.0,0
7.0,0.0,0.0,10.0,5.0,18.0,0
1.0,0.0,0.0,1.0,5.0,19.0,0
36.0,0.0,0.0,41.0,5.0,18.0,0
1.0,0.0,0.0,1.0,5.0,18.0,0
24.0,0.0,0.0,32.0,5.0,19.0,0
35.0,0.0,0.0,38.0,5.0,19.0,0
6.0,0.0,0.0,6.0,5.0,18.0,0
31.0,0.4354162162,2.0,34.0,5.0,19.0,0
41.0,1.0611933675,3.0,53.0,5.0,18.0,0
10.0,0.8769,0.0,10.0,5.0,19.0,1
22.0,0.0,0.0,22.0,5.0,18.0,0
7.0,0.0,0.0,7.0,5.0,18.0,0
1.0,0.0,0.0,2.0,5.0,18.0,0
40.0,0.0,0.0,49.0,5.0,18.0,0
5.0,0.0,0.0,6.0,5.0,19.0,0
137.0,0.49650935025000004,0.0,146.0,5.0,18.0,0
3.0,0.0,0.0,6.0,5.0,18.0,0
18.0,0.0,0.0,20.0,5.0,18.0,0
5.0,0.0,0.0,8.0,5.0,19.0,0
5.0,0.0,0.0,5.0,5.0,18.0,0
1.0,0.0,0.0,1.0,5.0,18.0,0
24.0,0.0,0.0,24.0,5.0,18.0,0
47.0,0.0,1.0,49.0,5.0,18.0,0
27.0,0.0,0.0,27.0,5.0,18.0,0
9.0,0.0,0.0,9.0,5.0,18.0,0
38.0,0.41120842714999994,5.0,48.0,5.0,19.0,0
12.0,0.0,0.0,12.0,5.0,18.0,0
5.0,1.5594,0.0,6.0,5.0,19.0,1
1.0,0.0,0.0,1.0,5.0,18.0,0
16.0,0.0,0.0,19.0,5.0,18.0,0
11.0,0.0,0.0,11.0,5.0,18.0,0
15.0,0.0,0.0,15.0,5.0,18.0,0
9.0,2.1898586819999997,0.0,9.0,5.0,18.0,0
25.0,0.0,0.0,25.0,5.0,18.0,0
10.0,3.1794000000000002,0.0,10.0,5.0,19.0,1
4.0,0.0,2.0,9.0,5.0,18.0,0
43.0,0.165554,5.0,51.0,5.0,19.0,1
57.0,0.164934,6.0,74.0,5.0,18.0,0
2.0,0.0,0.0,2.0,5.0,19.0,0
3.0,0.0,0.0,3.0,5.0,19.0,0
4.0,0.0,3.0,11.0,5.0,18.0,0
1.0,0.0,0.0,5.0,5.0,18.0,0
9.0,0.0,0.0,9.0,5.0,19.0,0
66.0,0.0,0.0,70.0,5.0,18.0,0
9.0,0.0,0.0,9.0,5.0,18.0,0
13.0,0.0,0.0,13.0,5.0,19.0,0
13.0,0.0,0.0,14.0,5.0,19.0,0
53.0,0.0,0.0,65.0,5.0,18.0,0
6.0,0.0,0.0,6.0,5.0,19.0,0
6.0,0.0,2.0,18.0,5.0,18.0,0
20.0,0.0,1.0,25.0,5.0,18.0,0
30.0,0.0,0.0,30.0,5.0,18.0,0
20.0,0.0,2.0,26.0,5.0,18.0,0
1.0,0.0,0.0,1.0,5.0,18.0,0
18.0,0.0,3.0,23.0,5.0,19.0,0
113.0,0.0,0.0,119.0,5.0,18.0,0
29.0,0.0,4.0,39.0,5.0,18.0,0
8.0,0.0,0.0,8.0,5.0,18.0,0
2.0,0.0,0.0,2.0,5.0,18.0,0
16.0,0.0,0.0,16.0,5.0,18.0,0
1.0,0.0,0.0,1.0,5.0,18.0,0
8.0,0.0,0.0,8.0,5.0,18.0,0
30.0,0.11521612905,2.0,36.0,5.0,18.0,0
49.0,0.0,0.0,62.0,5.0,18.0,0
1.0,0.0,0.0,1.0,5.0,18.0,0
12.0,0.0,0.0,15.0,5.0,18.0,0
6.0,0.0,0.0,6.0,5.0,19.0,0
5.0,0.0,0.0,5.0,5.0,18.0,0
7.0,0.0,4.0,11.0,5.0,18.0,0
34.0,0.0,0.0,34.0,5.0,18.0,0
22.0,1.6766637889999998,0.0,26.0,5.0,18.0,1
19.0,0.0,1.0,24.0,5.0,18.0,0
7.0,0.0,0.0,12.0,5.0,18.0,0
1.0,0.0,0.0,1.0,5.0,19.0,0
20.0,0.0,0.0,20.0,5.0,18.0,0
39.0,1.0058756445,0.0,50.0,5.0,18.0,0
1.0,0.0,0.0,1.0,5.0,19.0,0
8.0,0.0,0.0,11.0,5.0,18.0,0
1.0,0.0,0.0,1.0,5.0,18.0,0
43.0,0.1457755814,0.0,46.0,5.0,18.0,0
4.0,0.0,0.0,9.0,5.0,19.0,0
42.0,0.0,0.0,42.0,5.0,18.0,0
2.0,0.0,0.0,2.0,5.0,18.0,0
89.0,0.0,0.0,97.0,5.0,18.0,0
5.0,0.0,0.0,5.0,5.0,18.0,0
13.0,1.7918546549999999,0.0,13.0,5.0,18.0,1
17.0,3.108443182,3.0,25.0,5.0,18.0,0
1.0,0.0,0.0,1.0,5.0,18.0,0
4.0,0.0,0.0,4.0,5.0,19.0,0
11.0,0.0,0.0,14.0,5.0,18.0,0
2.0,0.0,0.0,2.0,5.0,18.0,0
6.0,0.0,0.0,6.0,5.0,19.0,0
9.0,0.0,0.0,11.0,5.0,18.0,0
10.0,0.0,0.0,13.0,5.0,19.0,0
17.0,0.0,0.0,19.0,5.0,18.0,0
16.0,0.0,0.0,16.0,5.0,18.0,0
68.0,0.20476444594999998,0.0,69.0,5.0,18.0,0
55.0,0.0,2.0,71.0,5.0,18.0,0
25.0,0.0,0.0,25.0,5.0,19.0,0
33.0,0.0,0.0,33.0,5.0,19.0,0
19.0,0.0,0.0,19.0,5.0,18.0,0
3.0,0.0,0.0,8.0,5.0,18.0,0
9.0,0.0,0.0,13.0,5.0,18.0,0
15.0,0.0,0.0,19.0,5.0,18.0,0
9.0,0.0,0.0,9.0,5.0,18.0,0
1.0,0.0,0.0,1.0,5.0,18.0,0
3.0,0.0,0.0,7.0,5.0,18.0,0
4.0,0.0,0.0,4.0,5.0,19.0,0
14.0,0.0,0.0,14.0,5.0,18.0,0
7.0,0.0,0.0,7.0,5.0,18.0,0
90.0,0.6732031540000001,2.0,103.0,5.0,18.0,1
12.0,0.0,0.0,12.0,5.0,18.0,0
12.0,0.0,0.0,14.0,5.0,18.0,0
17.0,0.0,0.0,17.0,5.0,18.0,0
27.0,1.419667746,0.0,28.0,5.0,18.0,1
5.0,0.0,0.0,6.0,5.0,19.0,0
7.0,0.0,0.0,7.0,5.0,18.0,0
5.0,0.0,0.0,10.0,5.0,19.0,0
6.0,0.0,0.0,7.0,5.0,19.0,0
6.0,0.0,0.0,6.0,5.0,18.0,0
15.0,0.0,0.0,17.0,5.0,18.0,0
11.0,0.0,0.0,12.0,5.0,19.0,0
8.0,0.0,0.0,13.0,5.0,19.0,0
8.0,0.0,0.0,8.0,5.0,18.0,0
1.0,0.0,0.0,1.0,5.0,19.0,0
19.0,0.0,0.0,19.0,5.0,18.0,0
39.0,0.0,0.0,40.0,5.0,18.0,0
61.0,0.0,1.0,72.0,5.0,18.0,0
9.0,0.0,0.0,9.0,5.0,18.0,0
8.0,0.0,0.0,8.0,5.0,18.0,0
15.0,0.0,0.0,15.0,5.0,18.0,0
32.0,0.0,0.0,32.0,5.0,18.0,0
23.0,0.0,0.0,27.0,5.0,18.0,0
14.0,0.0,0.0,16.0,5.0,19.0,0
14.0,0.0,0.0,18.0,5.0,18.0,0
1.0,0.0,0.0,1.0,5.0,18.0,0
15.0,0.0,0.0,15.0,5.0,18.0,0
3.0,0.0,0.0,3.0,5.0,19.0,0
22.0,0.0,0.0,22.0,5.0,18.0,0
3.0,0.0,0.0,3.0,5.0,18.0,0
23.0,0.0,0.0,27.0,5.0,19.0,0
2.0,0.0,0.0,2.0,5.0,19.0,0
11.0,0.0,0.0,13.0,5.0,18.0,0
2.0,0.0,0.0,2.0,5.0,18.0,0
3.0,0.0,0.0,3.0,5.0,18.0,0
7.0,0.0,0.0,7.0,5.0,18.0,0
18.0,0.0,0.0,20.0,5.0,19.0,0
11.0,0.0,0.0,13.0,5.0,18.0,0
34.0,0.0,3.0,39.0,5.0,18.0,0
4.0,0.0,0.0,4.0,5.0,18.0,0
7.0,0.0,0.0,10.0,5.0,19.0,0
10.0,0.0,0.0,10.0,5.0,18.0,0
15.0,0.0,0.0,17.0,5.0,18.0,0
2.0,0.0,0.0,2.0,5.0,19.0,0
2.0,0.0,0.0,2.0,5.0,18.0,0
5.0,0.0,0.0,5.0,5.0,18.0,0
67.0,0.0,0.0,70.0,5.0,18.0,0
83.0,0.33133238705,6.0,96.0,5.0,18.0,0
4.0,0.0,0.0,4.0,5.0,18.0,0
12.0,0.0,0.0,12.0,5.0,18.0,0
12.0,0.5417155185,0.0,13.0,5.0,18.0,1
16.0,0.9432449999999999,0.0,20.0,5.0,18.0,0
7.0,0.0,0.0,7.0,5.0,18.0,0
19.0,1.5325227275,0.0,22.0,5.0,19.0,1
3.0,0.0,0.0,3.0,5.0,19.0,0
1.0,0.0,0.0,1.0,5.0,18.0,0
3.0,0.0,0.0,3.0,5.0,18.0,0
66.0,0.0,1.0,69.0,5.0,18.0,0
65.0,0.0,3.0,69.0,5.0,19.0,0
17.0,0.0,0.0,17.0,5.0,18.0,0
21.0,0.0,0.0,21.0,5.0,18.0,0
35.0,0.0,0.0,36.0,5.0,19.0,0
50.0,0.0,1.0,60.0,5.0,19.0,0
7.0,3.236625,0.0,8.0,5.0,19.0,1
54.0,0.0,0.0,57.0,5.0,18.0,0
6.0,0.0,0.0,6.0,5.0,18.0,0
6.0,0.0,0.0,6.0,5.0,18.0,0
12.0,0.0,0.0,12.0,5.0,18.0,0
1.0,0.0,0.0,1.0,5.0,18.0,0
6.0,0.0,0.0,6.0,5.0,18.0,0
31.0,1.7551891394999999,0.0,36.0,5.0,19.0,1
49.0,7.21967444,1.0,51.0,5.0,19.0,1
60.0,0.0,2.0,68.0,5.0,18.0,0
9.0,0.0,0.0,9.0,5.0,18.0,0
9.0,0.0,0.0,9.0,5.0,19.0,0
8.0,0.0,0.0,12.0,5.0,19.0,0
3.0,0.0,0.0,3.0,5.0,18.0,0
40.0,0.0,0.0,40.0,5.0,18.0,0
8.0,0.0,0.0,8.0,5.0,18.0,0
14.0,0.0,0.0,20.0,5.0,19.0,0
1.0,0.0,0.0,1.0,5.0,18.0,0
6.0,0.0,0.0,6.0,5.0,18.0,0
3.0,0.0,0.0,3.0,5.0,18.0,0
1.0,0.0,0.0,1.0,5.0,19.0,0
30.0,0.0,0.0,33.0,5.0,19.0,0
28.0,0.0,0.0,32.0,5.0,18.0,0
4.0,0.0,0.0,4.0,5.0,18.0,0
17.0,0.0,0.0,17.0,5.0,18.0,0
20.0,3.0022748325,0.0,22.0,5.0,18.0,1
28.0,0.0,0.0,31.0,5.0,18.0,0
47.0,0.28493214285,3.0,56.0,5.0,18.0,1
9.0,0.0,0.0,9.0,5.0,18.0,0
20.0,0.0,0.0,20.0,5.0,18.0,0
13.0,0.0,0.0,14.0,5.0,19.0,0
50.0,0.0,0.0,54.0,5.0,18.0,0
3.0,0.0,0.0,3.0,5.0,18.0,0
38.0,0.0,1.0,39.0,5.0,18.0,0
39.0,0.0,0.0,43.0,5.0,19.0,0
21.0,0.0,0.0,21.0,5.0,18.0,0
3.0,0.0,0.0,3.0,5.0,18.0,0
27.0,0.4514203342,0.0,27.0,5.0,18.0,0
34.0,0.5886836805,0.0,34.0,5.0,18.0,0
11.0,0.0,2.0,13.0,5.0,18.0,0
37.0,0.0,0.0,37.0,5.0,19.0,0
13.0,0.0,0.0,13.0,5.0,18.0,0
17.0,0.0,0.0,22.0,5.0,18.0,0
10.0,0.0,0.0,10.0,5.0,18.0,0
3.0,0.0,0.0,3.0,5.0,19.0,0
20.0,0.0,0.0,20.0,5.0,18.0,0
27.0,0.0,0.0,27.0,5.0,19.0,0
16.0,0.0,1.0,18.0,5.0,18.0,0
21.0,0.0,0.0,21.0,5.0,18.0,0
8.0,0.0,0.0,10.0,5.0,18.0,0
24.0,1.096260674,0.0,24.0,5.0,18.0,0
4.0,0.0,0.0,4.0,5.0,18.0,0
7.0,0.0,0.0,7.0,5.0,18.0,0
9.0,0.0,0.0,12.0,5.0,18.0,0
11.0,0.0,3.0,21.0,5.0,19.0,0
22.0,0.0,2.0,25.0,5.0,18.0,0
6.0,0.0,0.0,6.0,5.0,18.0,0
10.0,0.0,0.0,10.0,5.0,18.0,0
9.0,0.0,1.0,10.0,5.0,19.0,0
22.0,0.0,1.0,25.0,5.0,18.0,0
104.0,0.0,1.0,115.0,5.0,19.0,0
8.0,0.0,0.0,8.0,5.0,19.0,0
1.0,0.0,0.0,1.0,5.0,18.0,0
54.0,1.870907098,2.0,71.0,5.0,19.0,0
23.0,1.6573924585,2.0,31.0,5.0,19.0,1
24.0,0.0,0.0,24.0,5.0,19.0,0
19.0,0.0,0.0,22.0,5.0,18.0,0
5.0,0.0,0.0,5.0,5.0,18.0,0
13.0,0.0,0.0,13.0,5.0,18.0,0
3.0,0.0,0.0,6.0,5.0,18.0,0
31.0,0.0,5.0,36.0,5.0,18.0,0
19.0,0.0,0.0,20.0,5.0,18.0,0
19.0,0.0,0.0,19.0,5.0,18.0,0
13.0,2.03966,3.0,16.0,5.0,19.0,1
2.0,0.0,0.0,2.0,5.0,18.0,0
61.0,0.0,0.0,64.0,5.0,18.0,0
1.0,0.0,0.0,1.0,5.0,18.0,0
1.0,0.0,0.0,1.0,5.0,18.0,0
13.0,0.0,0.0,13.0,5.0,18.0,0
12.0,0.0,0.0,12.0,5.0,19.0,0
16.0,0.0,0.0,19.0,5.0,18.0,0
2.0,0.0,0.0,2.0,5.0,18.0,0
3.0,0.0,0.0,3.0,5.0,18.0,0
5.0,0.0,0.0,6.0,5.0,18.0,0
2.0,0.0,0.0,2.0,5.0,18.0,0
12.0,0.0,0.0,14.0,5.0,18.0,0
9.0,0.0,0.0,9.0,5.0,18.0,0
37.0,0.0,0.0,38.0,5.0,18.0,0
5.0,0.0,0.0,5.0,5.0,18.0,0
55.0,0.734162261,3.0,67.0,5.0,18.0,0
4.0,0.0,0.0,4.0,5.0,18.0,0
1.0,0.0,0.0,1.0,5.0,18.0,0
5.0,0.0,0.0,5.0,5.0,18.0,0
2.0,0.0,0.0,2.0,5.0,18.0,0
6.0,0.0,0.0,6.0,5.0,18.0,0
18.0,0.0,0.0,19.0,5.0,18.0,0
17.0,0.0,0.0,19.0,5.0,18.0,0
8.0,0.0,0.0,13.0,5.0,18.0,0
9.0,0.0,0.0,9.0,5.0,19.0,0
3.0,0.0,2.0,8.0,5.0,19.0,0
1.0,0.0,0.0,1.0,5.0,18.0,0
1.0,0.0,0.0,1.0,5.0,18.0,0
37.0,0.61789236,0.0,38.0,5.0,18.0,1
24.0,0.0,0.0,28.0,5.0,18.0,0
129.0,0.0,0.0,132.0,5.0,18.0,0
12.0,0.0,0.0,17.0,5.0,18.0,0
11.0,0.0,0.0,11.0,5.0,18.0,0
56.0,0.0,0.0,56.0,5.0,18.0,0
19.0,0.0,0.0,19.0,5.0,19.0,0
13.0,0.0,0.0,14.0,5.0,18.0,0
18.0,0.0,0.0,24.0,5.0,19.0,0
2.0,0.0,0.0,2.0,5.0,19.0,0
1.0,0.0,0.0,1.0,5.0,19.0,0
3.0,0.0,0.0,3.0,5.0,18.0,0
15.0,0.0,1.0,16.0,5.0,18.0,0
28.0,0.5082585785,0.0,38.0,5.0,18.0,1
11.0,0.0,0.0,11.0,5.0,19.0,0
14.0,0.0,0.0,15.0,5.0,18.0,0
8.0,0.0,0.0,9.0,5.0,19.0,0
16.0,0.664177778,0.0,17.0,5.0,18.0,1
3.0,0.0,0.0,3.0,5.0,18.0,0
13.0,0.0,1.0,14.0,5.0,18.0,0
17.0,0.0,0.0,18.0,5.0,18.0,0
9.0,0.0,0.0,10.0,5.0,18.0,0
3.0,0.0,0.0,5.0,5.0,18.0,0
11.0,0.0,3.0,15.0,5.0,18.0,0
3.0,0.0,0.0,3.0,5.0,18.0,0
1.0,0.0,0.0,1.0,5.0,18.0,0
1.0,0.0,0.0,1.0,5.0,18.0,0
20.0,1.673888661,1.0,21.0,5.0,18.0,1
2.0,0.0,0.0,2.0,5.0,18.0,0
29.0,0.0,0.0,30.0,5.0,19.0,0
4.0,0.0,0.0,4.0,5.0,18.0,0
30.0,1.0524320834999998,0.0,30.0,5.0,18.0,1
1.0,0.0,0.0,1.0,5.0,18.0,0
18.0,0.0,1.0,21.0,5.0,18.0,0
12.0,0.0,0.0,12.0,5.0,18.0,0
7.0,0.0,0.0,8.0,5.0,18.0,0
1.0,0.0,0.0,1.0,5.0,18.0,0
3.0,0.0,0.0,4.0,5.0,18.0,0
63.0,0.9977861485,0.0,72.0,5.0,18.0,1
19.0,0.543463025,0.0,21.0,5.0,19.0,1
12.0,0.0,0.0,18.0,5.0,19.0,0
56.0,0.5185211865,1.0,63.0,5.0,18.0,1
7.0,0.0,0.0,7.0,5.0,19.0,0
3.0,0.0,0.0,3.0,5.0,18.0,0
17.0,0.0060349957,0.0,21.0,5.0,18.0,1
7.0,0.0,0.0,7.0,5.0,19.0,0
7.0,0.0,0.0,11.0,5.0,18.0,0
3.0,0.0,0.0,3.0,5.0,18.0,0
6.0,0.0,0.0,9.0,5.0,18.0,0
17.0,0.0,0.0,19.0,5.0,18.0,0
30.0,0.0,0.0,33.0,5.0,18.0,0
20.0,2.0675036015,0.0,22.0,5.0,18.0,1
77.0,0.0,0.0,77.0,5.0,18.0,0
5.0,0.0,0.0,5.0,5.0,19.0,0
6.0,0.0,0.0,6.0,5.0,18.0,0
8.0,0.0,0.0,8.0,5.0,18.0,0
68.0,0.0,0.0,72.0,5.0,18.0,0
6.0,0.0,0.0,6.0,5.0,18.0,0
53.0,0.0,4.0,59.0,5.0,19.0,0
6.0,0.0,0.0,6.0,5.0,18.0,0
30.0,0.0,0.0,30.0,5.0,18.0,0
7.0,0.0,0.0,9.0,5.0,18.0,0
12.0,0.0,0.0,12.0,5.0,18.0,0
23.0,0.0,0.0,28.0,5.0,18.0,0
35.0,0.0,0.0,39.0,5.0,18.0,0
5.0,0.0,0.0,5.0,5.0,18.0,0
6.0,0.0,0.0,9.0,5.0,19.0,0
9.0,0.0,0.0,13.0,5.0,18.0,0
17.0,0.0,0.0,17.0,5.0,18.0,0
1.0,0.0,0.0,1.0,5.0,18.0,0
1.0,0.0,0.0,1.0,5.0,18.0,0
14.0,0.0,0.0,14.0,5.0,18.0,0
3.0,0.0,0.0,3.0,5.0,18.0,0
8.0,0.0,0.0,8.0,5.0,19.0,0
33.0,0.0,4.0,46.0,5.0,18.0,0
6.0,3.8979999999999997,0.0,6.0,5.0,19.0,1
4.0,0.0,0.0,4.0,5.0,18.0,0
47.0,0.0,1.0,51.0,5.0,19.0,0
9.0,0.0,0.0,9.0,5.0,19.0,0
4.0,0.0,0.0,4.0,5.0,18.0,0
23.0,0.0,0.0,25.0,5.0,19.0,0
3.0,0.0,0.0,3.0,5.0,18.0,0
38.0,0.0,2.0,40.0,5.0,18.0,0
6.0,0.0,0.0,6.0,5.0,18.0,0
40.0,0.0,0.0,40.0,5.0,18.0,0
43.0,0.0,0.0,45.0,5.0,18.0,0
12.0,0.0,0.0,12.0,5.0,18.0,0
54.0,0.2575331801,0.0,65.0,5.0,18.0,0
10.0,0.0,0.0,10.0,5.0,19.0,0
48.0,1.0161940525,0.0,57.0,5.0,19.0,1
26.0,0.0,0.0,26.0,5.0,19.0,0
5.0,0.0,0.0,5.0,5.0,19.0,0
1.0,0.0,0.0,1.0,5.0,18.0,0
21.0,0.0,0.0,21.0,5.0,18.0,0
6.0,0.0,0.0,6.0,5.0,19.0,0
3.0,0.0,0.0,3.0,5.0,18.0,0
8.0,0.0,0.0,8.0,5.0,18.0,0
33.0,0.0,0.0,36.0,5.0,18.0,0
5.0,0.0,0.0,5.0,5.0,18.0,0
3.0,0.0,0.0,3.0,5.0,18.0,0
3.0,0.0,0.0,3.0,5.0,19.0,0
28.0,0.0,1.0,32.0,5.0,18.0,0
7.0,0.0,0.0,8.0,5.0,18.0,0
8.0,0.0,0.0,12.0,5.0,18.0,0
24.0,0.0,0.0,25.0,5.0,18.0,0
11.0,0.0,0.0,11.0,5.0,18.0,0
11.0,0.0,0.0,11.0,5.0,18.0,0
11.0,2.2875199999999998,2.0,16.0,5.0,18.0,1
42.0,1.3564021005,0.0,44.0,5.0,18.0,0
46.0,0.0,2.0,49.0,5.0,18.0,0
22.0,0.0,3.0,30.0,5.0,18.0,0
18.0,0.0,0.0,18.0,5.0,19.0,0
28.0,0.0,0.0,30.0,5.0,18.0,0
19.0,0.0,0.0,19.0,5.0,18.0,0
20.0,0.0,0.0,27.0,5.0,18.0,0
6.0,1.7745000000000002,0.0,6.0,5.0,18.0,1
16.0,0.0,0.0,16.0,5.0,18.0,0
17.0,0.0,0.0,17.0,5.0,18.0,0
19.0,0.8169714284999999,1.0,22.0,5.0,18.0,0
18.0,0.0,0.0,18.0,5.0,18.0,0
13.0,0.0,0.0,17.0,5.0,18.0,0
1.0,0.0,0.0,1.0,5.0,18.0,0
6.0,0.0,0.0,6.0,5.0,18.0,0
11.0,0.0,0.0,16.0,5.0,18.0,0
10.0,0.0,3.0,13.0,5.0,19.0,0
5.0,0.0,0.0,5.0,5.0,19.0,0
10.0,0.0,0.0,10.0,5.0,18.0,0
12.0,0.0,0.0,12.0,5.0,18.0,0
6.0,0.0,3.0,14.0,5.0,18.0,0
6.0,0.0,4.0,14.0,5.0,18.0,0
3.0,0.0,0.0,3.0,5.0,18.0,0
20.0,0.0,0.0,20.0,5.0,18.0,0
26.0,0.0,1.0,34.0,5.0,18.0,0
16.0,0.5390681820000001,0.0,27.0,5.0,18.0,0
8.0,0.0,0.0,9.0,5.0,19.0,0
5.0,0.0,0.0,5.0,5.0,19.0,0
35.0,0.0,0.0,37.0,5.0,19.0,0
17.0,0.0,1.0,29.0,5.0,18.0,0
5.0,0.0,0.0,5.0,5.0,18.0,0
59.0,0.4283713433,0.0,65.0,5.0,19.0,1
24.0,0.0,0.0,27.0,5.0,18.0,0
1.0,0.0,0.0,1.0,5.0,18.0,0
6.0,0.0,0.0,6.0,5.0,18.0,0
20.0,0.0,0.0,22.0,5.0,19.0,0
17.0,0.0,0.0,18.0,5.0,18.0,0
5.0,0.0,0.0,5.0,5.0,18.0,0
8.0,0.0,0.0,8.0,5.0,18.0,0
2.0,0.0,0.0,2.0,5.0,18.0,0
11.0,0.0,0.0,11.0,5.0,18.0,0
15.0,0.0,0.0,15.0,5.0,18.0,0
32.0,0.0,0.0,33.0,5.0,19.0,0
4.0,0.0,0.0,4.0,5.0,18.0,0
17.0,0.0,0.0,17.0,5.0,18.0,0
3.0,0.0,0.0,3.0,5.0,18.0,0
9.0,2.6627666665,1.0,10.0,5.0,19.0,1
3.0,0.0,0.0,3.0,5.0,18.0,0
20.0,0.0,0.0,20.0,5.0,18.0,0
16.0,0.0,1.0,22.0,5.0,19.0,0
36.0,0.0,0.0,41.0,5.0,19.0,0
10.0,0.0,0.0,13.0,5.0,18.0,0
15.0,1.4621625,0.0,17.0,5.0,18.0,1
5.0,0.0,0.0,5.0,5.0,18.0,0
24.0,0.0,0.0,26.0,5.0,18.0,0
2.0,0.0,0.0,2.0,5.0,18.0,0
4.0,0.0,0.0,4.0,5.0,18.0,0
4.0,0.0,0.0,4.0,5.0,18.0,0
36.0,0.0,0.0,38.0,5.0,19.0,0
30.0,0.0,0.0,35.0,5.0,18.0,0
25.0,0.0,0.0,31.0,5.0,19.0,0
14.0,0.0,0.0,17.0,5.0,18.0,0
13.0,0.0,0.0,15.0,5.0,18.0,0
13.0,1.6704999999999999,1.0,14.0,5.0,18.0,1
20.0,1.6289156500000002,0.0,22.0,5.0,18.0,0
1.0,0.0,0.0,1.0,5.0,18.0,0
30.0,0.0,0.0,37.0,5.0,18.0,0
3.0,0.0,0.0,3.0,5.0,19.0,0
17.0,0.0,2.0,23.0,5.0,18.0,0
12.0,1.3879524625,0.0,15.0,5.0,19.0,1
8.0,0.0,0.0,10.0,5.0,19.0,0
46.0,0.8473218964999999,1.0,51.0,5.0,18.0,1
71.0,0.0,1.0,74.0,5.0,19.0,0
1.0,0.0,0.0,1.0,5.0,18.0,0
9.0,0.0,2.0,11.0,5.0,18.0,0
43.0,0.0,0.0,44.0,5.0,19.0,0
8.0,1.4025471675,0.0,9.0,5.0,18.0,1
20.0,0.0,1.0,25.0,5.0,18.0,0
6.0,0.0,0.0,8.0,5.0,18.0,0
11.0,0.0,0.0,11.0,5.0,18.0,0
1.0,0.0,0.0,1.0,5.0,19.0,0
26.0,4.624110315,0.0,26.0,5.0,18.0,1
16.0,0.0,1.0,17.0,5.0,18.0,0
6.0,0.0,2.0,9.0,5.0,18.0,0
4.0,0.0,0.0,5.0,5.0,18.0,0
2.0,0.0,0.0,2.0,5.0,18.0,0
36.0,0.22995000000000002,0.0,36.0,5.0,19.0,1
80.0,0.8440348065000001,2.0,84.0,5.0,19.0,1
4.0,0.0,0.0,5.0,5.0,19.0,0
12.0,0.0,1.0,14.0,5.0,18.0,0
25.0,0.0,7.0,33.0,5.0,18.0,0
4.0,0.0,0.0,6.0,5.0,19.0,0
8.0,0.0,0.0,8.0,5.0,19.0,0
11.0,0.0,0.0,12.0,5.0,19.0,0
31.0,0.0,1.0,35.0,5.0,18.0,0
41.0,0.0,0.0,41.0,5.0,18.0,0
5.0,0.0,0.0,5.0,5.0,18.0,0
43.0,0.21446464285000003,0.0,44.0,5.0,18.0,0
49.0,0.0,0.0,50.0,5.0,18.0,0
21.0,0.0,4.0,27.0,5.0,19.0,0
26.0,0.0,0.0,26.0,5.0,18.0,0
20.0,1.1916615445,0.0,24.0,5.0,19.0,1
12.0,0.0,0.0,15.0,5.0,18.0,0
2.0,0.0,0.0,2.0,5.0,18.0,0
2.0,0.0,0.0,2.0,5.0,18.0,0
12.0,0.0,0.0,15.0,5.0,19.0,0
6.0,0.0,0.0,6.0,5.0,18.0,0
18.0,0.0,1.0,26.0,5.0,18.0,0
2.0,0.0,0.0,2.0,5.0,18.0,0
20.0,0.0,1.0,23.0,5.0,18.0,0
21.0,3.9172800885,1.0,34.0,5.0,18.0,1
2.0,0.0,0.0,2.0,5.0,18.0,0
2.0,0.0,0.0,2.0,5.0,18.0,0
19.0,0.0,0.0,23.0,5.0,18.0,0
1.0,0.0,0.0,1.0,5.0,18.0,0
20.0,0.0,0.0,23.0,5.0,18.0,0
82.0,0.3253415699,2.0,88.0,5.0,18.0,1
32.0,0.0,0.0,37.0,5.0,19.0,0
6.0,0.0,0.0,7.0,5.0,18.0,0
5.0,0.0,0.0,5.0,5.0,18.0,0
50.0,0.10898653844999999,0.0,52.0,5.0,19.0,1
5.0,0.0,0.0,5.0,5.0,18.0,0
24.0,0.0,0.0,24.0,5.0,18.0,0
3.0,0.0,0.0,3.0,5.0,18.0,0
15.0,0.0,0.0,15.0,5.0,19.0,0
16.0,0.0,0.0,21.0,5.0,19.0,0
25.0,0.0,0.0,26.0,5.0,18.0,0
50.0,0.7650018815,0.0,59.0,5.0,19.0,0
10.0,0.0,0.0,10.0,5.0,18.0,0
1.0,0.0,0.0,1.0,5.0,18.0,0
6.0,0.0,0.0,6.0,5.0,18.0,0
34.0,0.0,0.0,34.0,5.0,18.0,0
15.0,0.0,0.0,18.0,5.0,18.0,0
15.0,0.0,1.0,16.0,5.0,18.0,0
10.0,0.0,0.0,11.0,5.0,19.0,0
10.0,0.0,0.0,13.0,5.0,19.0,0
53.0,3.1174068505,0.0,56.0,5.0,18.0,1
1.0,0.0,0.0,1.0,5.0,19.0,0
1.0,0.0,0.0,1.0,5.0,18.0,0
59.0,0.0,0.0,59.0,5.0,18.0,0
65.0,0.0,0.0,67.0,5.0,18.0,0
21.0,0.0,0.0,25.0,5.0,19.0,0
1.0,0.0,0.0,1.0,5.0,18.0,0
3.0,0.0,0.0,3.0,5.0,19.0,0
1.0,0.0,0.0,1.0,5.0,19.0,0
31.0,0.19447297295,0.0,39.0,5.0,18.0,1
21.0,0.0,0.0,22.0,5.0,18.0,0
4.0,0.0,0.0,4.0,5.0,18.0,0
4.0,0.0,0.0,4.0,5.0,18.0,0
8.0,0.0,0.0,9.0,5.0,19.0,0
7.0,0.0,0.0,7.0,5.0,18.0,0
20.0,0.0,0.0,20.0,5.0,19.0,0
10.0,0.0,0.0,11.0,5.0,18.0,0
5.0,0.0,1.0,11.0,5.0,18.0,0
9.0,0.0,0.0,11.0,5.0,19.0,0
12.0,0.0,4.0,17.0,5.0,18.0,0
2.0,0.0,0.0,2.0,5.0,18.0,0
6.0,0.0,0.0,6.0,5.0,19.0,0
16.0,0.0,1.0,21.0,5.0,19.0,0
26.0,0.0,0.0,26.0,5.0,18.0,0
1.0,0.0,0.0,1.0,5.0,18.0,0
25.0,3.014509224,0.0,27.0,5.0,18.0,1
8.0,0.0,0.0,9.0,5.0,18.0,0
10.0,1.3330666665000002,0.0,10.0,5.0,18.0,0
14.0,0.0,0.0,21.0,5.0,18.0,0
20.0,0.0,0.0,24.0,5.0,18.0,0
5.0,0.0,0.0,7.0,5.0,18.0,0
4.0,0.0,0.0,4.0,5.0,18.0,0
20.0,0.0,1.0,28.0,5.0,18.0,0
12.0,0.0,0.0,12.0,5.0,18.0,0
6.0,0.0,0.0,6.0,5.0,18.0,0
10.0,3.2299999999999995,1.0,15.0,5.0,18.0,1
16.0,1.013077842,0.0,17.0,5.0,18.0,0
17.0,0.0,0.0,20.0,5.0,19.0,0
23.0,0.0,0.0,24.0,5.0,19.0,0
44.0,0.0,3.0,51.0,5.0,19.0,0
20.0,0.511593651,0.0,21.0,5.0,18.0,1
12.0,0.0,0.0,13.0,5.0,18.0,0
15.0,0.0,0.0,15.0,5.0,18.0,0
0.0,0.0,0.0,3.0,5.0,18.0,0
12.0,3.7043999999999997,0.0,12.0,5.0,18.0,1
13.0,0.0,0.0,15.0,5.0,18.0,0
7.0,0.0,0.0,7.0,5.0,18.0,0
14.0,1.1444543245,0.0,16.0,5.0,19.0,1
1.0,0.0,0.0,1.0,5.0,18.0,0
3.0,0.0,0.0,3.0,5.0,18.0,0
7.0,0.0,0.0,7.0,5.0,18.0,0
25.0,0.0,0.0,27.0,5.0,18.0,0
12.0,0.0,0.0,15.0,5.0,18.0,0
26.0,0.0,0.0,28.0,5.0,18.0,0
18.0,0.0,0.0,21.0,5.0,18.0,0
2.0,0.0,0.0,2.0,5.0,18.0,0
22.0,0.0,3.0,25.0,5.0,18.0,0
8.0,0.0,0.0,10.0,5.0,18.0,0
28.0,0.0,0.0,28.0,5.0,18.0,0
4.0,0.0,0.0,4.0,5.0,18.0,0
35.0,0.7161,6.0,49.0,5.0,18.0,0
34.0,0.5467412279999999,0.0,42.0,5.0,18.0,0
1.0,0.0,0.0,1.0,5.0,18.0,0
7.0,0.0,0.0,7.0,5.0,18.0,0
2.0,0.0,0.0,2.0,5.0,18.0,0
1.0,0.0,0.0,1.0,5.0,18.0,0
9.0,0.0,0.0,9.0,5.0,18.0,0
3.0,0.0,0.0,3.0,5.0,19.0,0
10.0,0.0,0.0,10.0,5.0,18.0,0
9.0,0.0,1.0,12.0,5.0,18.0,0
16.0,0.47715301585000003,1.0,19.0,5.0,18.0,0
43.0,0.0,0.0,43.0,5.0,19.0,0
28.0,0.0,1.0,29.0,5.0,18.0,0
37.0,0.0,0.0,42.0,5.0,18.0,0
15.0,0.0,0.0,15.0,5.0,19.0,0
41.0,0.681731659,1.0,52.0,5.0,18.0,1
22.0,0.0,0.0,27.0,5.0,18.0,0
3.0,0.0,0.0,5.0,5.0,19.0,0
46.0,0.6551631204999999,1.0,48.0,5.0,18.0,1
12.0,0.0,0.0,12.0,5.0,18.0,0
17.0,0.0,2.0,24.0,5.0,18.0,0
10.0,0.0,0.0,10.0,5.0,18.0,0
50.0,0.680256006,0.0,56.0,5.0,18.0,1
38.0,0.0,2.0,44.0,5.0,19.0,0
13.0,0.0,0.0,17.0,5.0,19.0,0
1.0,0.0,0.0,1.0,5.0,19.0,0
3.0,0.0,2.0,5.0,5.0,19.0,0
1.0,0.0,0.0,1.0,5.0,18.0,0
4.0,0.0,0.0,4.0,5.0,18.0,0
13.0,0.0,0.0,13.0,5.0,18.0,0
9.0,0.0,0.0,9.0,5.0,18.0,0
74.0,0.7516640655,0.0,79.0,5.0,18.0,0
7.0,0.0,0.0,7.0,5.0,19.0,0
25.0,0.0,0.0,25.0,5.0,18.0,0
14.0,0.0,0.0,15.0,5.0,18.0,0
5.0,0.0,0.0,5.0,5.0,18.0,0
48.0,0.5727347220000001,0.0,54.0,5.0,18.0,0
22.0,0.0,1.0,24.0,5.0,18.0,0
13.0,0.0,0.0,16.0,5.0,18.0,0
37.0,1.951790213,0.0,44.0,5.0,18.0,0
20.0,0.0,0.0,20.0,5.0,18.0,0
8.0,0.0,0.0,10.0,5.0,18.0,0
27.0,0.7446054185000001,0.0,31.0,5.0,18.0,1
23.0,13.074564285,0.0,28.0,5.0,18.0,1
25.0,0.0,2.0,32.0,5.0,18.0,0
2.0,0.0,0.0,2.0,5.0,18.0,0
22.0,0.0,0.0,23.0,5.0,18.0,0
40.0,0.0,0.0,51.0,5.0,19.0,0
43.0,0.0,3.0,50.0,5.0,18.0,0
27.0,1.1482058824999999,0.0,36.0,5.0,18.0,0
1.0,0.0,0.0,1.0,5.0,19.0,0
93.0,0.0,0.0,93.0,5.0,18.0,0
29.0,0.0,0.0,32.0,5.0,18.0,0
4.0,0.0,0.0,4.0,5.0,18.0,0
7.0,0.0,0.0,7.0,5.0,18.0,0
15.0,0.0,0.0,15.0,5.0,18.0,0
12.0,0.0,0.0,13.0,5.0,18.0,0
2.0,0.0,0.0,2.0,5.0,18.0,0
2.0,0.0,0.0,2.0,5.0,18.0,0
14.0,0.0,0.0,14.0,5.0,18.0,0
17.0,1.6663984065000002,0.0,17.0,5.0,18.0,0
34.0,0.0,5.0,63.0,5.0,18.0,0
7.0,0.0,0.0,8.0,5.0,19.0,0
42.0,0.9476617020000001,0.0,48.0,5.0,19.0,1
33.0,0.968274775,0.0,39.0,5.0,18.0,1
35.0,0.0,1.0,36.0,5.0,19.0,0
5.0,0.0,0.0,5.0,5.0,18.0,0
1.0,0.0,0.0,1.0,5.0,19.0,0
76.0,0.4315859756,7.0,85.0,5.0,18.0,1
14.0,0.0,1.0,19.0,5.0,18.0,0
1.0,0.0,0.0,1.0,5.0,18.0,0
72.0,0.604608095,4.0,86.0,5.0,18.0,1
15.0,0.0,1.0,16.0,5.0,18.0,0
6.0,0.0,0.0,6.0,5.0,19.0,0
13.0,0.0,0.0,13.0,5.0,18.0,0
11.0,0.0,0.0,12.0,5.0,18.0,0
33.0,0.0,0.0,39.0,5.0,18.0,0
42.0,0.0,0.0,44.0,5.0,18.0,0
10.0,0.0,0.0,12.0,5.0,18.0,0
12.0,0.0,0.0,14.0,5.0,18.0,0
33.0,0.5422203705,1.0,39.0,5.0,19.0,0
28.0,0.1905287642,0.0,37.0,5.0,18.0,1
15.0,0.0,0.0,16.0,5.0,18.0,0
2.0,0.0,0.0,2.0,5.0,18.0,0
5.0,0.0,0.0,5.0,5.0,18.0,0
15.0,0.0,0.0,18.0,5.0,18.0,0
4.0,0.0,0.0,4.0,5.0,18.0,0
15.0,0.0,0.0,18.0,5.0,18.0,0
18.0,0.0,0.0,18.0,5.0,18.0,0
7.0,0.0,0.0,8.0,5.0,18.0,0
33.0,0.556171062,0.0,35.0,5.0,18.0,0
19.0,0.0,0.0,19.0,5.0,19.0,0
39.0,0.0,0.0,39.0,5.0,18.0,0
26.0,0.0,0.0,26.0,5.0,19.0,0
69.0,0.0,1.0,71.0,5.0,18.0,0
38.0,0.47005682925,0.0,41.0,5.0,18.0,0
30.0,0.0,0.0,32.0,5.0,19.0,0
7.0,0.0,0.0,14.0,5.0,19.0,0
43.0,0.0,0.0,45.0,5.0,18.0,0
8.0,0.0,0.0,10.0,5.0,19.0,0
6.0,0.0,1.0,13.0,5.0,18.0,0
7.0,0.0,0.0,7.0,5.0,18.0,0
49.0,0.0,0.0,49.0,5.0,18.0,0
22.0,0.0,0.0,22.0,5.0,18.0,0
13.0,1.36531833,0.0,17.0,5.0,18.0,1
9.0,0.0,0.0,9.0,5.0,19.0,0
194.0,0.0,6.0,207.0,5.0,19.0,0
24.0,0.0,0.0,24.0,5.0,18.0,0
140.0,0.0,3.0,150.0,5.0,19.0,0
14.0,0.0,0.0,15.0,5.0,18.0,0
8.0,0.0,0.0,8.0,5.0,19.0,0
21.0,0.0,0.0,21.0,5.0,18.0,0
1.0,0.0,0.0,1.0,5.0,18.0,0
13.0,0.0,0.0,15.0,5.0,18.0,0
2.0,0.0,0.0,2.0,5.0,18.0,0
8.0,0.0,0.0,8.0,5.0,19.0,0
24.0,1.045915822,4.0,29.0,5.0,18.0,1
54.0,0.0,1.0,56.0,5.0,18.0,0
7.0,2.4911666665,0.0,7.0,5.0,18.0,1
3.0,0.0,0.0,3.0,5.0,19.0,0
3.0,0.0,0.0,3.0,5.0,18.0,0
27.0,0.0,0.0,27.0,5.0,18.0,0
3.0,0.0,0.0,6.0,5.0,18.0,0
20.0,3.0097389685,0.0,22.0,5.0,18.0,1
45.0,0.3876940079,9.0,65.0,5.0,18.0,1
1.0,0.0,0.0,1.0,5.0,18.0,0
25.0,0.0,0.0,28.0,5.0,19.0,0
13.0,0.0,0.0,14.0,5.0,19.0,0
1.0,0.0,0.0,1.0,5.0,18.0,0
20.0,0.0,0.0,23.0,5.0,19.0,0
5.0,0.0,0.0,5.0,5.0,18.0,0
64.0,2.7475634525,1.0,76.0,5.0,18.0,0
28.0,0.0,0.0,28.0,5.0,18.0,0
4.0,0.0,0.0,4.0,5.0,19.0,0
36.0,0.2372868421,0.0,43.0,5.0,18.0,1
7.0,0.0,0.0,8.0,5.0,18.0,0
10.0,0.0,1.0,16.0,5.0,18.0,0
3.0,0.0,0.0,3.0,5.0,18.0,0
10.0,0.9767477485,1.0,13.0,5.0,18.0,1
5.0,0.0,0.0,5.0,5.0,18.0,0
5.0,0.0,0.0,5.0,5.0,18.0,0
13.0,0.0,0.0,15.0,5.0,18.0,0
2.0,0.0,0.0,2.0,5.0,18.0,0
37.0,0.19891382115,2.0,41.0,5.0,18.0,1
9.0,0.0,0.0,10.0,5.0,19.0,0
49.0,0.0,0.0,51.0,5.0,18.0,0
19.0,0.0,0.0,19.0,5.0,18.0,0
7.0,0.0,0.0,7.0,5.0,18.0,0
18.0,0.0,0.0,18.0,5.0,19.0,0
11.0,0.0,1.0,13.0,5.0,18.0,0
31.0,0.0,0.0,31.0,5.0,18.0,0
3.0,0.0,0.0,3.0,5.0,18.0,0
20.0,0.0,0.0,21.0,5.0,19.0,0
5.0,0.0,0.0,5.0,5.0,18.0,0
54.0,0.0,0.0,55.0,5.0,18.0,0
2.0,0.0,0.0,2.0,5.0,18.0,0
9.0,0.0,0.0,9.0,5.0,18.0,0
26.0,1.0152194744999998,6.0,46.0,5.0,18.0,0
23.0,0.0,0.0,23.0,5.0,18.0,0
37.0,0.0,0.0,37.0,5.0,18.0,0
1.0,0.0,0.0,1.0,5.0,18.0,0
15.0,0.0,3.0,18.0,5.0,19.0,0
2.0,0.0,0.0,2.0,5.0,18.0,0
59.0,0.32379550785,0.0,64.0,5.0,18.0,0
8.0,0.0,0.0,8.0,5.0,19.0,0
4.0,0.0,0.0,4.0,5.0,19.0,0
7.0,0.0,0.0,7.0,5.0,18.0,0
0.0,0.0,0.0,1.0,5.0,18.0,0
14.0,0.0,0.0,14.0,5.0,18.0,0
23.0,0.0,0.0,27.0,5.0,18.0,0
37.0,0.0,0.0,37.0,5.0,18.0,0
63.0,0.0,0.0,63.0,5.0,18.0,0
26.0,0.0,0.0,31.0,5.0,18.0,0
1.0,0.0,0.0,1.0,5.0,19.0,0
28.0,1.2065365590000001,0.0,32.0,5.0,18.0,0
18.0,0.0,0.0,20.0,5.0,18.0,0
14.0,0.0,0.0,14.0,5.0,19.0,0
5.0,0.0,0.0,5.0,5.0,18.0,0
9.0,0.0,1.0,14.0,5.0,19.0,0
1.0,0.0,0.0,1.0,5.0,18.0,0
22.0,0.0,0.0,28.0,5.0,18.0,0
39.0,0.0,3.0,50.0,5.0,18.0,0
43.0,0.0,0.0,44.0,5.0,18.0,0
22.0,0.0,0.0,22.0,5.0,19.0,0
9.0,0.0,0.0,9.0,5.0,18.0,0
10.0,0.0,0.0,10.0,5.0,18.0,0
2.0,0.0,0.0,2.0,5.0,18.0,0
27.0,1.4678148910000002,0.0,34.0,5.0,18.0,1
33.0,0.0,1.0,36.0,5.0,19.0,0
9.0,4.062375,0.0,9.0,5.0,19.0,1
4.0,0.0,0.0,4.0,5.0,18.0,0
17.0,0.0,3.0,21.0,5.0,19.0,0
8.0,0.0,0.0,8.0,5.0,19.0,0
14.0,0.0,0.0,14.0,5.0,18.0,0
5.0,0.0,0.0,5.0,5.0,18.0,0
18.0,1.657257143,0.0,23.0,5.0,18.0,1
62.0,0.0,0.0,70.0,5.0,18.0,0
32.0,0.0,0.0,33.0,5.0,18.0,0
66.0,0.36858413040000004,3.0,77.0,5.0,18.0,1
24.0,0.0,0.0,26.0,5.0,18.0,0
5.0,0.0,0.0,5.0,5.0,18.0,0
67.0,0.0,2.0,70.0,5.0,18.0,0
10.0,0.0,0.0,16.0,5.0,18.0,0
16.0,0.0,0.0,16.0,5.0,18.0,0
36.0,0.0,2.0,39.0,5.0,19.0,0
2.0,0.0,0.0,2.0,5.0,18.0,0
28.0,0.39729027715,2.0,33.0,5.0,18.0,0
19.0,0.0,0.0,20.0,5.0,18.0,0
44.0,0.0,0.0,46.0,5.0,18.0,0
3.0,0.0,0.0,3.0,5.0,19.0,0
7.0,0.0,0.0,8.0,5.0,18.0,0
6.0,0.0,0.0,6.0,5.0,19.0,0
7.0,0.0,0.0,7.0,5.0,18.0,0
3.0,0.0,0.0,4.0,5.0,18.0,0
3.0,0.0,0.0,3.0,5.0,18.0,0
62.0,0.0,0.0,62.0,5.0,19.0,0
47.0,1.5448992499999998,6.0,59.0,5.0,19.0,1
30.0,0.0,0.0,32.0,5.0,19.0,0
14.0,0.7716719999999999,4.0,26.0,5.0,19.0,1
21.0,0.0,0.0,22.0,5.0,18.0,0
9.0,0.9012665,0.0,9.0,5.0,18.0,1
11.0,0.0,0.0,16.0,5.0,18.0,0
15.0,0.0,0.0,15.0,5.0,18.0,0
28.0,0.0,0.0,29.0,5.0,19.0,0
65.0,4.0340314280000005,0.0,67.0,5.0,18.0,1
10.0,0.0,0.0,10.0,5.0,18.0,0
8.0,0.0,0.0,8.0,5.0,18.0,0
11.0,0.0,0.0,12.0,5.0,19.0,0
5.0,0.0,1.0,6.0,5.0,18.0,0
13.0,0.0,0.0,18.0,5.0,18.0,0
20.0,0.0,0.0,34.0,5.0,19.0,0
27.0,0.0,0.0,27.0,5.0,18.0,0
15.0,0.0,0.0,15.0,5.0,18.0,0
11.0,0.0,0.0,17.0,5.0,19.0,0
16.0,0.0,0.0,19.0,5.0,18.0,0
5.0,0.0,0.0,5.0,5.0,18.0,0
23.0,0.0,1.0,30.0,5.0,18.0,0
11.0,0.0,6.0,17.0,5.0,18.0,0
8.0,0.0,0.0,8.0,5.0,18.0,0
11.0,0.0,0.0,13.0,5.0,18.0,0
7.0,0.0,0.0,7.0,5.0,19.0,0
6.0,0.0,0.0,6.0,5.0,18.0,0
37.0,0.0,0.0,41.0,5.0,19.0,0
1.0,0.0,1.0,2.0,5.0,19.0,0
5.0,0.0,0.0,5.0,5.0,18.0,0
2.0,0.0,0.0,2.0,5.0,19.0,0
18.0,0.0,0.0,20.0,5.0,18.0,0
4.0,0.0,0.0,4.0,5.0,18.0,0
17.0,3.8393338295,0.0,18.0,5.0,18.0,1
1.0,0.0,0.0,1.0,5.0,18.0,0
33.0,0.0,2.0,40.0,5.0,19.0,0
11.0,0.0,0.0,14.0,5.0,19.0,0
23.0,0.0,0.0,23.0,5.0,18.0,0
3.0,0.0,0.0,3.0,5.0,18.0,0
6.0,0.0,0.0,6.0,5.0,18.0,0
5.0,0.0,0.0,6.0,5.0,19.0,0
13.0,0.0,0.0,17.0,5.0,18.0,0
17.0,0.0,0.0,19.0,5.0,18.0,0
12.0,0.0,0.0,12.0,5.0,18.0,0
17.0,0.0,0.0,21.0,5.0,18.0,0
7.0,0.0,0.0,7.0,5.0,18.0,0
27.0,1.9816351545,1.0,33.0,5.0,18.0,0
27.0,0.0,0.0,36.0,5.0,18.0,0
12.0,0.0,1.0,14.0,5.0,19.0,0
3.0,0.0,0.0,3.0,5.0,19.0,0
5.0,0.0,0.0,5.0,5.0,19.0,0
15.0,0.0,0.0,15.0,5.0,18.0,0
13.0,0.0,0.0,13.0,5.0,18.0,0
5.0,0.0,0.0,5.0,5.0,18.0,0
16.0,0.0,0.0,16.0,5.0,18.0,0
15.0,0.0,0.0,15.0,5.0,18.0,0
16.0,2.635026071,0.0,17.0,5.0,18.0,1
6.0,0.0,0.0,6.0,5.0,18.0,0
14.0,0.0,0.0,14.0,5.0,18.0,0
54.0,0.36360338985,2.0,62.0,5.0,18.0,0
22.0,0.0,0.0,22.0,5.0,18.0,0
19.0,0.0,0.0,21.0,5.0,19.0,0
4.0,0.0,0.0,4.0,5.0,18.0,0
31.0,0.531724901,0.0,35.0,5.0,18.0,1
6.0,0.0,0.0,6.0,5.0,18.0,0
40.0,0.0,0.0,42.0,5.0,18.0,0
1.0,0.0,0.0,1.0,5.0,18.0,0
2.0,0.0,0.0,2.0,5.0,18.0,0
30.0,1.7990533005,1.0,34.0,5.0,19.0,1
19.0,0.7050266665,3.0,29.0,5.0,18.0,1
15.0,0.0,0.0,18.0,5.0,18.0,0
16.0,0.0,0.0,16.0,5.0,18.0,0
6.0,0.0,0.0,8.0,5.0,18.0,0
37.0,0.0,0.0,37.0,5.0,19.0,0
2.0,0.0,0.0,2.0,5.0,19.0,0
28.0,0.27088222219999997,0.0,30.0,5.0,18.0,1
24.0,1.3538958335,0.0,29.0,5.0,18.0,0
2.0,0.0,0.0,2.0,5.0,18.0,0
6.0,0.0,0.0,6.0,5.0,18.0,0
13.0,0.0,0.0,13.0,5.0,18.0,0
110.0,0.0,2.0,113.0,5.0,18.0,0
59.0,0.0,0.0,59.0,5.0,19.0,0
9.0,0.0,0.0,9.0,5.0,19.0,0
30.0,0.0,0.0,30.0,5.0,18.0,0
32.0,0.0,0.0,39.0,5.0,19.0,0
7.0,0.0,0.0,7.0,5.0,18.0,0
12.0,0.0,0.0,12.0,5.0,18.0,0
8.0,0.0,0.0,8.0,5.0,18.0,0
60.0,0.0,0.0,67.0,5.0,18.0,0
44.0,0.0,0.0,44.0,5.0,19.0,0
19.0,0.0,0.0,24.0,5.0,18.0,0
2.0,0.0,0.0,2.0,5.0,19.0,0
12.0,0.0,0.0,16.0,5.0,18.0,0
10.0,0.0,0.0,10.0,5.0,18.0,0
2.0,0.0,0.0,2.0,5.0,19.0,0
10.0,0.0,0.0,13.0,5.0,18.0,0
39.0,0.0,0.0,39.0,5.0,19.0,0
12.0,0.0,0.0,12.0,5.0,18.0,0
60.0,0.0852533575,3.0,71.0,5.0,18.0,1
49.0,0.0,0.0,55.0,5.0,18.0,0
2.0,0.0,0.0,2.0,5.0,18.0,0
20.0,0.0,0.0,20.0,5.0,18.0,0
21.0,0.0,0.0,23.0,5.0,19.0,0
13.0,0.0,0.0,13.0,5.0,19.0,0
4.0,0.0,0.0,4.0,5.0,18.0,0
24.0,0.0,0.0,24.0,5.0,18.0,0
14.0,0.0,1.0,16.0,5.0,18.0,0
48.0,0.910497826,0.0,48.0,5.0,18.0,0
41.0,0.0,1.0,42.0,5.0,18.0,0
14.0,0.0,0.0,14.0,5.0,18.0,0
84.0,0.8281572725,0.0,90.0,5.0,18.0,0
18.0,0.712824176,2.0,23.0,5.0,19.0,1
1.0,0.0,0.0,1.0,5.0,18.0,0
4.0,0.0,2.0,9.0,5.0,18.0,0
19.0,0.35707142854999996,0.0,23.0,5.0,19.0,1
8.0,0.0,0.0,8.0,5.0,18.0,0
46.0,0.0,0.0,48.0,5.0,18.0,0
36.0,1.3619330975000001,0.0,39.0,5.0,19.0,1
19.0,0.6813153064999999,0.0,19.0,5.0,19.0,1
35.0,0.0,1.0,44.0,5.0,19.0,0
12.0,0.0,0.0,18.0,5.0,19.0,0
29.0,0.0,0.0,29.0,5.0,18.0,0
7.0,0.0,0.0,7.0,5.0,18.0,0
62.0,0.5742308825,5.0,68.0,5.0,19.0,1
9.0,0.545650011,0.0,12.0,5.0,18.0,1
12.0,0.0,0.0,12.0,5.0,18.0,0
56.0,4.287642935,2.0,62.0,5.0,19.0,0
19.0,0.0,0.0,21.0,5.0,18.0,0
7.0,0.0,0.0,7.0,5.0,19.0,0
2.0,0.0,0.0,2.0,5.0,18.0,0
132.0,0.0,1.0,139.0,5.0,18.0,0
4.0,0.0,0.0,4.0,5.0,18.0,0
1.0,0.0,0.0,1.0,5.0,18.0,0
34.0,0.0,3.0,45.0,5.0,18.0,0
5.0,0.0,0.0,5.0,5.0,19.0,0
29.0,0.0,0.0,35.0,5.0,19.0,0
2.0,0.0,0.0,2.0,5.0,18.0,0
22.0,0.0,1.0,25.0,5.0,19.0,0
7.0,0.0,0.0,9.0,5.0,18.0,0
2.0,0.0,0.0,5.0,5.0,18.0,0
9.0,0.0,2.0,11.0,5.0,18.0,0
1.0,0.0,0.0,1.0,5.0,18.0,0
4.0,0.0,0.0,6.0,5.0,18.0,0
24.0,0.0,0.0,24.0,5.0,18.0,0
3.0,0.0,0.0,5.0,5.0,18.0,0
3.0,0.0,0.0,3.0,5.0,18.0,0
19.0,0.0,2.0,25.0,5.0,19.0,0
13.0,0.0,2.0,16.0,5.0,18.0,0
8.0,0.0,0.0,8.0,5.0,18.0,0
20.0,2.038064,0.0,24.0,5.0,18.0,0
4.0,0.0,0.0,4.0,5.0,19.0,0
2.0,0.0,0.0,2.0,5.0,19.0,0
27.0,0.39823247505000003,2.0,31.0,5.0,18.0,0
10.0,0.0,0.0,13.0,5.0,18.0,0
4.0,0.0,0.0,4.0,5.0,19.0,0
13.0,0.0,0.0,13.0,5.0,18.0,0
5.0,0.0,0.0,5.0,5.0,18.0,0
24.0,0.0,1.0,25.0,5.0,18.0,0
2.0,0.0,0.0,2.0,5.0,18.0,0
50.0,0.0,3.0,58.0,5.0,18.0,0
62.0,0.0,5.0,74.0,5.0,19.0,0
26.0,0.6276103705,0.0,28.0,5.0,19.0,1
115.0,0.0,0.0,118.0,5.0,18.0,0
43.0,0.16661666665,3.0,58.0,5.0,18.0,0
10.0,0.0,0.0,12.0,5.0,19.0,0
17.0,0.0,0.0,17.0,5.0,18.0,0
30.0,2.5332491515,0.0,33.0,5.0,18.0,0
7.0,0.0,0.0,7.0,5.0,18.0,0
7.0,0.0,0.0,7.0,5.0,18.0,0
4.0,0.0,0.0,4.0,5.0,18.0,0
41.0,0.0,3.0,46.0,5.0,18.0,0
10.0,0.0,0.0,11.0,5.0,19.0,0
17.0,0.11988000000000001,0.0,20.0,5.0,18.0,0
18.0,0.0,0.0,18.0,5.0,19.0,0
31.0,0.3469117677,4.0,38.0,5.0,18.0,0
4.0,0.0,0.0,4.0,5.0,18.0,0
1.0,0.0,0.0,1.0,5.0,18.0,0
7.0,0.0,0.0,10.0,5.0,18.0,0
37.0,0.0,0.0,37.0,5.0,18.0,0
27.0,1.985865,2.0,31.0,5.0,18.0,1
4.0,0.0,0.0,4.0,5.0,18.0,0
30.0,0.0,0.0,30.0,5.0,18.0,0
46.0,0.9962924689999999,1.0,51.0,5.0,19.0,0
54.0,0.0,0.0,61.0,5.0,18.0,0
7.0,0.0,0.0,7.0,5.0,18.0,0
13.0,0.0,0.0,13.0,5.0,18.0,0
8.0,0.0,0.0,13.0,5.0,18.0,0
2.0,0.0,0.0,2.0,5.0,19.0,0
73.0,1.5046406715,4.0,87.0,5.0,18.0,0
5.0,0.0,0.0,8.0,5.0,18.0,0
9.0,0.0,0.0,9.0,5.0,18.0,0
6.0,0.0,0.0,8.0,5.0,18.0,0
328.0,0.3233915848,3.0,339.0,5.0,18.0,0
19.0,1.577321369,1.0,25.0,5.0,18.0,1
61.0,0.0,0.0,62.0,5.0,19.0,0
10.0,0.0,0.0,11.0,5.0,19.0,0
10.0,0.0,0.0,10.0,5.0,18.0,0
33.0,2.235551719,0.0,38.0,5.0,19.0,1
11.0,0.0,1.0,14.0,5.0,18.0,0
7.0,0.0,0.0,7.0,5.0,18.0,0
3.0,0.0,0.0,3.0,5.0,19.0,0
2.0,0.0,0.0,6.0,5.0,18.0,0
23.0,0.0,3.0,34.0,5.0,18.0,0
1.0,0.0,0.0,1.0,5.0,19.0,0
12.0,0.0,1.0,15.0,5.0,18.0,0
9.0,0.0,0.0,9.0,5.0,18.0,0
3.0,0.0,0.0,5.0,5.0,18.0,0
5.0,0.0,0.0,9.0,5.0,19.0,0
11.0,0.0,0.0,11.0,5.0,18.0,0
15.0,0.0,0.0,16.0,5.0,18.0,0
6.0,0.0,0.0,11.0,5.0,18.0,0
31.0,0.516083034,3.0,35.0,5.0,18.0,0
49.0,0.0,1.0,50.0,5.0,18.0,0
34.0,0.0,2.0,40.0,5.0,18.0,0
7.0,0.0,0.0,7.0,5.0,18.0,0
40.0,0.0,0.0,46.0,5.0,19.0,0
10.0,0.0,0.0,10.0,5.0,18.0,0
56.0,0.0,1.0,61.0,5.0,18.0,0
16.0,0.0,0.0,17.0,5.0,18.0,0
31.0,0.0,0.0,31.0,5.0,18.0,0
34.0,0.49691996165,0.0,36.0,5.0,18.0,0
9.0,0.0,0.0,9.0,5.0,18.0,0
10.0,0.0,0.0,14.0,5.0,18.0,0
5.0,0.0,0.0,5.0,5.0,18.0,0
23.0,0.0,0.0,23.0,5.0,18.0,0
9.0,0.0,0.0,12.0,5.0,18.0,0
1.0,0.0,0.0,1.0,5.0,19.0,0
19.0,0.0,1.0,23.0,5.0,18.0,0
53.0,0.0830059091,0.0,57.0,5.0,19.0,1
53.0,0.0,0.0,56.0,5.0,19.0,0
2.0,0.0,0.0,2.0,5.0,18.0,0
2.0,0.0,0.0,4.0,5.0,18.0,0
18.0,0.0,5.0,29.0,5.0,18.0,0
2.0,0.0,0.0,2.0,5.0,18.0,0
15.0,0.0,0.0,15.0,5.0,18.0,0
3.0,0.0,2.0,6.0,5.0,18.0,0
2.0,0.0,0.0,2.0,5.0,19.0,0
25.0,0.0,0.0,34.0,5.0,18.0,0
39.0,1.982769078,3.0,55.0,5.0,19.0,1
32.0,0.0,0.0,32.0,5.0,18.0,0
48.0,1.450519251,1.0,54.0,5.0,18.0,0
44.0,2.29146572,4.0,49.0,5.0,19.0,1
16.0,0.626657143,0.0,20.0,5.0,18.0,1
8.0,0.0,0.0,9.0,5.0,18.0,0
6.0,0.0,0.0,6.0,5.0,18.0,0
4.0,0.0,0.0,4.0,5.0,19.0,0
9.0,0.0,0.0,9.0,5.0,18.0,0
2.0,0.0,0.0,2.0,5.0,18.0,0
53.0,0.0,0.0,57.0,5.0,19.0,0
7.0,0.0,0.0,9.0,5.0,19.0,0
15.0,0.0,10.0,31.0,5.0,18.0,0
12.0,0.0,2.0,19.0,5.0,18.0,0
5.0,0.0,0.0,5.0,5.0,18.0,0
24.0,0.0,0.0,24.0,5.0,19.0,0
15.0,0.0,2.0,18.0,5.0,18.0,0
25.0,0.51786,0.0,26.0,5.0,19.0,1
33.0,1.0429783785,0.0,38.0,5.0,18.0,1
14.0,0.0,0.0,17.0,5.0,18.0,0
30.0,0.0,0.0,34.0,5.0,18.0,0
8.0,0.0,0.0,8.0,5.0,18.0,0
54.0,2.712443209,0.0,62.0,5.0,18.0,0
13.0,0.0,0.0,13.0,5.0,18.0,0
1.0,0.0,0.0,1.0,5.0,18.0,0
14.0,0.0,0.0,14.0,5.0,18.0,0
18.0,0.0,0.0,18.0,5.0,18.0,0
18.0,0.0,0.0,20.0,5.0,19.0,0
10.0,0.70146,0.0,10.0,5.0,18.0,1
7.0,0.0,0.0,7.0,5.0,18.0,0
1.0,0.0,0.0,1.0,5.0,18.0,0
30.0,0.0,0.0,30.0,5.0,18.0,0
1.0,0.0,0.0,1.0,5.0,18.0,0
22.0,0.0,0.0,22.0,5.0,18.0,0
63.0,0.0,1.0,73.0,5.0,19.0,0
79.0,0.0,1.0,81.0,5.0,19.0,0
19.0,0.0,0.0,20.0,5.0,18.0,0
1.0,0.0,0.0,2.0,5.0,18.0,0
33.0,0.0,0.0,37.0,5.0,19.0,0
12.0,0.0,0.0,14.0,5.0,18.0,0
10.0,4.439230298,0.0,10.0,5.0,18.0,1
52.0,0.0,0.0,59.0,5.0,18.0,0
2.0,0.0,0.0,2.0,5.0,18.0,0
53.0,0.0,0.0,56.0,5.0,19.0,0
6.0,0.0,0.0,6.0,5.0,18.0,0
8.0,0.0,0.0,13.0,5.0,18.0,0
16.0,0.0,0.0,19.0,5.0,18.0,0
8.0,0.0,0.0,8.0,5.0,18.0,0
1.0,0.0,0.0,1.0,5.0,18.0,0
1.0,0.0,0.0,1.0,5.0,18.0,0
5.0,0.0,0.0,6.0,5.0,18.0,0
16.0,0.0,0.0,19.0,5.0,18.0,0
8.0,0.0,0.0,11.0,5.0,18.0,0
12.0,0.0,0.0,12.0,5.0,19.0,0
37.0,0.0,1.0,38.0,5.0,18.0,0
5.0,0.0,0.0,6.0,5.0,19.0,0
71.0,0.0,4.0,84.0,5.0,19.0,0
25.0,0.0,0.0,30.0,5.0,19.0,0
6.0,0.0,2.0,8.0,5.0,18.0,0
12.0,0.0,0.0,17.0,5.0,18.0,0
8.0,0.0,0.0,8.0,5.0,19.0,0
6.0,0.0,0.0,6.0,5.0,18.0,0
31.0,1.369112111,0.0,38.0,5.0,19.0,1
11.0,0.0,0.0,14.0,5.0,18.0,0
17.0,0.0,0.0,17.0,5.0,18.0,0
17.0,0.0,0.0,17.0,5.0,18.0,0
24.0,0.8562727275,0.0,24.0,5.0,18.0,1
32.0,0.45265407805,0.0,32.0,5.0,18.0,1
16.0,0.0,0.0,16.0,5.0,18.0,0
6.0,0.0,0.0,8.0,5.0,19.0,0
24.0,0.0,1.0,26.0,5.0,18.0,0
3.0,0.0,0.0,6.0,5.0,19.0,0
60.0,0.0,0.0,63.0,5.0,19.0,0
5.0,0.0,0.0,5.0,5.0,18.0,0
19.0,0.0,1.0,28.0,5.0,18.0,0
4.0,0.0,0.0,4.0,5.0,18.0,0
16.0,0.0,1.0,17.0,5.0,19.0,0
9.0,0.0,0.0,9.0,5.0,18.0,0
21.0,0.0,0.0,28.0,5.0,18.0,0
3.0,0.0,0.0,3.0,5.0,18.0,0
7.0,0.0,0.0,7.0,5.0,19.0,0
14.0,0.0,1.0,21.0,5.0,18.0,0
10.0,1.6664172515,0.0,12.0,5.0,18.0,1
34.0,0.47587105264999996,0.0,43.0,5.0,18.0,1
21.0,0.31420224565,0.0,22.0,5.0,18.0,1
46.0,0.0,1.0,47.0,5.0,18.0,0
18.0,0.0,0.0,18.0,5.0,18.0,0
7.0,0.0,0.0,19.0,5.0,18.0,0
41.0,0.22326991770000001,0.0,54.0,5.0,18.0,0
16.0,0.0,4.0,21.0,5.0,18.0,0
2.0,0.0,0.0,2.0,5.0,18.0,0
28.0,0.0,0.0,30.0,5.0,18.0,0
1.0,0.0,0.0,1.0,5.0,19.0,0
29.0,0.0,0.0,31.0,5.0,18.0,0
93.0,0.0,0.0,93.0,5.0,18.0,0
38.0,0.4546385965,0.0,39.0,5.0,18.0,1
15.0,2.898208827,0.0,19.0,5.0,19.0,1
13.0,0.0,0.0,14.0,5.0,18.0,0
22.0,0.0,0.0,25.0,5.0,18.0,0
45.0,0.14211535055,6.0,59.0,5.0,19.0,0
12.0,0.5391,1.0,17.0,5.0,19.0,1
4.0,0.0,0.0,4.0,5.0,19.0,0
8.0,0.0,0.0,8.0,5.0,18.0,0
27.0,0.0,0.0,28.0,5.0,18.0,0
7.0,0.0,0.0,7.0,5.0,18.0,0
40.0,2.473520491,6.0,52.0,5.0,18.0,1
2.0,0.0,0.0,2.0,5.0,18.0,0
28.0,0.0,4.0,35.0,5.0,18.0,0
6.0,0.0,0.0,6.0,5.0,19.0,0
22.0,0.0,3.0,29.0,5.0,19.0,0
76.0,0.32740056910000004,3.0,85.0,5.0,18.0,0
52.0,0.09082370370000001,2.0,63.0,5.0,18.0,1
8.0,0.0,0.0,8.0,5.0,18.0,0
47.0,0.731978917,0.0,49.0,5.0,18.0,0
45.0,0.2788360468,8.0,61.0,5.0,18.0,1
41.0,0.0,3.0,48.0,5.0,18.0,0
35.0,0.0,0.0,44.0,5.0,18.0,0
8.0,0.0,0.0,8.0,5.0,19.0,0
2.0,0.0,0.0,2.0,5.0,19.0,0
16.0,0.0,0.0,17.0,5.0,18.0,0
16.0,0.0,1.0,17.0,5.0,18.0,0
5.0,0.0,0.0,7.0,5.0,19.0,0
3.0,0.0,0.0,3.0,5.0,19.0,0
68.0,5.495620255,0.0,68.0,5.0,18.0,1
8.0,0.0,0.0,8.0,5.0,18.0,0
4.0,0.0,0.0,4.0,5.0,19.0,0
11.0,0.0,0.0,15.0,5.0,18.0,0
8.0,0.0,0.0,8.0,5.0,18.0,0
2.0,0.0,0.0,2.0,5.0,18.0,0
6.0,0.0,6.0,13.0,5.0,18.0,0
12.0,0.0,0.0,25.0,5.0,18.0,0
96.0,0.0,0.0,101.0,5.0,18.0,0
17.0,0.0,0.0,19.0,5.0,18.0,0
12.0,2.2367333335,0.0,14.0,5.0,18.0,1
24.0,0.0,0.0,24.0,5.0,18.0,0
21.0,0.0,0.0,27.0,5.0,18.0,0
4.0,0.0,0.0,4.0,5.0,18.0,0
1.0,0.0,0.0,1.0,5.0,18.0,0
1.0,0.0,0.0,1.0,5.0,19.0,0
75.0,0.28854799885000004,1.0,78.0,5.0,18.0,0
52.0,0.18978305085,1.0,60.0,5.0,18.0,0
29.0,0.0,0.0,31.0,5.0,18.0,0
10.0,0.0,0.0,10.0,5.0,18.0,0
7.0,0.0,0.0,12.0,5.0,19.0,0
160.0,0.8674468115,8.0,181.0,5.0,19.0,1
1.0,0.0,0.0,1.0,5.0,18.0,0
3.0,0.0,0.0,3.0,5.0,18.0,0
7.0,0.0,0.0,7.0,5.0,18.0,0
12.0,0.0,0.0,12.0,5.0,18.0,0
3.0,0.0,0.0,3.0,5.0,18.0,0
86.0,0.0,0.0,91.0,5.0,18.0,0
1.0,0.0,0.0,1.0,5.0,18.0,0
7.0,0.0,0.0,9.0,5.0,18.0,0
3.0,0.0,0.0,3.0,5.0,18.0,0
8.0,0.0,0.0,8.0,5.0,18.0,0
1.0,0.0,0.0,1.0,5.0,18.0,0
1.0,0.0,0.0,1.0,5.0,18.0,0
6.0,0.0,0.0,9.0,5.0,18.0,0
9.0,0.0,0.0,9.0,5.0,18.0,0
2.0,0.0,0.0,2.0,5.0,18.0,0
1.0,0.0,0.0,1.0,5.0,18.0,0
31.0,0.0,0.0,35.0,5.0,19.0,0
42.0,0.0,0.0,46.0,5.0,18.0,0
20.0,0.8086399999999999,2.0,31.0,5.0,18.0,1
18.0,0.0,0.0,22.0,5.0,19.0,0
31.0,0.0796387097,1.0,34.0,5.0,18.0,1
32.0,2.733817422,0.0,32.0,5.0,18.0,1
5.0,0.0,0.0,5.0,5.0,18.0,0
19.0,0.0,0.0,26.0,5.0,18.0,0
20.0,4.599,1.0,26.0,5.0,18.0,1
66.0,0.0,1.0,72.0,5.0,18.0,0
27.0,0.5996320125,0.0,27.0,5.0,19.0,1
150.0,1.6665372484999998,1.0,155.0,5.0,18.0,0
31.0,0.0,0.0,31.0,5.0,18.0,0
17.0,1.9929333335,1.0,18.0,5.0,18.0,1
15.0,0.9997999999999999,0.0,16.0,5.0,18.0,1
22.0,0.0,0.0,24.0,5.0,18.0,0
6.0,0.0,0.0,7.0,5.0,18.0,0
13.0,0.0,0.0,18.0,5.0,18.0,0
27.0,0.0,1.0,31.0,5.0,19.0,0
4.0,0.0,0.0,4.0,5.0,18.0,0
6.0,0.0,0.0,6.0,5.0,18.0,0
6.0,0.0,0.0,6.0,5.0,18.0,0
13.0,1.3060077075,0.0,14.0,5.0,19.0,1
27.0,0.0,3.0,32.0,5.0,19.0,0
21.0,1.2375238095,0.0,22.0,5.0,18.0,1
19.0,0.0,0.0,19.0,5.0,19.0,0
10.0,0.0,0.0,10.0,5.0,18.0,0
1.0,0.0,0.0,1.0,5.0,19.0,0
16.0,0.0,0.0,19.0,5.0,19.0,0
15.0,2.7489999999999997,0.0,15.0,5.0,14.0,1
24.0,0.0,0.0,24.0,41.0,14.0,0
95.0,0.28190515465,1.0,98.0,5.0,14.0,1
4.0,0.0,0.0,4.0,5.0,14.0,0
77.0,0.0,0.0,77.0,32.0,14.0,0
130.0,0.0,0.0,130.0,5.0,14.0,0
1.0,0.0,0.0,1.0,5.0,14.0,0
25.0,0.5759615385,0.0,30.0,5.0,14.0,1
21.0,0.0,0.0,24.0,5.0,14.0,0
13.0,0.0,0.0,13.0,5.0,14.0,0
17.0,0.0,0.0,17.0,41.0,14.0,0
9.0,0.0,0.0,9.0,5.0,15.0,0
83.0,0.0,3.0,93.0,23.0,14.0,0
2.0,0.0,0.0,2.0,32.0,14.0,0
28.0,0.0,0.0,29.0,5.0,14.0,0
1.0,0.0,0.0,1.0,5.0,14.0,0
151.0,0.0,0.0,152.0,32.0,14.0,0
12.0,0.734475,0.0,12.0,32.0,14.0,1
57.0,0.0,0.0,60.0,5.0,14.0,0
58.0,0.337425,2.0,66.0,5.0,14.0,1
77.0,0.0,0.0,81.0,5.0,14.0,0
8.0,0.0,3.0,12.0,5.0,15.0,0
5.0,0.0,0.0,7.0,5.0,14.0,0
10.0,0.0,0.0,12.0,5.0,14.0,0
51.0,1.012268485,1.0,58.0,5.0,14.0,0
8.0,0.0,0.0,8.0,5.0,14.0,0
8.0,0.0,0.0,8.0,5.0,14.0,0
16.0,0.89955,0.0,17.0,5.0,14.0,0
2.0,0.0,0.0,2.0,5.0,15.0,0
34.0,0.0,0.0,38.0,32.0,14.0,0
5.0,0.0,0.0,5.0,32.0,14.0,0
21.0,0.5473615385,0.0,24.0,32.0,14.0,1
5.0,0.0,0.0,8.0,5.0,15.0,0
19.0,0.0,0.0,19.0,41.0,14.0,0
13.0,0.0,0.0,16.0,5.0,14.0,0
13.0,0.0,0.0,15.0,5.0,15.0,0
13.0,0.0,0.0,13.0,32.0,14.0,0
79.0,0.0,0.0,82.0,5.0,14.0,0
2.0,0.0,0.0,2.0,41.0,14.0,0
1.0,0.0,0.0,1.0,5.0,14.0,0
23.0,2.300321739,0.0,23.0,5.0,15.0,1
33.0,0.40413449999999995,7.0,47.0,5.0,15.0,0
117.0,0.0,0.0,118.0,5.0,15.0,0
6.0,0.0,0.0,6.0,5.0,14.0,0
5.0,0.0,0.0,5.0,5.0,14.0,0
12.0,0.0,0.0,12.0,5.0,14.0,0
36.0,0.0,0.0,36.0,14.0,14.0,0
18.0,0.0,0.0,18.0,14.0,14.0,0
13.0,0.0,0.0,13.0,41.0,14.0,0
28.0,0.0,0.0,37.0,50.0,15.0,0
22.0,0.0,0.0,22.0,32.0,14.0,0
1.0,0.0,0.0,1.0,5.0,15.0,0
29.0,0.0,0.0,33.0,5.0,14.0,0
19.0,1.6032545455,0.0,23.0,5.0,14.0,0
13.0,0.0,0.0,14.0,5.0,14.0,0
6.0,0.0,0.0,6.0,5.0,15.0,0
15.0,0.0,0.0,15.0,32.0,14.0,0
12.0,0.0,0.0,12.0,23.0,14.0,0
20.0,0.0,0.0,20.0,5.0,14.0,0
46.0,0.0,0.0,48.0,41.0,14.0,0
4.0,0.0,0.0,4.0,32.0,14.0,0
25.0,0.0,1.0,28.0,5.0,15.0,0
31.0,0.9055741935,0.0,33.0,5.0,14.0,1
21.0,0.0,0.0,21.0,5.0,14.0,0
7.0,0.0,0.0,7.0,5.0,14.0,0
7.0,0.0,0.0,7.0,32.0,14.0,0
20.0,0.0,0.0,20.0,50.0,15.0,0
2.0,0.0,0.0,2.0,41.0,14.0,0
18.0,0.0,0.0,18.0,41.0,14.0,0
25.0,0.0,0.0,27.0,5.0,14.0,0
45.0,0.0,0.0,46.0,5.0,14.0,0
5.0,0.0,0.0,5.0,5.0,15.0,0
7.0,0.0,0.0,8.0,41.0,14.0,0
26.0,1.34915625,0.0,33.0,5.0,14.0,1
20.0,0.0,0.0,23.0,5.0,15.0,0
8.0,0.0,0.0,8.0,41.0,14.0,0
12.0,0.0,0.0,13.0,50.0,15.0,0
4.0,0.0,0.0,4.0,5.0,15.0,0
9.0,1.4199166665,0.0,12.0,5.0,15.0,1
17.0,0.0,0.0,17.0,41.0,14.0,0
21.0,0.8412525000000001,0.0,21.0,5.0,14.0,1
1.0,0.0,0.0,1.0,32.0,14.0,0
36.0,0.0,0.0,39.0,5.0,14.0,0
36.0,1.0197243244999998,0.0,39.0,5.0,15.0,1
1.0,0.0,0.0,1.0,5.0,14.0,0
1.0,0.0,0.0,1.0,5.0,14.0,0
6.0,0.0,0.0,6.0,23.0,14.0,0
49.0,0.48047647060000004,1.0,53.0,32.0,14.0,1
6.0,0.0,0.0,6.0,5.0,14.0,0
24.0,0.0,0.0,24.0,23.0,14.0,0
28.0,0.13316666665000002,0.0,35.0,5.0,14.0,1
1.0,0.0,0.0,1.0,5.0,14.0,0
10.0,0.0,0.0,10.0,5.0,14.0,0
4.0,0.0,0.0,6.0,23.0,14.0,0
51.0,0.0,2.0,56.0,5.0,15.0,0
40.0,0.1391443182,0.0,45.0,23.0,14.0,0
33.0,0.0,0.0,33.0,50.0,15.0,0
23.0,2.9994,0.0,28.0,5.0,14.0,1
1.0,0.0,0.0,1.0,5.0,15.0,0
124.0,0.0,1.0,125.0,5.0,14.0,0
19.0,0.0,0.0,20.0,32.0,14.0,0
23.0,1.055814815,4.0,28.0,5.0,14.0,0
43.0,0.7396,2.0,49.0,5.0,14.0,0
8.0,0.0,0.0,8.0,23.0,14.0,0
23.0,0.0,0.0,23.0,32.0,14.0,0
6.0,0.0,0.0,6.0,32.0,14.0,0
16.0,0.0,0.0,16.0,32.0,14.0,0
2.0,0.0,0.0,2.0,5.0,14.0,0
5.0,0.0,0.0,7.0,5.0,15.0,0
71.0,0.22541355265,0.0,78.0,5.0,14.0,0
10.0,0.0,2.0,19.0,5.0,14.0,0
45.0,2.7487950000000003,3.0,57.0,5.0,14.0,1
84.0,0.5106148835,3.0,87.0,5.0,14.0,0
25.0,0.0,0.0,28.0,5.0,15.0,0
18.0,0.0,0.0,19.0,23.0,14.0,0
28.0,0.0,0.0,28.0,23.0,14.0,0
9.0,0.0,0.0,9.0,5.0,14.0,0
21.0,1.1534499999999999,0.0,23.0,5.0,14.0,0
51.0,0.14233898304999998,1.0,58.0,50.0,15.0,0
1.0,0.0,0.0,1.0,5.0,14.0,0
11.0,0.0,0.0,11.0,41.0,14.0,0
82.0,0.0,0.0,83.0,50.0,15.0,0
32.0,1.231918919,1.0,42.0,5.0,15.0,1
54.0,0.0,3.0,63.0,5.0,14.0,0
42.0,0.8848285714999999,0.0,44.0,50.0,15.0,1
25.0,1.1169600000000002,3.0,34.0,5.0,15.0,0
34.0,0.25927286375,0.0,38.0,5.0,14.0,0
5.0,0.0,0.0,5.0,41.0,14.0,0
75.0,0.2187200633,3.0,84.0,14.0,14.0,1
7.0,0.0,0.0,7.0,23.0,14.0,0
0.0,0.0,0.0,2.0,5.0,15.0,0
16.0,2.1596142855,0.0,16.0,5.0,14.0,0
38.0,0.0,0.0,38.0,32.0,14.0,0
19.0,0.0,0.0,20.0,5.0,14.0,0
9.0,0.0,2.0,11.0,5.0,14.0,0
3.0,0.0,0.0,5.0,5.0,14.0,0
26.0,0.0,3.0,39.0,5.0,14.0,0
50.0,0.0,0.0,51.0,5.0,14.0,0
1.0,0.0,0.0,1.0,23.0,14.0,0
15.0,0.0,4.0,22.0,5.0,14.0,0
32.0,1.045846154,0.0,39.0,5.0,14.0,0
3.0,0.0,0.0,3.0,14.0,14.0,0
6.0,0.0,0.0,6.0,5.0,14.0,0
50.0,0.1486607143,4.0,59.0,5.0,14.0,0
1.0,0.0,0.0,1.0,5.0,14.0,0
1.0,0.0,0.0,1.0,5.0,14.0,0
3.0,0.0,0.0,3.0,32.0,14.0,0
160.0,0.0291375,1.0,165.0,5.0,14.0,0
39.0,0.0,0.0,39.0,5.0,14.0,0
8.0,0.0,0.0,8.0,50.0,15.0,0
30.0,0.0,0.0,30.0,5.0,14.0,0
32.0,1.327275,0.0,37.0,5.0,14.0,0
34.0,0.9234947370000001,0.0,38.0,5.0,15.0,1
49.0,0.21884578945,0.0,55.0,23.0,14.0,0
43.0,0.0,1.0,44.0,5.0,15.0,0
4.0,0.0,0.0,5.0,5.0,15.0,0
29.0,1.7495833335,0.0,39.0,5.0,15.0,1
23.0,0.0,0.0,25.0,50.0,15.0,0
28.0,0.969090909,4.0,33.0,5.0,14.0,0
15.0,0.0,0.0,15.0,23.0,14.0,0
32.0,0.6242062500000001,1.0,33.0,23.0,14.0,1
30.0,0.0,0.0,30.0,32.0,14.0,0
3.0,0.0,0.0,6.0,5.0,14.0,0
127.0,0.0,5.0,135.0,5.0,14.0,0
64.0,0.2436984679,2.0,71.0,5.0,15.0,0
125.0,0.0,0.0,130.0,32.0,14.0,0
16.0,0.0,2.0,21.0,5.0,15.0,0
11.0,1.6473,1.0,13.0,14.0,14.0,1
66.0,7.160576924999999,2.0,68.0,5.0,15.0,1
53.0,1.6344845455,1.0,55.0,5.0,14.0,0
19.0,0.0,0.0,19.0,5.0,14.0,0
104.0,0.17156051585,7.0,126.0,5.0,15.0,0
1.0,0.0,0.0,1.0,5.0,14.0,0
3.0,0.0,0.0,3.0,5.0,15.0,0
7.0,0.0,0.0,8.0,5.0,14.0,0
2.0,0.0,0.0,2.0,5.0,14.0,0
35.0,0.653664706,0.0,36.0,5.0,15.0,1
14.0,0.0,1.0,15.0,32.0,14.0,0
11.0,0.0,0.0,13.0,5.0,15.0,0
7.0,0.0,0.0,9.0,5.0,14.0,0
15.0,1.69806,0.0,16.0,5.0,14.0,1
2.0,0.0,0.0,2.0,5.0,14.0,0
28.0,0.0,6.0,34.0,5.0,15.0,0
32.0,2.5558612745000002,0.0,35.0,5.0,14.0,0
16.0,0.0,4.0,27.0,5.0,14.0,0
5.0,0.0,0.0,5.0,32.0,14.0,0
73.0,0.2127125,0.0,80.0,5.0,14.0,0
27.0,2.2238666665,0.0,31.0,5.0,14.0,1
20.0,0.0,1.0,21.0,5.0,14.0,0
22.0,0.0,0.0,25.0,5.0,14.0,0
29.0,1.295165517,1.0,30.0,5.0,14.0,1
1.0,0.0,0.0,1.0,5.0,14.0,0
2.0,0.0,0.0,2.0,32.0,14.0,0
90.0,0.0861082474,0.0,102.0,5.0,14.0,0
14.0,0.0,0.0,14.0,32.0,14.0,0
30.0,0.0,0.0,30.0,5.0,14.0,0
15.0,0.0,0.0,15.0,5.0,14.0,0
6.0,0.0,0.0,8.0,5.0,15.0,0
43.0,0.0,0.0,43.0,32.0,14.0,0
98.0,0.8024303570000001,0.0,100.0,5.0,14.0,1
11.0,0.0,0.0,12.0,5.0,14.0,0
46.0,1.0512408165,2.0,53.0,14.0,14.0,0
1.0,0.0,0.0,1.0,23.0,14.0,0
17.0,0.0,0.0,17.0,41.0,14.0,0
2.0,0.0,0.0,2.0,5.0,14.0,0
44.0,0.3764651163,0.0,44.0,5.0,14.0,0
28.0,0.0,1.0,30.0,23.0,14.0,0
15.0,0.0,0.0,15.0,32.0,14.0,0
3.0,0.0,0.0,3.0,5.0,14.0,0
42.0,1.7616992249999999,0.0,46.0,5.0,14.0,0
49.0,0.30825,4.0,56.0,41.0,14.0,1
21.0,0.0,0.0,21.0,41.0,14.0,0
13.0,0.0,0.0,14.0,5.0,14.0,0
20.0,1.55952,0.0,20.0,32.0,14.0,1
16.0,0.0,0.0,21.0,5.0,15.0,0
30.0,0.0,1.0,32.0,5.0,14.0,0
13.0,0.0,0.0,13.0,5.0,15.0,0
15.0,0.0,0.0,15.0,5.0,14.0,0
36.0,0.9496346155,1.0,40.0,5.0,14.0,0
33.0,0.0,0.0,33.0,41.0,14.0,0
24.0,0.0,0.0,26.0,5.0,14.0,0
47.0,0.47086360655000004,6.0,68.0,5.0,15.0,0
13.0,0.0,4.0,21.0,5.0,15.0,0
2.0,0.0,0.0,2.0,5.0,14.0,0
5.0,0.0,0.0,8.0,5.0,15.0,0
28.0,0.0,0.0,28.0,50.0,15.0,0
10.0,0.0,0.0,10.0,5.0,14.0,0
56.0,0.20816297815,0.0,62.0,14.0,14.0,0
31.0,0.6317205880000001,0.0,39.0,5.0,14.0,1
27.0,0.0,2.0,29.0,5.0,15.0,0
1.0,0.0,0.0,1.0,5.0,14.0,0
14.0,0.0,1.0,19.0,5.0,15.0,0
13.0,0.0,0.0,13.0,41.0,14.0,0
9.0,0.0,0.0,11.0,14.0,14.0,0
1.0,0.0,0.0,1.0,5.0,14.0,0
22.0,0.0,0.0,22.0,41.0,14.0,0
30.0,0.0,4.0,36.0,5.0,14.0,0
16.0,0.0,0.0,19.0,14.0,14.0,0
13.0,0.0,0.0,13.0,50.0,15.0,0
10.0,0.0,0.0,11.0,5.0,14.0,0
3.0,0.0,0.0,3.0,5.0,14.0,0
0.0,0.0,0.0,1.0,5.0,14.0,0
1.0,0.0,0.0,1.0,50.0,15.0,0
2.0,0.0,0.0,2.0,5.0,14.0,0
47.0,0.40057766755,1.0,52.0,23.0,14.0,1
7.0,0.0,0.0,14.0,5.0,14.0,0
20.0,0.0,0.0,24.0,5.0,14.0,0
43.0,0.21213442030000002,0.0,50.0,5.0,15.0,0
4.0,0.0,0.0,4.0,23.0,14.0,0
31.0,1.1314947915,1.0,32.0,23.0,14.0,1
10.0,0.0,0.0,10.0,5.0,14.0,0
17.0,0.0,0.0,22.0,5.0,14.0,0
1.0,0.0,0.0,1.0,5.0,14.0,0
6.0,0.0,0.0,6.0,5.0,15.0,0
2.0,0.0,0.0,2.0,5.0,15.0,0
8.0,0.0,0.0,16.0,23.0,14.0,0
8.0,0.0,0.0,12.0,5.0,14.0,0
16.0,0.0,2.0,22.0,5.0,14.0,0
15.0,0.0,0.0,18.0,32.0,14.0,0
10.0,0.0,0.0,10.0,32.0,14.0,0
3.0,0.0,0.0,3.0,23.0,14.0,0
1.0,0.0,0.0,1.0,32.0,14.0,0
25.0,0.0,0.0,25.0,23.0,14.0,0
4.0,0.0,0.0,4.0,5.0,14.0,0
9.0,0.0,0.0,9.0,5.0,14.0,0
1.0,0.0,0.0,1.0,5.0,14.0,0
3.0,0.0,0.0,7.0,5.0,14.0,0
5.0,0.0,0.0,5.0,5.0,15.0,0
47.0,1.63996875,0.0,49.0,5.0,14.0,1
34.0,1.1802594595,1.0,37.0,14.0,14.0,1
25.0,0.0,1.0,26.0,5.0,14.0,0
34.0,0.0,0.0,34.0,5.0,14.0,0
2.0,0.0,0.0,2.0,23.0,14.0,0
5.0,0.0,0.0,5.0,5.0,14.0,0
7.0,0.0,0.0,7.0,14.0,14.0,0
5.0,0.0,2.0,15.0,5.0,14.0,0
25.0,0.0,2.0,28.0,5.0,15.0,0
6.0,0.0,0.0,6.0,5.0,14.0,0
45.0,0.0,5.0,56.0,5.0,14.0,0
32.0,0.0,1.0,36.0,5.0,14.0,0
50.0,0.9890675594999999,0.0,58.0,23.0,14.0,0
19.0,0.0,0.0,19.0,5.0,15.0,0
11.0,0.0,0.0,12.0,5.0,15.0,0
20.0,0.0,0.0,21.0,23.0,14.0,0
10.0,0.0,0.0,10.0,23.0,14.0,0
44.0,0.0,0.0,49.0,5.0,14.0,0
5.0,0.0,0.0,5.0,23.0,14.0,0
19.0,0.0,0.0,19.0,32.0,14.0,0
10.0,0.0,3.0,17.0,5.0,14.0,0
0.0,0.0,1.0,1.0,50.0,15.0,0
9.0,0.0,0.0,9.0,5.0,14.0,0
23.0,0.0,0.0,25.0,41.0,14.0,0
40.0,0.0,0.0,40.0,41.0,14.0,0
64.0,0.31105227274999997,0.0,67.0,32.0,14.0,1
23.0,0.0,0.0,23.0,41.0,14.0,0
7.0,0.0,0.0,7.0,14.0,14.0,0
65.0,0.13706000000000002,0.0,65.0,5.0,14.0,0
69.0,0.0,0.0,75.0,5.0,14.0,0
66.0,0.11042472219999999,0.0,73.0,5.0,14.0,0
19.0,0.0,0.0,23.0,5.0,14.0,0
13.0,0.0,0.0,20.0,5.0,14.0,0
3.0,3.2994,0.0,3.0,5.0,14.0,1
9.0,0.0,0.0,9.0,41.0,14.0,0
10.0,0.0,0.0,10.0,5.0,14.0,0
23.0,0.274725,2.0,28.0,5.0,15.0,1
48.0,0.0,0.0,48.0,5.0,14.0,0
77.0,0.38343197674999996,2.0,89.0,5.0,14.0,0
17.0,0.0,0.0,17.0,50.0,15.0,0
65.0,0.683079412,3.0,74.0,50.0,15.0,0
63.0,0.0,1.0,72.0,5.0,14.0,0
13.0,0.0,0.0,13.0,5.0,14.0,0
14.0,0.0,0.0,14.0,23.0,14.0,0
29.0,0.0,0.0,31.0,14.0,14.0,0
10.0,0.0,0.0,10.0,32.0,14.0,0
7.0,0.0,0.0,9.0,50.0,15.0,0
41.0,0.0,1.0,47.0,50.0,15.0,0
53.0,0.0,0.0,53.0,50.0,15.0,0
150.0,0.0,0.0,150.0,32.0,14.0,0
11.0,0.0,0.0,11.0,5.0,14.0,0
22.0,0.0,0.0,25.0,5.0,14.0,0
49.0,0.44899673074999996,1.0,52.0,41.0,14.0,0
12.0,4.3194,0.0,12.0,5.0,15.0,1
9.0,0.0,0.0,9.0,41.0,14.0,0
116.0,0.2473883138,2.0,127.0,41.0,14.0,0
105.0,0.12895324675,9.0,124.0,5.0,15.0,0
1.0,0.0,0.0,2.0,5.0,15.0,0
42.0,0.0,0.0,42.0,14.0,14.0,0
1.0,0.0,0.0,1.0,23.0,14.0,0
19.0,1.1164673685,1.0,24.0,5.0,15.0,1
1.0,0.0,0.0,1.0,5.0,15.0,0
52.0,0.0,0.0,55.0,5.0,14.0,0
15.0,0.0,0.0,19.0,41.0,14.0,0
2.0,0.0,0.0,2.0,5.0,14.0,0
9.0,0.0,0.0,10.0,14.0,14.0,0
6.0,0.0,0.0,6.0,23.0,14.0,0
39.0,1.6825050000000001,0.0,40.0,5.0,14.0,0
30.0,0.0,0.0,30.0,5.0,14.0,0
58.0,0.1284227381,3.0,72.0,5.0,14.0,0
5.0,0.0,0.0,5.0,5.0,14.0,0
5.0,0.0,0.0,5.0,5.0,14.0,0
5.0,0.0,0.0,5.0,41.0,14.0,0
8.0,0.0,0.0,8.0,41.0,14.0,0
1.0,0.0,0.0,1.0,5.0,14.0,0
19.0,0.0,0.0,20.0,5.0,14.0,0
10.0,0.0,0.0,10.0,41.0,14.0,0
16.0,0.0,0.0,16.0,5.0,14.0,0
2.0,0.0,0.0,2.0,5.0,14.0,0
1.0,0.0,2.0,3.0,32.0,14.0,0
27.0,0.0,0.0,27.0,5.0,14.0,0
25.0,0.928074,0.0,27.0,5.0,14.0,0
29.0,0.31553703705,3.0,40.0,23.0,14.0,0
13.0,0.0,0.0,13.0,23.0,14.0,0
10.0,0.0,0.0,13.0,5.0,14.0,0
12.0,0.0,0.0,14.0,5.0,14.0,0
14.0,0.0,4.0,21.0,32.0,14.0,0
29.0,0.0,0.0,31.0,5.0,14.0,0
6.0,0.0,0.0,6.0,50.0,15.0,0
12.0,0.0,0.0,12.0,5.0,14.0,0
1.0,0.0,0.0,1.0,5.0,15.0,0
10.0,0.0,0.0,10.0,5.0,14.0,0
28.0,0.28945142855,2.0,37.0,5.0,14.0,0
21.0,0.0,0.0,23.0,32.0,14.0,0
19.0,0.0,0.0,19.0,50.0,15.0,0
6.0,0.0,0.0,10.0,5.0,14.0,0
21.0,0.0,0.0,21.0,5.0,15.0,0
1.0,0.0,0.0,1.0,32.0,14.0,0
149.0,0.02566929935,0.0,160.0,32.0,14.0,0
12.0,0.0,0.0,12.0,32.0,14.0,0
9.0,0.0,0.0,12.0,5.0,15.0,0
11.0,0.0,0.0,13.0,14.0,14.0,0
92.0,0.0,0.0,93.0,5.0,15.0,0
10.0,0.0,0.0,10.0,23.0,14.0,0
13.0,0.0,0.0,13.0,5.0,14.0,0
89.0,2.143314045,2.0,91.0,5.0,15.0,0
16.0,0.0,0.0,21.0,5.0,14.0,0
12.0,3.5744,2.0,14.0,5.0,14.0,1
4.0,0.0,0.0,5.0,32.0,14.0,0
48.0,2.6994,0.0,55.0,5.0,14.0,0
61.0,0.0,0.0,66.0,32.0,14.0,0
22.0,0.0,0.0,22.0,32.0,14.0,0
9.0,0.0,2.0,14.0,32.0,14.0,0
36.0,0.0,2.0,43.0,5.0,14.0,0
41.0,0.5086125,2.0,57.0,5.0,15.0,1
4.0,0.0,0.0,4.0,32.0,14.0,0
34.0,0.0,0.0,34.0,23.0,14.0,0
77.0,2.0962594935,1.0,83.0,5.0,14.0,0
2.0,0.0,0.0,2.0,32.0,14.0,0
1.0,0.0,5.0,8.0,5.0,14.0,0
2.0,0.0,0.0,2.0,32.0,14.0,0
36.0,0.0,0.0,36.0,5.0,15.0,0
13.0,0.0,0.0,16.0,5.0,14.0,0
12.0,2.4812727275,0.0,12.0,5.0,14.0,1
22.0,0.0,0.0,24.0,5.0,15.0,0
95.0,0.0,1.0,104.0,5.0,15.0,0
4.0,0.0,0.0,4.0,5.0,15.0,0
75.0,0.42845670835,1.0,85.0,5.0,15.0,0
69.0,0.0,0.0,69.0,32.0,14.0,0
4.0,0.0,0.0,4.0,5.0,15.0,0
33.0,0.0,2.0,40.0,5.0,14.0,0
22.0,0.0,0.0,24.0,5.0,14.0,0
5.0,0.0,0.0,12.0,5.0,14.0,0
5.0,0.0,0.0,5.0,23.0,14.0,0
23.0,0.0,0.0,23.0,14.0,14.0,0
24.0,0.0,0.0,24.0,23.0,14.0,0
16.0,0.0,0.0,16.0,5.0,14.0,0
6.0,0.0,0.0,6.0,5.0,14.0,0
16.0,1.4397,1.0,18.0,5.0,15.0,1
5.0,0.0,0.0,5.0,5.0,14.0,0
19.0,0.0,0.0,19.0,23.0,14.0,0
8.0,0.0,0.0,8.0,50.0,15.0,0
14.0,0.0,0.0,17.0,5.0,15.0,0
7.0,0.0,0.0,7.0,5.0,15.0,0
81.0,0.0,0.0,87.0,5.0,14.0,0
23.0,0.0,0.0,23.0,14.0,14.0,0
60.0,0.0,0.0,66.0,32.0,14.0,0
7.0,0.0,0.0,7.0,32.0,14.0,0
19.0,0.0,0.0,24.0,5.0,14.0,0
22.0,0.0,0.0,23.0,5.0,14.0,0
16.0,0.0,0.0,16.0,5.0,14.0,0
8.0,0.0,0.0,8.0,5.0,14.0,0
27.0,0.0,0.0,27.0,41.0,14.0,0
48.0,0.15303829785,0.0,50.0,5.0,14.0,0
0.0,0.0,0.0,1.0,5.0,14.0,0
21.0,0.0,0.0,23.0,5.0,14.0,0
13.0,0.0,0.0,15.0,50.0,15.0,0
12.0,0.0,2.0,14.0,5.0,14.0,0
5.0,0.0,0.0,5.0,5.0,14.0,0
2.0,0.0,0.0,2.0,5.0,14.0,0
8.0,0.0,0.0,8.0,14.0,14.0,0
1.0,0.0,0.0,1.0,5.0,14.0,0
13.0,0.0,0.0,13.0,32.0,14.0,0
71.0,0.0,5.0,78.0,41.0,14.0,0
3.0,0.0,0.0,3.0,5.0,14.0,0
31.0,0.0,0.0,42.0,41.0,14.0,0
157.0,0.35763752260000004,1.0,164.0,41.0,14.0,0
21.0,0.0,1.0,22.0,41.0,14.0,0
6.0,0.0,0.0,6.0,5.0,14.0,0
1.0,0.0,0.0,1.0,5.0,14.0,0
42.0,0.38674515504999996,1.0,44.0,5.0,14.0,1
23.0,0.0,2.0,27.0,5.0,14.0,0
13.0,0.0,0.0,13.0,32.0,14.0,0
19.0,0.0,0.0,19.0,5.0,15.0,0
1.0,0.0,0.0,1.0,23.0,14.0,0
38.0,0.0,0.0,38.0,50.0,15.0,0
66.0,0.0,0.0,70.0,23.0,14.0,0
7.0,0.0,0.0,7.0,32.0,14.0,0
52.0,0.22521909089999997,1.0,59.0,5.0,14.0,0
49.0,0.0,3.0,62.0,5.0,14.0,0
30.0,0.7542441175000001,2.0,40.0,5.0,14.0,1
3.0,0.0,0.0,3.0,14.0,14.0,0
50.0,0.0,0.0,50.0,41.0,14.0,0
22.0,1.5589062500000002,3.0,30.0,5.0,14.0,0
12.0,0.0,0.0,12.0,5.0,15.0,0
14.0,0.0,0.0,14.0,5.0,14.0,0
13.0,0.0,0.0,13.0,5.0,14.0,0
3.0,0.0,0.0,3.0,5.0,15.0,0
19.0,0.0,0.0,19.0,14.0,14.0,0
38.0,0.0,0.0,38.0,23.0,14.0,0
1.0,0.0,0.0,1.0,41.0,14.0,0
41.0,0.0,0.0,41.0,14.0,14.0,0
7.0,0.0,0.0,7.0,5.0,15.0,0
15.0,0.0,2.0,17.0,5.0,14.0,0
27.0,1.17771875,1.0,32.0,5.0,14.0,1
1.0,0.0,0.0,1.0,5.0,14.0,0
32.0,0.0,0.0,38.0,5.0,15.0,0
12.0,0.0,0.0,12.0,41.0,14.0,0
14.0,1.488709091,2.0,26.0,5.0,14.0,1
22.0,0.0,0.0,26.0,5.0,14.0,0
36.0,0.0,0.0,41.0,23.0,14.0,0
154.0,0.0,4.0,167.0,5.0,14.0,0
31.0,0.0,2.0,42.0,5.0,14.0,0
1.0,0.0,0.0,1.0,5.0,14.0,0
4.0,0.0,0.0,4.0,23.0,14.0,0
220.0,0.0336563793,1.0,233.0,41.0,14.0,0
9.0,0.0,0.0,11.0,41.0,14.0,0
19.0,0.0,1.0,28.0,5.0,14.0,0
27.0,0.0,0.0,27.0,32.0,14.0,0
129.0,0.11367993875,2.0,138.0,5.0,15.0,0
4.0,0.0,0.0,4.0,5.0,14.0,0
12.0,0.0,0.0,12.0,5.0,15.0,0
9.0,0.0,0.0,9.0,5.0,14.0,0
4.0,0.0,0.0,4.0,5.0,15.0,0
1.0,0.0,0.0,1.0,5.0,15.0,0
15.0,2.8792,0.0,15.0,5.0,14.0,0
13.0,0.0,0.0,14.0,5.0,14.0,0
3.0,0.0,0.0,3.0,5.0,14.0,0
16.0,0.0,0.0,20.0,5.0,14.0,0
6.0,0.0,0.0,9.0,5.0,14.0,0
26.0,1.7174285715,1.0,30.0,5.0,14.0,1
17.0,0.91853125,0.0,18.0,5.0,14.0,0
60.0,0.2988030303,3.0,65.0,23.0,14.0,0
26.0,0.0,4.0,30.0,5.0,14.0,0
9.0,1.465777778,0.0,9.0,5.0,14.0,1
45.0,0.757602857,0.0,49.0,14.0,14.0,0
18.0,0.0,0.0,18.0,41.0,14.0,0
13.0,0.0,0.0,13.0,5.0,15.0,0
36.0,0.716562162,0.0,44.0,5.0,14.0,0
6.0,0.0,0.0,6.0,5.0,14.0,0
16.0,7.311937500000001,0.0,18.0,5.0,14.0,1
187.0,0.14369773405,2.0,208.0,5.0,14.0,0
15.0,0.0,0.0,15.0,5.0,14.0,0
2.0,0.0,0.0,2.0,5.0,14.0,0
4.0,0.0,0.0,4.0,32.0,14.0,0
20.0,0.0,0.0,20.0,41.0,14.0,0
34.0,0.0,0.0,34.0,5.0,14.0,0
3.0,0.0,0.0,3.0,5.0,14.0,0
6.0,0.0,2.0,10.0,5.0,14.0,0
37.0,1.9988888889999998,0.0,37.0,5.0,15.0,1
113.0,0.1306726461,1.0,138.0,5.0,15.0,0
24.0,0.0,0.0,24.0,5.0,14.0,0
21.0,0.0,0.0,21.0,5.0,14.0,0
25.0,2.716551852,1.0,33.0,5.0,15.0,1
21.0,0.0,0.0,21.0,50.0,15.0,0
22.0,5.068608695,0.0,24.0,5.0,15.0,1
18.0,0.0,0.0,18.0,14.0,14.0,0
42.0,0.0,3.0,57.0,32.0,14.0,0
22.0,0.0,0.0,22.0,32.0,14.0,0
16.0,0.0,2.0,27.0,5.0,14.0,0
28.0,0.0,0.0,28.0,5.0,15.0,0
11.0,0.0,0.0,11.0,5.0,15.0,0
4.0,0.0,0.0,4.0,32.0,14.0,0
31.0,0.0,0.0,31.0,50.0,15.0,0
5.0,0.0,0.0,5.0,5.0,14.0,0
14.0,1.6598,0.0,19.0,5.0,14.0,0
1.0,0.0,0.0,1.0,5.0,14.0,0
26.0,0.0,0.0,34.0,5.0,15.0,0
52.0,0.0,0.0,64.0,5.0,15.0,0
20.0,1.039557971,2.0,23.0,5.0,14.0,0
1.0,0.0,0.0,1.0,5.0,14.0,0
8.0,0.0,0.0,9.0,32.0,14.0,0
1.0,0.0,0.0,1.0,5.0,14.0,0
43.0,0.0,0.0,43.0,32.0,14.0,0
30.0,0.4755857143,3.0,37.0,5.0,14.0,1
9.0,0.0,0.0,9.0,41.0,14.0,0
31.0,0.0,0.0,36.0,5.0,14.0,0
37.0,1.66667907,4.0,46.0,5.0,14.0,0
24.0,0.0,0.0,26.0,41.0,14.0,0
9.0,0.0,0.0,9.0,5.0,14.0,0
8.0,0.0,0.0,8.0,5.0,15.0,0
27.0,0.0,0.0,27.0,5.0,15.0,0
22.0,0.0,0.0,32.0,14.0,14.0,0
12.0,0.0,3.0,19.0,5.0,14.0,0
154.0,0.9567076425,3.0,158.0,41.0,14.0,0
4.0,0.0,0.0,7.0,5.0,14.0,0
2.0,0.0,0.0,2.0,5.0,14.0,0
35.0,0.0,1.0,39.0,5.0,15.0,0
52.0,0.3805215574,0.0,66.0,5.0,14.0,0
3.0,0.0,0.0,3.0,32.0,14.0,0
10.0,0.0,0.0,12.0,5.0,15.0,0
4.0,0.0,0.0,4.0,50.0,15.0,0
7.0,0.0,0.0,7.0,5.0,14.0,0
21.0,0.0,0.0,21.0,41.0,14.0,0
24.0,0.0,0.0,26.0,5.0,14.0,0
28.0,0.0,0.0,29.0,50.0,15.0,0
112.0,0.0,0.0,116.0,41.0,14.0,0
8.0,0.0,0.0,8.0,5.0,14.0,0
26.0,0.0,0.0,26.0,5.0,14.0,0
51.0,0.0,2.0,63.0,5.0,14.0,0
42.0,0.0,0.0,42.0,32.0,14.0,0
60.0,0.1025407258,0.0,70.0,5.0,14.0,0
5.0,0.0,0.0,5.0,5.0,14.0,0
13.0,0.0,0.0,14.0,32.0,14.0,0
22.0,0.29985714285,0.0,24.0,50.0,15.0,0
1.0,0.0,0.0,1.0,41.0,14.0,0
10.0,0.0,0.0,12.0,5.0,14.0,0
13.0,0.0,0.0,13.0,32.0,14.0,0
6.0,0.0,0.0,6.0,50.0,15.0,0
47.0,0.0,0.0,49.0,5.0,14.0,0
32.0,10.75047059,0.0,34.0,5.0,14.0,1
28.0,0.0,0.0,30.0,5.0,15.0,0
2.0,0.0,0.0,2.0,32.0,14.0,0
35.0,0.2610352941,0.0,35.0,5.0,14.0,1
22.0,0.750238095,2.0,32.0,5.0,14.0,0
34.0,0.0,0.0,39.0,5.0,14.0,0
5.0,0.0,0.0,5.0,5.0,14.0,0
33.0,0.21151061224999998,2.0,40.0,5.0,15.0,0
1.0,0.0,0.0,1.0,5.0,14.0,0
50.0,0.5901168255,4.0,60.0,5.0,14.0,0
25.0,0.23547500000000002,0.0,25.0,50.0,15.0,1
3.0,0.0,0.0,3.0,5.0,15.0,0
13.0,0.0,0.0,15.0,5.0,14.0,0
9.0,0.0,0.0,10.0,5.0,14.0,0
23.0,0.0,0.0,25.0,5.0,14.0,0
8.0,0.0,0.0,8.0,5.0,15.0,0
21.0,0.0,0.0,26.0,5.0,14.0,0
1.0,0.0,0.0,1.0,5.0,14.0,0
27.0,0.0,1.0,28.0,5.0,14.0,0
17.0,0.0,0.0,18.0,5.0,15.0,0
23.0,0.0,0.0,23.0,32.0,14.0,0
1.0,0.0,0.0,1.0,5.0,14.0,0
8.0,0.0,0.0,8.0,23.0,14.0,0
12.0,0.0,0.0,12.0,5.0,14.0,0
0.0,0.0,0.0,0.0,5.0,15.0,0
39.0,0.49614864865,0.0,39.0,32.0,14.0,0
6.0,0.0,0.0,6.0,5.0,14.0,0
1.0,0.0,0.0,1.0,5.0,14.0,0
11.0,2.2148307689999998,0.0,14.0,5.0,14.0,1
1.0,0.0,0.0,1.0,5.0,15.0,0
26.0,0.0,0.0,26.0,5.0,15.0,0
20.0,0.0,0.0,20.0,5.0,14.0,0
9.0,0.0,0.0,9.0,14.0,14.0,0
6.0,0.0,0.0,12.0,5.0,14.0,0
26.0,0.0,0.0,27.0,5.0,15.0,0
22.0,0.0,0.0,22.0,32.0,14.0,0
4.0,0.0,0.0,6.0,14.0,14.0,0
58.0,0.0,0.0,60.0,41.0,14.0,0
6.0,0.0,0.0,6.0,5.0,14.0,0
40.0,0.0,0.0,40.0,5.0,14.0,0
11.0,0.0,0.0,11.0,5.0,14.0,0
7.0,0.0,0.0,7.0,5.0,14.0,0
2.0,0.0,0.0,2.0,41.0,14.0,0
5.0,0.0,0.0,5.0,32.0,14.0,0
51.0,0.15495,2.0,63.0,32.0,14.0,0
1.0,0.0,0.0,1.0,5.0,14.0,0
3.0,0.0,0.0,3.0,5.0,14.0,0
15.0,0.0,0.0,15.0,50.0,15.0,0
1.0,0.0,0.0,1.0,5.0,14.0,0
16.0,1.6071066665,0.0,17.0,32.0,14.0,1
16.0,0.0,0.0,16.0,41.0,14.0,0
26.0,0.249361875,2.0,38.0,5.0,14.0,0
28.0,0.0,0.0,32.0,5.0,14.0,0
1.0,0.0,0.0,1.0,41.0,14.0,0
6.0,0.0,0.0,6.0,14.0,14.0,0
5.0,0.0,0.0,5.0,32.0,14.0,0
30.0,0.0,0.0,30.0,5.0,14.0,0
42.0,0.0,0.0,42.0,23.0,14.0,0
15.0,0.9714050000000001,0.0,20.0,5.0,14.0,1
16.0,0.0,0.0,16.0,5.0,14.0,0
11.0,0.0,0.0,11.0,5.0,14.0,0
7.0,0.0,0.0,8.0,5.0,14.0,0
19.0,0.9797666665,0.0,20.0,5.0,15.0,1
29.0,0.0,0.0,29.0,41.0,14.0,0
2.0,0.0,0.0,2.0,5.0,14.0,0
41.0,0.0,0.0,47.0,5.0,14.0,0
86.0,0.1043891369,2.0,98.0,5.0,14.0,0
25.0,0.1959563492,3.0,32.0,5.0,15.0,0
17.0,0.0,0.0,17.0,41.0,14.0,0
4.0,0.0,0.0,9.0,41.0,14.0,0
11.0,0.0,0.0,12.0,32.0,14.0,0
29.0,0.0,0.0,29.0,5.0,14.0,0
64.0,0.3934475121,0.0,72.0,5.0,15.0,0
43.0,0.0,0.0,46.0,5.0,14.0,0
17.0,0.0,0.0,19.0,5.0,14.0,0
2.0,0.0,0.0,2.0,41.0,14.0,0
24.0,0.0,0.0,34.0,5.0,14.0,0
9.0,0.0,0.0,9.0,41.0,14.0,0
14.0,0.0,0.0,16.0,41.0,14.0,0
14.0,0.0,4.0,26.0,5.0,14.0,0
1.0,0.0,0.0,1.0,5.0,14.0,0
41.0,0.0,0.0,44.0,5.0,15.0,0
18.0,0.6279428570000001,0.0,24.0,5.0,14.0,1
5.0,0.0,0.0,5.0,23.0,14.0,0
2.0,0.0,0.0,2.0,5.0,15.0,0
67.0,0.0,0.0,67.0,41.0,14.0,0
36.0,1.672027778,1.0,38.0,5.0,15.0,0
62.0,0.4513660408,2.0,72.0,5.0,14.0,1
10.0,0.0,0.0,10.0,5.0,14.0,0
18.0,0.0,0.0,18.0,50.0,15.0,0
34.0,0.0,2.0,39.0,5.0,14.0,0
83.0,0.0,0.0,86.0,5.0,14.0,0
1.0,0.0,0.0,1.0,5.0,14.0,0
11.0,0.0,0.0,16.0,5.0,14.0,0
2.0,0.0,0.0,2.0,5.0,14.0,0
7.0,0.0,0.0,7.0,5.0,14.0,0
16.0,3.5972,0.0,20.0,5.0,15.0,1
5.0,0.0,0.0,5.0,5.0,14.0,0
52.0,0.6037344444999999,6.0,70.0,5.0,14.0,0
23.0,0.0,0.0,23.0,32.0,14.0,0
46.0,0.45009285715,0.0,56.0,23.0,14.0,0
24.0,0.0,0.0,27.0,14.0,14.0,0
3.0,0.0,0.0,3.0,41.0,14.0,0
16.0,0.0,0.0,16.0,32.0,14.0,0
7.0,0.0,0.0,7.0,5.0,15.0,0
34.0,0.0,0.0,34.0,23.0,14.0,0
39.0,0.670149128,1.0,46.0,5.0,14.0,1
14.0,0.0,1.0,24.0,5.0,15.0,0
35.0,0.748216,0.0,35.0,5.0,15.0,1
1.0,0.0,0.0,1.0,50.0,15.0,0
27.0,1.570392,0.0,27.0,5.0,14.0,1
8.0,0.0,0.0,8.0,5.0,15.0,0
10.0,0.0,2.0,14.0,5.0,15.0,0
9.0,0.0,0.0,9.0,41.0,14.0,0
37.0,0.0,2.0,40.0,50.0,15.0,0
26.0,0.0,0.0,26.0,5.0,14.0,0
16.0,0.0,0.0,21.0,5.0,14.0,0
104.0,0.36726608695,4.0,119.0,5.0,14.0,0
12.0,0.0,1.0,13.0,5.0,14.0,0
4.0,0.0,0.0,4.0,5.0,14.0,0
37.0,2.3965641025,0.0,40.0,5.0,15.0,1
13.0,0.0,0.0,13.0,32.0,14.0,0
7.0,0.0,0.0,7.0,41.0,14.0,0
27.0,1.51346875,2.0,34.0,5.0,15.0,1
37.0,0.23721031744999999,1.0,43.0,5.0,15.0,0
12.0,1.724625,1.0,13.0,41.0,14.0,1
25.0,0.5222249999999999,0.0,25.0,5.0,14.0,1
20.0,0.0,0.0,22.0,5.0,14.0,0
6.0,0.0,0.0,6.0,5.0,14.0,0
11.0,0.0,0.0,11.0,23.0,14.0,0
14.0,2.761823077,0.0,14.0,5.0,14.0,1
44.0,0.0,0.0,46.0,5.0,14.0,0
18.0,1.0196999999999998,0.0,19.0,5.0,14.0,0
38.0,0.0,0.0,38.0,14.0,14.0,0
2.0,0.0,0.0,2.0,5.0,14.0,0
8.0,3.2394,0.0,8.0,5.0,14.0,1
8.0,0.0,0.0,11.0,5.0,14.0,0
2.0,0.0,0.0,2.0,5.0,14.0,0
10.0,0.0,0.0,10.0,41.0,14.0,0
20.0,0.0,0.0,21.0,41.0,14.0,0
7.0,0.0,0.0,7.0,23.0,14.0,0
2.0,0.0,0.0,2.0,5.0,14.0,0
15.0,1.4924,1.0,16.0,5.0,14.0,1
8.0,0.0,0.0,16.0,5.0,14.0,0
14.0,0.0,0.0,14.0,5.0,14.0,0
31.0,0.0,0.0,31.0,23.0,14.0,0
16.0,0.0,0.0,16.0,5.0,15.0,0
7.0,0.0,0.0,7.0,5.0,14.0,0
2.0,0.0,0.0,2.0,5.0,14.0,0
13.0,0.0,0.0,13.0,32.0,14.0,0
3.0,0.0,0.0,4.0,41.0,14.0,0
44.0,1.426576744,0.0,45.0,32.0,14.0,1
39.0,0.0,0.0,39.0,23.0,14.0,0
3.0,0.0,0.0,3.0,5.0,14.0,0
22.0,0.949780769,3.0,26.0,23.0,14.0,1
6.0,0.0,0.0,6.0,41.0,14.0,0
10.0,0.0,0.0,10.0,23.0,14.0,0
15.0,0.0,0.0,15.0,5.0,14.0,0
56.0,0.655866959,0.0,59.0,5.0,14.0,1
33.0,0.0,0.0,33.0,32.0,14.0,0
15.0,0.0,0.0,15.0,5.0,14.0,0
1.0,0.0,0.0,1.0,5.0,14.0,0
115.0,0.0,3.0,132.0,5.0,14.0,0
13.0,0.0,0.0,16.0,5.0,14.0,0
53.0,0.0,0.0,56.0,5.0,14.0,0
131.0,0.03805381295,5.0,146.0,5.0,14.0,0
159.0,0.0,0.0,159.0,23.0,14.0,0
12.0,0.0,0.0,12.0,32.0,14.0,0
7.0,0.0,0.0,14.0,5.0,14.0,0
8.0,0.0,0.0,8.0,5.0,14.0,0
50.0,2.6614408165,0.0,50.0,5.0,15.0,1
1.0,0.0,0.0,1.0,5.0,14.0,0
22.0,0.0,0.0,22.0,41.0,14.0,0
8.0,0.0,0.0,8.0,5.0,14.0,0
14.0,0.0,0.0,14.0,5.0,14.0,0
16.0,0.0,0.0,20.0,5.0,14.0,0
3.0,0.0,0.0,5.0,41.0,14.0,0
3.0,0.0,0.0,3.0,5.0,15.0,0
20.0,1.712668421,0.0,21.0,5.0,14.0,1
14.0,0.0,0.0,14.0,5.0,15.0,0
52.0,0.0,2.0,61.0,5.0,14.0,0
16.0,0.0,0.0,16.0,5.0,14.0,0
6.0,0.0,0.0,6.0,5.0,14.0,0
23.0,0.532402857,5.0,31.0,5.0,14.0,1
1.0,0.0,0.0,1.0,5.0,14.0,0
43.0,0.23799676870000003,3.0,57.0,5.0,14.0,0
2.0,0.0,0.0,2.0,5.0,15.0,0
4.0,0.0,0.0,4.0,5.0,14.0,0
14.0,0.0,0.0,15.0,5.0,14.0,0
12.0,0.0,0.0,12.0,5.0,14.0,0
38.0,0.0,0.0,38.0,14.0,14.0,0
14.0,0.0,0.0,18.0,5.0,15.0,0
29.0,0.0,0.0,29.0,5.0,14.0,0
7.0,0.0,0.0,7.0,5.0,15.0,0
9.0,0.0,0.0,9.0,23.0,14.0,0
13.0,0.0,1.0,14.0,5.0,14.0,0
46.0,0.0,0.0,48.0,23.0,14.0,0
8.0,0.0,0.0,14.0,5.0,15.0,0
20.0,0.0,0.0,20.0,14.0,14.0,0
6.0,0.0,0.0,6.0,5.0,14.0,0
35.0,1.9877886180000002,0.0,45.0,5.0,14.0,0
62.0,0.8539891175,1.0,69.0,14.0,14.0,1
1.0,0.0,0.0,1.0,5.0,14.0,0
32.0,0.0,0.0,36.0,5.0,15.0,0
65.0,0.2691484375,0.0,66.0,14.0,14.0,0
12.0,0.0,0.0,12.0,5.0,14.0,0
68.0,0.0,0.0,73.0,41.0,14.0,0
19.0,0.0,0.0,21.0,5.0,15.0,0
25.0,0.0,0.0,25.0,23.0,14.0,0
10.0,0.0,0.0,12.0,5.0,14.0,0
16.0,0.0,0.0,16.0,5.0,14.0,0
5.0,0.0,0.0,5.0,5.0,14.0,0
11.0,0.0,0.0,11.0,5.0,15.0,0
4.0,0.0,0.0,4.0,5.0,14.0,0
10.0,4.899,0.0,10.0,5.0,15.0,1
5.0,0.0,0.0,5.0,32.0,14.0,0
19.0,0.0,0.0,19.0,5.0,15.0,0
47.0,0.27331938775000003,0.0,51.0,50.0,15.0,0
37.0,0.0,0.0,37.0,50.0,15.0,0
94.0,0.0,0.0,99.0,5.0,14.0,0
16.0,0.0,0.0,16.0,5.0,15.0,0
13.0,0.0,0.0,13.0,23.0,14.0,0
22.0,0.0,0.0,27.0,14.0,14.0,0
6.0,0.0,0.0,6.0,5.0,14.0,0
37.0,0.0,0.0,40.0,5.0,14.0,0
16.0,1.9909428569999998,2.0,22.0,5.0,14.0,1
5.0,0.0,0.0,5.0,5.0,14.0,0
115.0,0.0,0.0,116.0,5.0,14.0,0
31.0,1.4887363635,0.0,37.0,5.0,15.0,0
10.0,0.0,0.0,10.0,32.0,14.0,0
23.0,0.0,0.0,24.0,5.0,14.0,0
204.0,0.0,2.0,212.0,23.0,14.0,0
68.0,0.0,0.0,74.0,41.0,14.0,0
7.0,0.0,0.0,7.0,5.0,15.0,0
40.0,0.0,0.0,40.0,41.0,14.0,0
35.0,0.634291579,0.0,42.0,5.0,15.0,0
12.0,0.0,0.0,12.0,5.0,14.0,0
5.0,0.0,0.0,5.0,23.0,14.0,0
23.0,0.0,0.0,23.0,41.0,14.0,0
7.0,0.0,0.0,7.0,5.0,14.0,0
3.0,0.0,0.0,3.0,32.0,14.0,0
4.0,0.0,0.0,4.0,23.0,14.0,0
66.0,1.048619863,0.0,72.0,5.0,14.0,1
142.0,0.7738603815,2.0,149.0,5.0,15.0,1
33.0,0.0,0.0,37.0,23.0,14.0,0
25.0,0.0,0.0,25.0,5.0,14.0,0
31.0,1.129443243,2.0,47.0,5.0,15.0,1
50.0,0.641852564,2.0,54.0,41.0,14.0,0
24.0,0.0,0.0,29.0,50.0,15.0,0
5.0,0.0,0.0,5.0,5.0,14.0,0
14.0,0.0,0.0,14.0,5.0,15.0,0
24.0,0.0,0.0,24.0,5.0,15.0,0
19.0,0.0,0.0,20.0,5.0,14.0,0
14.0,0.0,1.0,20.0,5.0,15.0,0
36.0,2.6550714285000003,0.0,36.0,5.0,14.0,1
7.0,0.0,0.0,7.0,32.0,14.0,0
11.0,0.0,0.0,11.0,5.0,14.0,0
19.0,0.0,0.0,19.0,23.0,14.0,0
8.0,0.0,0.0,8.0,32.0,14.0,0
1.0,0.0,0.0,1.0,5.0,14.0,0
23.0,0.0,0.0,25.0,5.0,14.0,0
3.0,0.0,0.0,3.0,5.0,14.0,0
48.0,0.0,0.0,48.0,5.0,14.0,0
45.0,0.9062230435,0.0,46.0,5.0,14.0,0
41.0,0.0,1.0,42.0,5.0,14.0,0
24.0,0.0,0.0,24.0,5.0,15.0,0
19.0,2.4774136365,0.0,22.0,5.0,15.0,1
3.0,0.0,0.0,3.0,32.0,14.0,0
14.0,2.1626000000000003,1.0,15.0,14.0,14.0,1
1.0,0.0,0.0,1.0,23.0,14.0,0
55.0,0.3645878788,0.0,56.0,5.0,15.0,0
13.0,0.0,0.0,16.0,5.0,14.0,0
6.0,0.0,0.0,6.0,5.0,15.0,0
11.0,0.5010428570000001,2.0,14.0,32.0,14.0,1
30.0,0.0,0.0,34.0,14.0,14.0,0
43.0,0.0,2.0,49.0,5.0,15.0,0
28.0,0.0,0.0,29.0,32.0,14.0,0
32.0,0.0,2.0,34.0,5.0,14.0,0
31.0,0.0,0.0,31.0,5.0,14.0,0
28.0,0.0,0.0,36.0,5.0,15.0,0
206.0,1.3011885315,0.0,218.0,5.0,14.0,0
16.0,0.0,0.0,16.0,41.0,14.0,0
102.0,0.0,6.0,113.0,5.0,15.0,0
83.0,4.106183908,0.0,91.0,5.0,15.0,1
6.0,0.0,0.0,6.0,23.0,14.0,0
2.0,0.0,0.0,5.0,41.0,14.0,0
22.0,0.0,0.0,23.0,5.0,15.0,0
18.0,0.0,0.0,18.0,5.0,14.0,0
5.0,0.0,0.0,5.0,5.0,14.0,0
1.0,0.0,0.0,1.0,5.0,14.0,0
52.0,0.0,0.0,52.0,5.0,14.0,0
22.0,1.2597,0.0,22.0,41.0,14.0,1
11.0,0.0,0.0,12.0,14.0,14.0,0
11.0,0.0,0.0,12.0,5.0,14.0,0
53.0,0.0,0.0,53.0,23.0,14.0,0
26.0,0.0,0.0,26.0,41.0,14.0,0
7.0,0.0,0.0,7.0,5.0,14.0,0
53.0,3.7654323455,0.0,55.0,5.0,14.0,0
4.0,0.0,0.0,4.0,5.0,14.0,0
6.0,0.0,0.0,10.0,50.0,15.0,0
6.0,0.0,0.0,6.0,5.0,14.0,0
43.0,0.0,0.0,43.0,5.0,14.0,0
8.0,0.0,0.0,8.0,5.0,14.0,0
2.0,0.0,0.0,2.0,5.0,15.0,0
9.0,0.0,0.0,9.0,14.0,14.0,0
43.0,0.0,1.0,50.0,5.0,15.0,0
9.0,0.0,0.0,9.0,5.0,15.0,0
24.0,0.0,0.0,24.0,50.0,15.0,0
64.0,0.14977328765,1.0,78.0,5.0,15.0,0
31.0,0.9042923074999999,1.0,40.0,5.0,14.0,1
313.0,0.34882523145,3.0,326.0,50.0,15.0,0
145.0,0.11767223140000001,3.0,149.0,50.0,15.0,0
17.0,0.0,0.0,17.0,5.0,14.0,0
25.0,0.0,0.0,28.0,5.0,14.0,0
4.0,0.0,2.0,6.0,5.0,15.0,0
60.0,0.6859062855,4.0,74.0,23.0,14.0,0
57.0,0.8583729825,1.0,58.0,32.0,14.0,1
18.0,0.0,0.0,18.0,50.0,15.0,0
25.0,0.0,0.0,25.0,41.0,14.0,0
9.0,0.0,0.0,9.0,5.0,14.0,0
1.0,0.0,0.0,1.0,5.0,15.0,0
5.0,0.0,0.0,5.0,32.0,14.0,0
6.0,0.0,0.0,6.0,41.0,14.0,0
20.0,0.0,0.0,22.0,5.0,15.0,0
7.0,0.0,0.0,7.0,5.0,15.0,0
85.0,0.0,2.0,90.0,50.0,15.0,0
4.0,0.0,0.0,4.0,5.0,15.0,0
17.0,0.0,1.0,23.0,5.0,14.0,0
54.0,0.0,0.0,55.0,5.0,14.0,0
97.0,0.0,0.0,99.0,5.0,14.0,0
2.0,0.0,0.0,2.0,5.0,14.0,0
28.0,0.5509714285,0.0,28.0,5.0,14.0,1
1.0,0.0,0.0,1.0,14.0,14.0,0
21.0,0.0,1.0,26.0,5.0,14.0,0
30.0,0.80946,0.0,32.0,5.0,15.0,1
10.0,0.0,0.0,11.0,5.0,15.0,0
61.0,0.0,0.0,63.0,5.0,14.0,0
83.0,0.0,7.0,93.0,5.0,14.0,0
21.0,0.0,0.0,24.0,14.0,14.0,0
17.0,0.46485000000000004,0.0,18.0,5.0,14.0,0
11.0,0.0,0.0,11.0,5.0,15.0,0
19.0,0.0,2.0,22.0,5.0,14.0,0
21.0,0.0,0.0,25.0,5.0,14.0,0
22.0,0.0,0.0,22.0,5.0,15.0,0
56.0,0.0,1.0,58.0,32.0,14.0,0
2.0,0.0,0.0,2.0,5.0,14.0,0
5.0,0.0,0.0,5.0,5.0,14.0,0
2.0,0.0,0.0,5.0,5.0,14.0,0
4.0,0.0,0.0,4.0,32.0,14.0,0
18.0,0.0,0.0,18.0,41.0,14.0,0
14.0,0.0,0.0,14.0,5.0,14.0,0
6.0,0.0,0.0,6.0,5.0,14.0,0
81.0,1.394988764,1.0,88.0,5.0,15.0,0
5.0,0.0,0.0,5.0,5.0,14.0,0
5.0,0.0,0.0,5.0,5.0,14.0,0
11.0,3.9591000000000003,0.0,12.0,5.0,14.0,1
25.0,0.0,0.0,28.0,5.0,14.0,0
5.0,0.0,0.0,8.0,5.0,15.0,0
7.0,0.0,0.0,7.0,5.0,14.0,0
5.0,0.0,0.0,5.0,50.0,15.0,0
67.0,0.0,2.0,78.0,5.0,14.0,0
34.0,0.0,0.0,34.0,41.0,14.0,0
198.0,0.5989553465,1.0,202.0,5.0,15.0,1
90.0,0.0,0.0,90.0,41.0,14.0,0
17.0,0.0,6.0,25.0,5.0,14.0,0
4.0,0.0,0.0,5.0,5.0,14.0,0
27.0,0.0,0.0,29.0,41.0,14.0,0
4.0,0.0,0.0,4.0,23.0,14.0,0
27.0,0.0,0.0,27.0,41.0,14.0,0
11.0,0.0,0.0,11.0,5.0,15.0,0
51.0,0.7678801694999999,1.0,57.0,5.0,14.0,1
20.0,0.0,0.0,20.0,41.0,14.0,0
48.0,0.0,0.0,53.0,5.0,14.0,0
25.0,0.0,0.0,28.0,5.0,14.0,0
26.0,0.29905833335,0.0,31.0,5.0,14.0,0
14.0,0.0,0.0,14.0,5.0,14.0,0
59.0,0.0,0.0,62.0,5.0,14.0,0
22.0,0.0,0.0,24.0,5.0,14.0,0
19.0,0.609,0.0,22.0,32.0,14.0,1
39.0,0.7498214285,2.0,44.0,5.0,14.0,0
81.0,0.0,2.0,92.0,5.0,14.0,0
37.0,0.7624500000000001,0.0,38.0,23.0,14.0,1
85.0,0.0,1.0,86.0,32.0,14.0,0
13.0,0.0,0.0,13.0,23.0,14.0,0
10.0,0.0,0.0,10.0,5.0,14.0,0
36.0,0.0,1.0,37.0,50.0,15.0,0
4.0,0.0,0.0,6.0,5.0,14.0,0
44.0,0.0,0.0,44.0,32.0,14.0,0
5.0,0.0,0.0,5.0,5.0,14.0,0
1.0,0.0,0.0,1.0,5.0,15.0,0
11.0,0.0,0.0,15.0,5.0,15.0,0
3.0,0.0,0.0,3.0,23.0,14.0,0
7.0,0.0,0.0,7.0,5.0,14.0,0
62.0,0.46559274195,2.0,64.0,5.0,15.0,0
11.0,0.0,0.0,11.0,5.0,14.0,0
56.0,0.5122991525,0.0,61.0,5.0,14.0,0
15.0,0.0,0.0,15.0,41.0,14.0,0
17.0,0.0,0.0,17.0,32.0,14.0,0
6.0,0.0,0.0,6.0,5.0,14.0,0
13.0,0.0,0.0,13.0,5.0,14.0,0
11.0,0.0,2.0,20.0,5.0,14.0,0
5.0,0.0,0.0,5.0,5.0,14.0,0
8.0,0.0,0.0,8.0,14.0,14.0,0
6.0,0.0,2.0,9.0,14.0,14.0,0
57.0,0.0,2.0,60.0,50.0,15.0,0
63.0,1.1044,1.0,64.0,5.0,14.0,1
22.0,0.0,0.0,22.0,41.0,14.0,0
18.0,0.0,0.0,22.0,5.0,15.0,0
15.0,0.0,3.0,19.0,5.0,15.0,0
22.0,0.0,0.0,24.0,32.0,14.0,0
2.0,0.0,0.0,2.0,41.0,14.0,0
22.0,0.0,0.0,25.0,5.0,14.0,0
34.0,0.0,0.0,36.0,5.0,14.0,0
2.0,0.0,0.0,2.0,5.0,14.0,0
3.0,0.0,0.0,9.0,5.0,14.0,0
3.0,0.0,0.0,5.0,32.0,14.0,0
89.0,0.0,0.0,89.0,41.0,14.0,0
14.0,0.4703769231,0.0,15.0,5.0,14.0,1
5.0,0.0,0.0,5.0,32.0,14.0,0
26.0,0.0,0.0,34.0,32.0,14.0,0
42.0,0.0,1.0,47.0,5.0,14.0,0
41.0,0.0,0.0,41.0,5.0,14.0,0
16.0,0.0,0.0,19.0,5.0,14.0,0
15.0,0.0,0.0,15.0,5.0,14.0,0
48.0,0.0,0.0,51.0,5.0,14.0,0
58.0,0.0,0.0,58.0,41.0,14.0,0
5.0,0.0,0.0,5.0,5.0,15.0,0
20.0,0.0,0.0,21.0,41.0,14.0,0
25.0,0.0,1.0,32.0,5.0,14.0,0
3.0,0.0,0.0,3.0,5.0,15.0,0
19.0,0.0,0.0,22.0,5.0,15.0,0
6.0,0.0,0.0,6.0,41.0,14.0,0
181.0,0.564803522,0.0,188.0,5.0,15.0,0
126.0,0.1388453634,1.0,137.0,32.0,14.0,0
21.0,0.0,0.0,22.0,32.0,14.0,0
37.0,2.483153846,0.0,42.0,5.0,14.0,1
42.0,0.0,0.0,42.0,5.0,14.0,0
11.0,0.0,0.0,11.0,32.0,14.0,0
35.0,0.0,0.0,38.0,5.0,14.0,0
62.0,0.0,0.0,63.0,5.0,14.0,0
13.0,0.0,1.0,14.0,5.0,14.0,0
1.0,0.0,0.0,1.0,5.0,14.0,0
9.0,0.0,0.0,9.0,50.0,15.0,0
15.0,0.0,0.0,15.0,5.0,14.0,0
6.0,0.0,0.0,6.0,14.0,14.0,0
6.0,0.0,0.0,10.0,5.0,14.0,0
26.0,0.9777509674999999,0.0,37.0,5.0,14.0,0
8.0,0.0,0.0,8.0,5.0,15.0,0
9.0,0.0,0.0,9.0,32.0,14.0,0
7.0,0.0,0.0,7.0,41.0,14.0,0
25.0,0.0,0.0,26.0,5.0,14.0,0
13.0,11.998999999999999,0.0,13.0,5.0,14.0,1
31.0,0.0,0.0,31.0,5.0,15.0,0
5.0,0.0,0.0,5.0,5.0,14.0,0
34.0,0.0,0.0,35.0,50.0,15.0,0
79.0,0.0,1.0,82.0,50.0,15.0,0
11.0,0.0,0.0,11.0,5.0,14.0,0
10.0,0.0,0.0,10.0,5.0,14.0,0
28.0,0.27846428570000004,0.0,30.0,5.0,15.0,0
10.0,0.0,0.0,12.0,5.0,14.0,0
23.0,1.2808229165,0.0,26.0,41.0,14.0,0
22.0,0.6279428570000001,0.0,22.0,5.0,14.0,1
25.0,0.0,0.0,33.0,5.0,14.0,0
22.0,0.0,1.0,30.0,5.0,14.0,0
13.0,0.0,0.0,13.0,5.0,15.0,0
11.0,0.0,0.0,11.0,32.0,14.0,0
26.0,0.0,1.0,28.0,5.0,14.0,0
15.0,0.0,0.0,15.0,41.0,14.0,0
106.0,0.0,2.0,108.0,50.0,15.0,0
5.0,0.0,0.0,5.0,5.0,14.0,0
12.0,1.311490909,0.0,13.0,5.0,15.0,1
42.0,4.002172093,0.0,44.0,5.0,15.0,1
1.0,0.0,0.0,1.0,5.0,15.0,0
26.0,0.0,0.0,26.0,14.0,14.0,0
35.0,1.9635728570000002,2.0,37.0,5.0,14.0,1
4.0,0.0,0.0,4.0,5.0,14.0,0
9.0,0.0,0.0,9.0,5.0,14.0,0
3.0,0.0,0.0,3.0,32.0,14.0,0
1.0,0.0,0.0,1.0,5.0,14.0,0
4.0,0.0,0.0,4.0,5.0,15.0,0
46.0,0.0,0.0,50.0,5.0,15.0,0
11.0,0.0,0.0,13.0,5.0,15.0,0
1.0,0.0,0.0,1.0,41.0,14.0,0
5.0,0.0,0.0,5.0,41.0,14.0,0
61.0,0.0,0.0,73.0,5.0,14.0,0
10.0,0.0,0.0,10.0,14.0,14.0,0
8.0,0.0,0.0,8.0,14.0,14.0,0
48.0,0.43905721155000005,0.0,55.0,5.0,14.0,0
9.0,0.0,0.0,9.0,32.0,14.0,0
38.0,0.14837466665000001,1.0,48.0,5.0,14.0,0
20.0,0.8695857145,0.0,28.0,5.0,15.0,1
47.0,0.0,0.0,47.0,5.0,15.0,0
18.0,0.0,0.0,18.0,41.0,14.0,0
22.0,0.0,0.0,24.0,32.0,14.0,0
21.0,2.093448,0.0,26.0,5.0,14.0,1
30.0,0.0,2.0,36.0,5.0,15.0,0
12.0,0.0,0.0,14.0,5.0,14.0,0
157.0,0.14587590445,4.0,178.0,41.0,14.0,0
1.0,0.0,0.0,1.0,5.0,15.0,0
6.0,0.0,0.0,9.0,41.0,14.0,0
5.0,0.0,0.0,5.0,5.0,15.0,0
2.0,0.0,0.0,3.0,5.0,15.0,0
19.0,0.0,0.0,19.0,41.0,14.0,0
85.0,0.0,0.0,95.0,5.0,14.0,0
32.0,0.0,0.0,35.0,5.0,15.0,0
112.0,3.0216926314999997,0.0,121.0,14.0,14.0,1
29.0,0.0,0.0,30.0,5.0,14.0,0
46.0,0.0,0.0,46.0,50.0,15.0,0
2.0,0.0,0.0,2.0,5.0,14.0,0
22.0,0.0,0.0,26.0,5.0,15.0,0
74.0,0.533665854,1.0,91.0,32.0,14.0,0
1.0,0.0,0.0,1.0,14.0,14.0,0
17.0,1.6404260870000003,4.0,25.0,5.0,14.0,1
24.0,0.0,2.0,32.0,5.0,15.0,0
1.0,0.0,0.0,1.0,5.0,14.0,0
11.0,0.0,0.0,11.0,5.0,14.0,0
25.0,0.0,0.0,28.0,5.0,14.0,0
86.0,0.0,0.0,86.0,32.0,14.0,0
4.0,0.0,0.0,5.0,5.0,14.0,0
63.0,0.0,2.0,65.0,5.0,14.0,0
109.0,0.0,1.0,112.0,14.0,14.0,0
2.0,0.0,0.0,2.0,5.0,14.0,0
1.0,0.0,0.0,1.0,32.0,14.0,0
6.0,0.0,0.0,6.0,41.0,14.0,0
1.0,0.0,0.0,1.0,5.0,14.0,0
19.0,3.017117647,0.0,20.0,32.0,14.0,1
112.0,0.0,3.0,130.0,5.0,14.0,0
36.0,0.0,3.0,40.0,5.0,14.0,0
0.0,0.0,0.0,0.0,5.0,14.0,0
26.0,0.0,0.0,32.0,5.0,14.0,0
18.0,0.0,1.0,19.0,5.0,15.0,0
15.0,5.7743125,0.0,16.0,5.0,14.0,1
85.0,0.688677907,0.0,90.0,41.0,14.0,0
4.0,0.0,0.0,4.0,23.0,14.0,0
23.0,1.2706607145,3.0,30.0,32.0,14.0,1
10.0,2.5588,0.0,10.0,5.0,14.0,1
80.0,0.37650535715,2.0,88.0,41.0,14.0,0
2.0,0.0,0.0,5.0,41.0,14.0,0
58.0,0.0,2.0,63.0,32.0,14.0,0
79.0,0.0,0.0,79.0,5.0,14.0,0
11.0,0.0,0.0,11.0,5.0,14.0,0
111.0,5.9820736850000005,6.0,121.0,5.0,14.0,0
12.0,0.0,0.0,13.0,23.0,14.0,0
109.0,0.644575,1.0,118.0,5.0,14.0,1
54.0,0.0,1.0,57.0,5.0,14.0,0
8.0,0.0,0.0,10.0,5.0,14.0,0
5.0,0.0,1.0,12.0,5.0,14.0,0
49.0,0.1745018182,0.0,58.0,5.0,15.0,0
26.0,2.2849367815,0.0,31.0,5.0,14.0,0
12.0,0.0,0.0,12.0,5.0,14.0,0
12.0,0.0,0.0,12.0,32.0,14.0,0
4.0,0.0,0.0,4.0,5.0,14.0,0
32.0,0.16613333335,1.0,35.0,5.0,15.0,0
3.0,0.0,0.0,3.0,5.0,14.0,0
79.0,0.0,2.0,89.0,5.0,14.0,0
15.0,0.0,0.0,15.0,5.0,14.0,0
131.0,0.44804482324999995,0.0,135.0,5.0,14.0,0
75.0,0.0,0.0,77.0,5.0,14.0,0
35.0,0.0,0.0,38.0,41.0,14.0,0
25.0,0.0,0.0,25.0,41.0,14.0,0
19.0,1.1810795454999998,0.0,22.0,5.0,15.0,1
13.0,1.832722222,0.0,19.0,5.0,14.0,1
57.0,0.2652,0.0,61.0,5.0,15.0,0
17.0,0.0,0.0,18.0,5.0,14.0,0
1.0,0.0,0.0,1.0,32.0,14.0,0
7.0,0.0,0.0,9.0,5.0,14.0,0
6.0,0.0,0.0,6.0,5.0,14.0,0
26.0,0.092376,0.0,27.0,5.0,14.0,0
22.0,0.2139647059,3.0,35.0,5.0,14.0,0
71.0,0.0,2.0,78.0,5.0,14.0,0
16.0,0.0,0.0,18.0,5.0,14.0,0
5.0,0.0,0.0,7.0,32.0,14.0,0
1.0,0.0,0.0,1.0,5.0,14.0,0
20.0,0.0,0.0,20.0,5.0,15.0,0
33.0,0.0,0.0,35.0,32.0,14.0,0
33.0,0.0,3.0,38.0,23.0,14.0,0
34.0,0.0,0.0,38.0,5.0,15.0,0
42.0,0.0,0.0,48.0,5.0,14.0,0
11.0,0.0,0.0,12.0,5.0,14.0,0
17.0,0.0,0.0,19.0,5.0,15.0,0
13.0,0.0,0.0,15.0,5.0,14.0,0
11.0,1.713038889,0.0,13.0,23.0,14.0,1
6.0,0.0,0.0,6.0,14.0,14.0,0
39.0,0.0,0.0,39.0,23.0,14.0,0
10.0,0.0,0.0,13.0,5.0,15.0,0
45.0,0.104525,3.0,55.0,5.0,14.0,0
5.0,0.0,0.0,5.0,5.0,14.0,0
45.0,0.0,0.0,49.0,23.0,14.0,0
23.0,0.0,0.0,23.0,5.0,14.0,0
57.0,1.17077,0.0,65.0,5.0,14.0,0
8.0,0.0,0.0,8.0,5.0,15.0,0
15.0,0.0,0.0,15.0,5.0,15.0,0
26.0,0.0,0.0,30.0,5.0,14.0,0
16.0,0.0,0.0,16.0,5.0,15.0,0
93.0,0.0,1.0,94.0,50.0,15.0,0
89.0,0.0,2.0,92.0,14.0,14.0,0
2.0,0.0,0.0,2.0,5.0,14.0,0
15.0,0.0,0.0,15.0,5.0,14.0,0
36.0,0.0,0.0,36.0,41.0,14.0,0
4.0,0.0,0.0,4.0,5.0,14.0,0
2.0,0.0,0.0,3.0,5.0,14.0,0
35.0,0.30360792685,1.0,47.0,5.0,15.0,0
7.0,0.0,0.0,9.0,23.0,14.0,0
20.0,0.0,0.0,20.0,5.0,14.0,0
89.0,0.0,0.0,89.0,41.0,14.0,0
5.0,0.0,0.0,5.0,32.0,14.0,0
2.0,0.0,0.0,2.0,32.0,14.0,0
117.0,2.4977190885,0.0,121.0,5.0,14.0,0
43.0,0.0,1.0,44.0,32.0,14.0,0
36.0,1.2307124999999999,0.0,45.0,14.0,14.0,0
1.0,0.0,0.0,1.0,5.0,14.0,0
23.0,0.0,0.0,23.0,41.0,14.0,0
58.0,4.902131282,3.0,68.0,5.0,14.0,0
1.0,0.0,0.0,1.0,5.0,14.0,0
11.0,0.0,0.0,11.0,5.0,14.0,0
27.0,0.0,0.0,27.0,5.0,14.0,0
4.0,0.0,0.0,4.0,5.0,14.0,0
15.0,0.0,0.0,16.0,5.0,15.0,0
82.0,0.0,1.0,88.0,5.0,14.0,0
18.0,0.0,0.0,18.0,32.0,14.0,0
6.0,0.0,0.0,6.0,14.0,14.0,0
46.0,0.0,0.0,49.0,5.0,14.0,0
1.0,0.0,0.0,1.0,5.0,14.0,0
10.0,0.0,0.0,10.0,23.0,14.0,0
5.0,0.0,0.0,5.0,5.0,14.0,0
30.0,0.775596774,0.0,32.0,5.0,14.0,1
1.0,0.0,0.0,1.0,5.0,14.0,0
20.0,1.34376,0.0,23.0,5.0,14.0,0
40.0,0.0,0.0,40.0,5.0,14.0,0
1.0,0.0,0.0,2.0,23.0,14.0,0
9.0,0.0,0.0,15.0,5.0,15.0,0
8.0,0.0,0.0,8.0,5.0,14.0,0
6.0,0.0,2.0,13.0,14.0,14.0,0
42.0,0.0,0.0,42.0,5.0,14.0,0
43.0,1.5333120565,0.0,52.0,5.0,14.0,1
7.0,0.0,0.0,7.0,5.0,14.0,0
7.0,0.0,0.0,7.0,41.0,14.0,0
26.0,0.0,5.0,32.0,5.0,14.0,0
11.0,0.0,0.0,12.0,5.0,14.0,0
8.0,0.0,0.0,8.0,5.0,15.0,0
20.0,0.0,0.0,20.0,5.0,15.0,0
6.0,0.0,0.0,7.0,23.0,14.0,0
57.0,0.0,0.0,57.0,41.0,14.0,0
45.0,0.0,0.0,45.0,41.0,14.0,0
10.0,0.0,0.0,13.0,5.0,15.0,0
8.0,0.0,0.0,8.0,5.0,15.0,0
5.0,0.0,0.0,5.0,41.0,14.0,0
13.0,0.0,0.0,13.0,41.0,14.0,0
7.0,2.9244,0.0,7.0,5.0,15.0,1
127.0,0.11605505435,2.0,141.0,50.0,15.0,0
11.0,0.0,0.0,12.0,5.0,14.0,0
36.0,0.0,0.0,38.0,14.0,14.0,0
22.0,0.0,0.0,22.0,41.0,14.0,0
8.0,2.9394,0.0,8.0,14.0,14.0,1
101.0,0.0,2.0,104.0,14.0,14.0,0
15.0,0.0,2.0,17.0,5.0,15.0,0
8.0,0.0,0.0,11.0,5.0,15.0,0
8.0,0.0,0.0,9.0,5.0,14.0,0
14.0,6.2016,0.0,14.0,5.0,14.0,1
8.0,0.0,0.0,11.0,5.0,14.0,0
3.0,0.0,0.0,3.0,23.0,14.0,0
9.0,0.9326666665,0.0,10.0,5.0,15.0,1
58.0,0.1988236175,1.0,64.0,5.0,15.0,0
8.0,0.0,0.0,8.0,5.0,15.0,0
11.0,0.0,0.0,12.0,5.0,14.0,0
10.0,0.0,0.0,13.0,50.0,15.0,0
2.0,0.0,0.0,2.0,5.0,14.0,0
28.0,0.0,0.0,32.0,5.0,14.0,0
4.0,0.0,0.0,4.0,5.0,14.0,0
52.0,0.0,4.0,64.0,5.0,15.0,0
41.0,0.0,1.0,48.0,5.0,14.0,0
2.0,0.0,0.0,2.0,32.0,14.0,0
1.0,0.0,0.0,1.0,5.0,14.0,0
19.0,0.0,0.0,20.0,5.0,14.0,0
30.0,0.0,0.0,30.0,5.0,14.0,0
44.0,0.35091,0.0,46.0,5.0,14.0,0
16.0,0.0,0.0,16.0,5.0,14.0,0
8.0,0.0,0.0,18.0,32.0,14.0,0
12.0,0.0,0.0,12.0,5.0,15.0,0
39.0,3.1697372095,1.0,48.0,5.0,14.0,1
4.0,0.0,0.0,4.0,5.0,14.0,0
25.0,8.281023335,1.0,27.0,5.0,15.0,1
33.0,0.8035533335,1.0,38.0,32.0,14.0,1
8.0,0.0,0.0,10.0,5.0,15.0,0
25.0,0.0,0.0,25.0,5.0,14.0,0
5.0,0.0,0.0,5.0,5.0,14.0,0
59.0,0.46901885244999997,3.0,62.0,5.0,15.0,1
29.0,0.0,0.0,29.0,5.0,14.0,0
34.0,0.0,1.0,35.0,41.0,14.0,0
128.0,0.2736487313,5.0,141.0,5.0,14.0,0
2.0,0.0,0.0,2.0,23.0,14.0,0
56.0,0.0,0.0,61.0,14.0,14.0,0
3.0,0.0,0.0,3.0,5.0,14.0,0
5.0,0.0,0.0,5.0,5.0,14.0,0
12.0,0.0,0.0,12.0,5.0,14.0,0
8.0,0.0,0.0,8.0,50.0,15.0,0
14.0,5.038880000000001,0.0,16.0,5.0,14.0,1
15.0,0.0,0.0,15.0,5.0,14.0,0
23.0,0.0,0.0,26.0,5.0,14.0,0
24.0,0.0,0.0,24.0,50.0,15.0,0
78.0,0.12770357145,0.0,88.0,5.0,15.0,0
34.0,0.7378552380000001,0.0,37.0,5.0,14.0,1
2.0,0.0,0.0,2.0,14.0,14.0,0
6.0,0.0,0.0,6.0,5.0,14.0,0
8.0,0.0,0.0,8.0,5.0,15.0,0
33.0,0.0,1.0,39.0,32.0,14.0,0
7.0,0.0,0.0,12.0,5.0,14.0,0
12.0,0.0,0.0,12.0,5.0,14.0,0
1.0,0.0,0.0,1.0,5.0,14.0,0
3.0,0.0,1.0,5.0,32.0,14.0,0
49.0,0.0,0.0,57.0,5.0,14.0,0
68.0,0.8083506665,2.0,77.0,5.0,15.0,0
27.0,0.0,0.0,27.0,5.0,15.0,0
12.0,0.0,0.0,16.0,5.0,15.0,0
24.0,0.13529166665,0.0,24.0,5.0,15.0,1
19.0,0.0,0.0,22.0,5.0,14.0,0
35.0,0.0,0.0,36.0,50.0,15.0,0
6.0,0.0,0.0,6.0,41.0,14.0,0
35.0,0.5595946665,1.0,37.0,14.0,14.0,1
57.0,0.41626034484999996,1.0,58.0,5.0,14.0,0
18.0,0.0,0.0,18.0,5.0,14.0,0
18.0,2.8162333335,0.0,19.0,5.0,14.0,1
14.0,2.879446154,0.0,14.0,32.0,14.0,1
23.0,0.0,0.0,23.0,32.0,14.0,0
7.0,0.0,0.0,7.0,5.0,14.0,0
17.0,0.0,0.0,19.0,5.0,14.0,0
4.0,0.0,0.0,4.0,32.0,14.0,0
5.0,0.0,0.0,5.0,5.0,14.0,0
24.0,0.0,0.0,24.0,5.0,15.0,0
24.0,0.0,0.0,29.0,5.0,14.0,0
62.0,0.0,0.0,62.0,23.0,14.0,0
5.0,0.0,0.0,6.0,5.0,14.0,0
2.0,0.0,0.0,2.0,5.0,14.0,0
50.0,0.504931111,2.0,58.0,5.0,14.0,0
27.0,1.1064444445,1.0,28.0,5.0,14.0,1
5.0,0.0,0.0,5.0,23.0,14.0,0
31.0,0.0,0.0,33.0,5.0,14.0,0
25.0,0.0,0.0,26.0,41.0,14.0,0
96.0,0.26724494445,1.0,99.0,5.0,14.0,1
40.0,0.30643937499999996,0.0,51.0,5.0,15.0,1
9.0,0.0,0.0,10.0,5.0,15.0,0
24.0,0.0,0.0,24.0,41.0,14.0,0
3.0,0.0,0.0,5.0,5.0,14.0,0
25.0,0.76978,0.0,25.0,5.0,14.0,0
17.0,0.0,0.0,17.0,5.0,14.0,0
16.0,0.5565857144999999,0.0,16.0,5.0,14.0,1
90.0,0.10495227275,0.0,91.0,5.0,14.0,0
11.0,0.0,0.0,11.0,5.0,14.0,0
98.0,0.0273064152,2.0,115.0,5.0,15.0,0
3.0,0.0,0.0,5.0,50.0,15.0,0
39.0,0.0,0.0,42.0,32.0,14.0,0
42.0,0.0,0.0,49.0,5.0,14.0,0
24.0,0.0,1.0,29.0,5.0,14.0,0
108.0,0.010083185849999999,0.0,115.0,50.0,15.0,0
67.0,0.209380137,0.0,74.0,41.0,14.0,0
54.0,0.0,0.0,55.0,14.0,14.0,0
3.0,0.0,0.0,3.0,41.0,14.0,0
8.0,0.0,0.0,8.0,32.0,14.0,0
23.0,0.0,0.0,23.0,41.0,14.0,0
15.0,0.0,0.0,15.0,41.0,14.0,0
31.0,0.0,0.0,31.0,5.0,14.0,0
19.0,1.414769231,2.0,27.0,50.0,15.0,1
119.0,0.09046803875000001,0.0,119.0,5.0,14.0,0
41.0,0.31055473485,1.0,50.0,5.0,14.0,0
9.0,0.0,0.0,11.0,5.0,14.0,0
63.0,0.0,0.0,65.0,23.0,14.0,0
14.0,0.749625,0.0,15.0,5.0,14.0,1
16.0,0.0,1.0,17.0,23.0,14.0,0
5.0,0.0,0.0,5.0,5.0,15.0,0
24.0,0.0,0.0,24.0,41.0,14.0,0
67.0,0.05448856515,3.0,82.0,5.0,14.0,0
70.0,0.5642057145,0.0,72.0,5.0,14.0,1
3.0,0.0,0.0,3.0,5.0,14.0,0
24.0,0.0,0.0,26.0,5.0,14.0,0
13.0,0.0,0.0,13.0,41.0,14.0,0
23.0,0.0,0.0,23.0,5.0,14.0,0
11.0,5.699,0.0,13.0,5.0,14.0,1
4.0,0.0,0.0,4.0,5.0,14.0,0
44.0,0.0,0.0,45.0,5.0,14.0,0
1.0,0.0,0.0,1.0,32.0,14.0,0
122.0,0.0,0.0,133.0,14.0,14.0,0
19.0,0.0,0.0,19.0,5.0,14.0,0
31.0,0.0,0.0,38.0,5.0,15.0,0
17.0,1.1757199999999999,0.0,19.0,5.0,14.0,0
18.0,0.0,0.0,20.0,5.0,14.0,0
6.0,0.0,0.0,6.0,5.0,14.0,0
2.0,0.0,0.0,2.0,14.0,14.0,0
16.0,0.0,0.0,16.0,23.0,14.0,0
14.0,0.0,0.0,14.0,5.0,14.0,0
49.0,0.0,0.0,54.0,5.0,14.0,0
23.0,0.80985,0.0,24.0,5.0,15.0,0
13.0,0.0,0.0,13.0,5.0,14.0,0
20.0,0.0,0.0,20.0,32.0,14.0,0
7.0,0.0,0.0,7.0,5.0,14.0,0
88.0,0.01275957445,1.0,93.0,5.0,14.0,0
5.0,0.0,0.0,5.0,5.0,15.0,0
91.0,0.0,0.0,91.0,50.0,15.0,0
15.0,0.0,0.0,15.0,41.0,14.0,0
3.0,0.0,0.0,7.0,5.0,14.0,0
11.0,0.0,0.0,11.0,5.0,14.0,0
6.0,0.0,0.0,6.0,5.0,15.0,0
16.0,0.0,0.0,21.0,5.0,14.0,0
36.0,0.0,0.0,36.0,41.0,14.0,0
5.0,0.0,0.0,5.0,32.0,14.0,0
4.0,0.0,0.0,4.0,23.0,14.0,0
29.0,0.62275,0.0,30.0,5.0,14.0,1
3.0,0.0,0.0,3.0,32.0,14.0,0
37.0,0.0,0.0,37.0,5.0,14.0,0
29.0,0.0,0.0,30.0,5.0,14.0,0
62.0,1.523079365,1.0,64.0,5.0,14.0,1
24.0,0.0,0.0,24.0,50.0,15.0,0
6.0,0.0,0.0,6.0,32.0,14.0,0
21.0,0.0,0.0,22.0,5.0,15.0,0
16.0,0.0,0.0,17.0,5.0,14.0,0
2.0,0.0,0.0,2.0,5.0,14.0,0
34.0,0.0,0.0,41.0,5.0,14.0,0
8.0,0.0,0.0,8.0,5.0,14.0,0
17.0,0.0,0.0,18.0,5.0,14.0,0
7.0,0.0,0.0,7.0,5.0,14.0,0
94.0,0.0,0.0,98.0,32.0,14.0,0
15.0,0.0,2.0,17.0,32.0,14.0,0
39.0,0.0,0.0,39.0,5.0,14.0,0
12.0,0.0,0.0,14.0,23.0,14.0,0
44.0,0.37179333335,2.0,54.0,5.0,15.0,0
3.0,0.0,0.0,3.0,5.0,15.0,0
21.0,0.0,0.0,21.0,23.0,14.0,0
1.0,0.0,0.0,1.0,32.0,14.0,0
14.0,0.0,0.0,18.0,5.0,15.0,0
19.0,0.0,0.0,20.0,5.0,14.0,0
21.0,2.46943,0.0,24.0,32.0,14.0,1
35.0,0.0,1.0,38.0,14.0,14.0,0
4.0,0.0,0.0,4.0,32.0,14.0,0
56.0,1.236330918,2.0,72.0,32.0,14.0,0
12.0,0.0,0.0,12.0,50.0,15.0,0
14.0,0.0,0.0,16.0,5.0,14.0,0
11.0,0.0,0.0,11.0,5.0,14.0,0
55.0,0.0,0.0,57.0,41.0,14.0,0
5.0,0.0,0.0,5.0,32.0,14.0,0
10.0,0.0,0.0,10.0,5.0,14.0,0
47.0,0.0,0.0,47.0,5.0,14.0,0
17.0,0.0,0.0,27.0,5.0,15.0,0
28.0,0.0,0.0,32.0,5.0,15.0,0
25.0,0.0,0.0,25.0,41.0,14.0,0
8.0,0.0,0.0,9.0,23.0,14.0,0
125.0,0.5688393415,0.0,132.0,5.0,15.0,0
15.0,0.0,0.0,15.0,5.0,15.0,0
17.0,0.9618125,0.0,19.0,41.0,14.0,1
41.0,0.0,3.0,44.0,5.0,15.0,0
7.0,0.0,0.0,7.0,5.0,15.0,0
14.0,0.0,0.0,14.0,5.0,14.0,0
6.0,0.0,0.0,8.0,32.0,14.0,0
76.0,0.1600152439,3.0,82.0,5.0,15.0,0
105.0,0.0,0.0,107.0,32.0,14.0,0
30.0,1.5006441175,0.0,34.0,5.0,14.0,1
12.0,0.0,0.0,12.0,32.0,14.0,0
7.0,2.6994,0.0,7.0,5.0,14.0,1
13.0,0.0,0.0,20.0,5.0,14.0,0
30.0,0.16784464285,0.0,31.0,5.0,15.0,0
79.0,0.0,0.0,83.0,32.0,14.0,0
14.0,0.0,0.0,15.0,5.0,15.0,0
12.0,0.0,0.0,12.0,5.0,14.0,0
10.0,0.0,0.0,10.0,5.0,14.0,0
39.0,0.0,0.0,40.0,14.0,14.0,0
3.0,0.0,0.0,3.0,5.0,14.0,0
23.0,1.114969565,0.0,23.0,5.0,14.0,0
276.0,1.3716047535,0.0,292.0,5.0,15.0,1
8.0,1.75455,1.0,9.0,5.0,14.0,1
100.0,0.0,1.0,108.0,5.0,14.0,0
3.0,0.0,0.0,3.0,5.0,14.0,0
24.0,1.2170083335,0.0,25.0,5.0,14.0,0
16.0,12.730357895000001,0.0,20.0,5.0,14.0,1
24.0,0.40908,0.0,30.0,5.0,15.0,1
18.0,0.0,0.0,18.0,5.0,15.0,0
22.0,0.0,0.0,22.0,5.0,14.0,0
15.0,0.0,1.0,19.0,5.0,14.0,0
16.0,0.0,1.0,21.0,5.0,14.0,0
52.0,0.6662962965,0.0,53.0,5.0,14.0,0
33.0,0.5061375,0.0,34.0,5.0,15.0,0
20.0,1.526318182,0.0,24.0,5.0,14.0,1
14.0,0.0,0.0,14.0,50.0,15.0,0
2.0,0.0,0.0,2.0,5.0,14.0,0
32.0,1.59519375,0.0,34.0,32.0,14.0,0
78.0,0.0,1.0,83.0,5.0,15.0,0
19.0,2.6041714285,2.0,23.0,5.0,14.0,0
5.0,0.0,0.0,5.0,5.0,14.0,0
59.0,1.193814552,0.0,60.0,5.0,14.0,1
15.0,0.0,0.0,15.0,32.0,14.0,0
9.0,2.6994,0.0,9.0,5.0,14.0,1
7.0,0.0,0.0,7.0,5.0,14.0,0
27.0,0.4272625,2.0,37.0,5.0,15.0,1
7.0,0.0,0.0,8.0,32.0,14.0,0
29.0,0.0,0.0,29.0,32.0,14.0,0
70.0,0.3602306841,3.0,74.0,5.0,14.0,1
29.0,0.0,0.0,29.0,5.0,14.0,0
10.0,0.0,0.0,10.0,5.0,15.0,0
35.0,0.0,0.0,36.0,23.0,14.0,0
51.0,0.0,0.0,52.0,5.0,15.0,0
11.0,0.0,0.0,11.0,23.0,14.0,0
25.0,0.0,0.0,25.0,5.0,14.0,0
9.0,0.0,0.0,9.0,14.0,14.0,0
2.0,0.0,0.0,2.0,5.0,14.0,0
13.0,0.0,0.0,13.0,5.0,14.0,0
291.0,0.45065056854999996,2.0,298.0,5.0,14.0,0
33.0,0.0,1.0,35.0,5.0,14.0,0
10.0,0.0,0.0,10.0,5.0,14.0,0
16.0,0.0,0.0,21.0,5.0,14.0,0
3.0,0.0,0.0,3.0,5.0,15.0,0
1.0,0.0,0.0,1.0,5.0,15.0,0
23.0,0.0,0.0,23.0,5.0,14.0,0
14.0,0.0,0.0,14.0,32.0,14.0,0
10.0,0.0,0.0,10.0,32.0,14.0,0
18.0,0.0,0.0,19.0,5.0,14.0,0
5.0,0.0,0.0,12.0,5.0,14.0,0
7.0,0.0,0.0,7.0,14.0,14.0,0
7.0,0.0,0.0,8.0,23.0,14.0,0
12.0,0.0,9.0,21.0,32.0,14.0,0
80.0,0.0,0.0,80.0,41.0,14.0,0
17.0,0.0,0.0,17.0,50.0,15.0,0
1.0,0.0,0.0,1.0,5.0,14.0,0
83.0,0.0,0.0,89.0,32.0,14.0,0
9.0,0.0,0.0,9.0,5.0,14.0,0
38.0,0.0,0.0,38.0,14.0,14.0,0
23.0,2.8179423075,2.0,25.0,5.0,15.0,1
30.0,2.7109034485,0.0,31.0,5.0,14.0,1
29.0,0.0,0.0,30.0,41.0,14.0,0
18.0,0.0,0.0,18.0,5.0,14.0,0
11.0,0.0,0.0,12.0,5.0,15.0,0
16.0,0.0,1.0,17.0,41.0,14.0,0
20.0,0.0,0.0,20.0,32.0,14.0,0
12.0,0.48205384615,0.0,13.0,23.0,14.0,1
2.0,0.0,0.0,2.0,5.0,14.0,0
48.0,0.0,0.0,48.0,32.0,14.0,0
67.0,0.2074439189,1.0,75.0,5.0,14.0,0
12.0,0.0,0.0,12.0,32.0,14.0,0
8.0,0.0,0.0,9.0,5.0,14.0,0
19.0,1.000155,0.0,21.0,5.0,14.0,1
2.0,0.0,0.0,2.0,32.0,14.0,0
21.0,0.0,0.0,25.0,5.0,15.0,0
1.0,0.0,0.0,1.0,5.0,15.0,0
6.0,0.0,0.0,6.0,5.0,15.0,0
10.0,0.0,0.0,11.0,5.0,14.0,0
51.0,0.38967642855,1.0,52.0,5.0,14.0,0
18.0,0.0,0.0,19.0,5.0,14.0,0
114.0,2.120957143,1.0,124.0,5.0,15.0,1
4.0,0.0,0.0,9.0,50.0,15.0,0
27.0,0.0,1.0,31.0,5.0,15.0,0
22.0,0.0,0.0,22.0,5.0,14.0,0
4.0,0.0,0.0,4.0,32.0,14.0,0
14.0,0.0,0.0,14.0,5.0,14.0,0
3.0,0.0,0.0,3.0,50.0,15.0,0
14.0,0.0,0.0,14.0,5.0,14.0,0
9.0,0.0,0.0,9.0,14.0,14.0,0
26.0,0.0,0.0,29.0,5.0,14.0,0
10.0,0.0,0.0,10.0,41.0,14.0,0
20.0,1.8257907405,0.0,28.0,5.0,14.0,1
20.0,0.0,0.0,20.0,32.0,14.0,0
7.0,0.0,0.0,10.0,5.0,14.0,0
65.0,0.0,0.0,65.0,41.0,14.0,0
11.0,0.0,0.0,11.0,5.0,14.0,0
9.0,0.0,0.0,10.0,5.0,15.0,0
38.0,0.21236860465000001,2.0,47.0,5.0,14.0,0
15.0,0.0,0.0,15.0,14.0,14.0,0
27.0,0.0,0.0,28.0,5.0,14.0,0
9.0,0.0,0.0,9.0,5.0,15.0,0
11.0,0.0,0.0,11.0,5.0,15.0,0
5.0,0.0,0.0,5.0,32.0,14.0,0
22.0,0.0,0.0,22.0,50.0,15.0,0
14.0,0.0,2.0,17.0,5.0,14.0,0
18.0,0.0,0.0,18.0,5.0,15.0,0
71.0,4.0293668920000005,1.0,76.0,5.0,14.0,0
15.0,0.0,0.0,15.0,5.0,15.0,0
53.0,0.11136393445,4.0,63.0,41.0,14.0,0
2.0,0.0,0.0,2.0,5.0,15.0,0
3.0,0.0,0.0,3.0,5.0,14.0,0
4.0,0.0,0.0,10.0,5.0,14.0,0
6.0,2.2495000000000003,0.0,6.0,5.0,14.0,1
16.0,0.0,1.0,18.0,5.0,14.0,0
67.0,0.11707098590000001,4.0,74.0,5.0,15.0,0
4.0,0.0,0.0,4.0,41.0,14.0,0
36.0,0.0,0.0,41.0,41.0,14.0,0
57.0,0.0,0.0,57.0,5.0,14.0,0
10.0,0.0,0.0,10.0,5.0,14.0,0
17.0,0.0,0.0,17.0,23.0,14.0,0
66.0,0.0,0.0,70.0,50.0,15.0,0
17.0,0.0,0.0,17.0,41.0,14.0,0
8.0,0.0,0.0,11.0,5.0,14.0,0
3.0,0.0,0.0,3.0,41.0,14.0,0
25.0,0.7700211539999999,1.0,29.0,5.0,14.0,0
13.0,0.0,0.0,13.0,5.0,14.0,0
54.0,0.0,0.0,54.0,5.0,14.0,0
1.0,0.0,0.0,1.0,14.0,14.0,0
1.0,0.0,0.0,1.0,5.0,14.0,0
21.0,0.0,0.0,23.0,5.0,14.0,0
13.0,0.0,0.0,14.0,5.0,14.0,0
4.0,0.0,0.0,4.0,32.0,14.0,0
3.0,0.0,1.0,8.0,5.0,14.0,0
20.0,0.0,0.0,21.0,5.0,14.0,0
7.0,0.0,0.0,7.0,5.0,14.0,0
9.0,0.0,0.0,9.0,5.0,14.0,0
72.0,0.0,0.0,72.0,5.0,15.0,0
26.0,0.0,0.0,28.0,5.0,14.0,0
28.0,0.0,0.0,28.0,32.0,14.0,0
4.0,0.0,0.0,4.0,5.0,14.0,0
2.0,0.0,0.0,2.0,5.0,14.0,0
1.0,0.0,0.0,1.0,5.0,14.0,0
12.0,2.1995,0.0,14.0,5.0,14.0,1
18.0,0.0,0.0,28.0,5.0,15.0,0
7.0,0.0,0.0,7.0,5.0,14.0,0
36.0,0.0,1.0,43.0,5.0,15.0,0
14.0,0.0,1.0,15.0,5.0,14.0,0
6.0,0.0,1.0,8.0,50.0,15.0,0
23.0,0.0,0.0,23.0,41.0,14.0,0
2.0,0.0,0.0,2.0,5.0,14.0,0
5.0,0.0,0.0,5.0,50.0,15.0,0
2.0,0.0,0.0,2.0,41.0,14.0,0
23.0,0.0,0.0,29.0,5.0,14.0,0
13.0,0.0,0.0,13.0,41.0,14.0,0
22.0,0.5259047619999999,0.0,22.0,5.0,15.0,1
1.0,0.0,0.0,1.0,5.0,14.0,0
59.0,0.0,0.0,61.0,14.0,14.0,0
7.0,0.0,0.0,7.0,32.0,14.0,0
60.0,0.6545773205,0.0,72.0,5.0,14.0,0
17.0,0.0,0.0,20.0,5.0,14.0,0
39.0,0.0,3.0,45.0,5.0,15.0,0
14.0,0.0,0.0,14.0,23.0,14.0,0
39.0,0.6365720930000001,0.0,44.0,5.0,14.0,0
25.0,0.0,0.0,25.0,32.0,14.0,0
25.0,0.25390574715,1.0,33.0,5.0,14.0,0
12.0,0.0,0.0,12.0,32.0,14.0,0
29.0,0.5493535715,0.0,30.0,5.0,14.0,1
172.0,0.07092201984999999,6.0,189.0,23.0,14.0,0
10.0,0.0,0.0,12.0,5.0,14.0,0
29.0,0.0,0.0,34.0,5.0,14.0,0
24.0,0.0,0.0,26.0,23.0,14.0,0
3.0,0.0,0.0,3.0,32.0,14.0,0
8.0,0.0,0.0,8.0,5.0,15.0,0
26.0,0.0,0.0,29.0,5.0,14.0,0
6.0,0.0,0.0,6.0,5.0,14.0,0
36.0,0.0,0.0,41.0,5.0,14.0,0
16.0,0.0,0.0,16.0,5.0,14.0,0
6.0,0.0,0.0,10.0,5.0,14.0,0
60.0,0.0,0.0,60.0,32.0,14.0,0
8.0,0.0,0.0,8.0,5.0,14.0,0
7.0,0.7491666665000001,0.0,7.0,23.0,14.0,1
19.0,0.28720289855000003,0.0,27.0,5.0,15.0,0
7.0,0.0,0.0,7.0,5.0,14.0,0
8.0,0.0,1.0,9.0,32.0,14.0,0
6.0,0.0,0.0,8.0,5.0,14.0,0
15.0,0.0,0.0,16.0,5.0,14.0,0
28.0,0.0,0.0,32.0,5.0,14.0,0
4.0,0.0,0.0,4.0,23.0,14.0,0
19.0,0.0,0.0,19.0,50.0,15.0,0
14.0,0.0,0.0,17.0,5.0,14.0,0
7.0,0.0,0.0,12.0,14.0,14.0,0
46.0,0.42835714285000004,2.0,55.0,5.0,14.0,0
7.0,2.549625,0.0,8.0,5.0,14.0,1
60.0,0.0,0.0,64.0,5.0,14.0,0
39.0,0.0,1.0,44.0,14.0,14.0,0
13.0,0.0,0.0,15.0,5.0,14.0,0
7.0,0.0,0.0,10.0,5.0,14.0,0
33.0,0.557867143,1.0,35.0,5.0,15.0,0
13.0,0.0,0.0,13.0,5.0,14.0,0
1.0,0.0,0.0,1.0,5.0,14.0,0
4.0,0.0,0.0,4.0,5.0,14.0,0
9.0,0.0,0.0,9.0,50.0,15.0,0
66.0,0.0,0.0,66.0,41.0,14.0,0
93.0,0.0,2.0,95.0,5.0,14.0,0
11.0,0.0,0.0,13.0,41.0,14.0,0
14.0,0.0,1.0,15.0,50.0,15.0,0
23.0,0.0,0.0,25.0,32.0,14.0,0
28.0,0.0,0.0,35.0,5.0,14.0,0
7.0,0.0,0.0,7.0,41.0,14.0,0
38.0,0.0,1.0,39.0,5.0,14.0,0
15.0,0.0,2.0,20.0,5.0,14.0,0
18.0,0.0,0.0,18.0,5.0,14.0,0
16.0,0.0,0.0,16.0,5.0,14.0,0
6.0,0.0,0.0,6.0,5.0,14.0,0
28.0,0.0,0.0,31.0,5.0,14.0,0
29.0,0.0,0.0,29.0,5.0,14.0,0
6.0,0.0,0.0,11.0,5.0,15.0,0
14.0,0.0,0.0,14.0,32.0,14.0,0
49.0,0.0,0.0,49.0,5.0,14.0,0
9.0,4.6419285715,0.0,9.0,5.0,15.0,1
7.0,0.0,0.0,7.0,41.0,14.0,0
21.0,0.0,0.0,21.0,32.0,14.0,0
105.0,0.0,1.0,109.0,5.0,15.0,0
15.0,0.0,0.0,20.0,5.0,14.0,0
3.0,0.0,0.0,3.0,32.0,14.0,0
7.0,0.0,0.0,8.0,5.0,14.0,0
16.0,0.0,0.0,18.0,5.0,14.0,0
65.0,0.40443749999999995,3.0,70.0,5.0,14.0,0
37.0,0.0,0.0,41.0,5.0,14.0,0
72.0,0.0,0.0,72.0,41.0,14.0,0
39.0,0.8211816264999999,1.0,49.0,5.0,14.0,0
14.0,0.0,0.0,14.0,5.0,15.0,0
31.0,0.0,0.0,31.0,5.0,14.0,0
1.0,0.0,0.0,1.0,5.0,14.0,0
33.0,0.0,1.0,35.0,5.0,14.0,0
14.0,0.0,1.0,17.0,5.0,15.0,0
16.0,0.0,1.0,20.0,50.0,15.0,0
217.0,0.0,0.0,221.0,5.0,15.0,0
23.0,0.0,1.0,24.0,5.0,14.0,0
7.0,0.0,0.0,7.0,5.0,14.0,0
4.0,0.0,0.0,4.0,23.0,14.0,0
7.0,0.0,0.0,7.0,5.0,14.0,0
32.0,1.880467742,0.0,36.0,5.0,15.0,0
187.0,0.5400943595000001,1.0,194.0,5.0,14.0,0
2.0,0.0,0.0,2.0,5.0,14.0,0
30.0,0.632671875,0.0,31.0,5.0,14.0,0
36.0,0.9556372550000001,0.0,37.0,5.0,15.0,0
31.0,0.0,0.0,31.0,41.0,14.0,0
3.0,0.0,0.0,3.0,5.0,15.0,0
12.0,0.0,0.0,13.0,5.0,14.0,0
25.0,0.8353285715000001,1.0,30.0,5.0,14.0,1
21.0,0.0,1.0,24.0,5.0,14.0,0
24.0,0.0,0.0,24.0,23.0,14.0,0
5.0,0.0,0.0,5.0,23.0,14.0,0
12.0,0.0,0.0,12.0,41.0,14.0,0
2.0,0.0,0.0,2.0,5.0,14.0,0
8.0,2.9994,0.0,8.0,5.0,14.0,1
21.0,0.35457391304999997,3.0,29.0,5.0,15.0,1
6.0,0.0,0.0,9.0,14.0,14.0,0
31.0,0.0,1.0,34.0,5.0,15.0,0
22.0,0.0,0.0,25.0,5.0,15.0,0
1.0,0.0,0.0,1.0,5.0,14.0,0
14.0,0.0,0.0,14.0,5.0,15.0,0
6.0,0.0,0.0,6.0,32.0,14.0,0
6.0,0.0,3.0,10.0,5.0,15.0,0
7.0,0.0,0.0,7.0,5.0,14.0,0
159.0,0.737955794,0.0,161.0,5.0,14.0,0
5.0,0.0,0.0,5.0,5.0,14.0,0
4.0,0.0,0.0,8.0,5.0,14.0,0
15.0,0.0,0.0,15.0,5.0,15.0,0
20.0,0.0,0.0,20.0,41.0,14.0,0
7.0,0.0,0.0,7.0,5.0,15.0,0
7.0,0.0,0.0,10.0,23.0,14.0,0
38.0,0.0,0.0,43.0,14.0,14.0,0
4.0,0.0,0.0,5.0,5.0,15.0,0
13.0,3.6393999999999997,0.0,14.0,23.0,14.0,1
2.0,0.0,0.0,2.0,5.0,14.0,0
15.0,0.7277142855000001,0.0,15.0,5.0,14.0,1
6.0,0.0,0.0,8.0,5.0,14.0,0
32.0,0.5596317075,2.0,41.0,5.0,14.0,0
3.0,0.0,0.0,5.0,5.0,14.0,0
25.0,0.0,0.0,27.0,5.0,14.0,0
20.0,0.0,0.0,20.0,32.0,14.0,0
54.0,0.0,0.0,59.0,5.0,14.0,0
115.0,0.0,0.0,119.0,23.0,14.0,0
79.0,0.11974589799999999,1.0,85.0,5.0,14.0,0
11.0,0.0,0.0,16.0,5.0,14.0,0
97.0,0.0,0.0,97.0,41.0,14.0,0
26.0,0.0,1.0,30.0,5.0,15.0,0
72.0,0.668166234,0.0,80.0,5.0,15.0,0
38.0,1.38567,0.0,50.0,5.0,14.0,0
4.0,0.0,0.0,4.0,32.0,14.0,0
57.0,0.0,0.0,58.0,5.0,14.0,0
24.0,3.216521739,0.0,25.0,5.0,14.0,0
13.0,0.0,0.0,13.0,41.0,14.0,0
37.0,5.11769189,2.0,40.0,5.0,15.0,1
5.0,0.0,0.0,5.0,5.0,15.0,0
8.0,0.0,0.0,8.0,32.0,14.0,0
10.0,0.0,0.0,11.0,5.0,15.0,0
3.0,0.0,0.0,5.0,5.0,15.0,0
15.0,0.0,1.0,22.0,5.0,14.0,0
21.0,0.0,3.0,31.0,5.0,14.0,0
8.0,0.0,0.0,8.0,5.0,14.0,0
10.0,5.00481818,0.0,12.0,5.0,14.0,1
81.0,0.0,0.0,81.0,32.0,14.0,0
16.0,0.0,0.0,16.0,5.0,14.0,0
18.0,0.0,0.0,20.0,41.0,14.0,0
9.0,0.0,0.0,9.0,5.0,14.0,0
56.0,0.0,0.0,56.0,41.0,14.0,0
8.0,0.0,0.0,9.0,5.0,14.0,0
18.0,0.0,1.0,24.0,5.0,14.0,0
17.0,0.0,0.0,17.0,5.0,14.0,0
31.0,0.0,1.0,34.0,5.0,14.0,0
31.0,0.0,0.0,33.0,5.0,14.0,0
7.0,0.0,0.0,7.0,5.0,14.0,0
37.0,0.0,0.0,38.0,41.0,14.0,0
3.0,0.0,0.0,3.0,5.0,14.0,0
2.0,0.0,0.0,2.0,5.0,14.0,0
16.0,0.0,0.0,18.0,14.0,14.0,0
8.0,0.0,0.0,8.0,5.0,15.0,0
36.0,0.0,0.0,37.0,50.0,15.0,0
4.0,0.0,0.0,4.0,5.0,14.0,0
7.0,0.0,0.0,7.0,32.0,14.0,0
2.0,0.0,0.0,2.0,23.0,14.0,0
57.0,0.6701237929999999,1.0,59.0,5.0,14.0,0
16.0,0.9331666665,0.0,17.0,5.0,15.0,0
24.0,0.0,0.0,25.0,32.0,14.0,0
55.0,0.44517789475,0.0,60.0,5.0,14.0,0
20.0,0.0,0.0,20.0,50.0,15.0,0
6.0,0.0,0.0,6.0,32.0,14.0,0
57.0,0.0,0.0,63.0,5.0,14.0,0
55.0,0.45698803874999994,1.0,61.0,5.0,15.0,0
2.0,0.0,0.0,2.0,5.0,14.0,0
34.0,0.0,3.0,38.0,5.0,14.0,0
6.0,0.0,0.0,6.0,5.0,14.0,0
25.0,0.0,1.0,30.0,41.0,14.0,0
17.0,0.0,0.0,17.0,41.0,14.0,0
26.0,0.0,0.0,26.0,5.0,14.0,0
20.0,0.0,0.0,20.0,5.0,14.0,0
1.0,0.0,0.0,1.0,5.0,14.0,0
141.0,0.0,0.0,141.0,41.0,14.0,0
88.0,0.27397661565,2.0,99.0,32.0,14.0,0
60.0,1.565942857,5.0,65.0,5.0,14.0,1
33.0,0.0,0.0,38.0,5.0,15.0,0
13.0,0.0,0.0,16.0,14.0,14.0,0
26.0,0.0,0.0,26.0,5.0,15.0,0
50.0,0.0,0.0,50.0,14.0,14.0,0
13.0,0.9892666665000001,0.0,15.0,5.0,15.0,1
1.0,0.0,0.0,1.0,41.0,14.0,0
56.0,0.0,0.0,58.0,41.0,14.0,0
27.0,0.3554074074,0.0,31.0,5.0,14.0,0
7.0,0.0,0.0,7.0,5.0,14.0,0
85.0,0.0,0.0,90.0,50.0,15.0,0
49.0,0.0,1.0,55.0,32.0,14.0,0
24.0,0.49388235294999994,3.0,35.0,5.0,14.0,1
12.0,0.0,0.0,12.0,5.0,14.0,0
17.0,0.0,1.0,22.0,5.0,14.0,0
6.0,0.0,0.0,6.0,41.0,14.0,0
65.0,0.30738169015,3.0,75.0,5.0,15.0,0
80.0,0.0,0.0,80.0,23.0,14.0,0
41.0,0.2215173913,0.0,45.0,14.0,14.0,0
5.0,0.0,0.0,5.0,5.0,15.0,0
59.0,0.622015373,1.0,68.0,5.0,15.0,0
31.0,0.0,0.0,31.0,32.0,14.0,0
16.0,0.0,0.0,16.0,5.0,14.0,0
3.0,0.0,0.0,3.0,5.0,15.0,0
24.0,0.28447770564999997,4.0,36.0,5.0,14.0,0
73.0,0.1161581081,1.0,78.0,14.0,14.0,0
14.0,0.0,0.0,16.0,23.0,14.0,0
1.0,0.0,0.0,1.0,5.0,14.0,0
43.0,0.0,0.0,43.0,41.0,14.0,0
4.0,0.0,0.0,4.0,5.0,15.0,0
68.0,0.0,0.0,68.0,5.0,14.0,0
23.0,2.2806249999999997,0.0,25.0,5.0,14.0,1
85.0,0.19630070645,0.0,94.0,5.0,15.0,1
133.0,0.08934095410000001,0.0,137.0,5.0,14.0,0
59.0,0.4063096774,0.0,63.0,5.0,14.0,1
19.0,5.799,0.0,19.0,5.0,15.0,1
6.0,0.0,0.0,6.0,5.0,15.0,0
3.0,0.0,0.0,3.0,5.0,14.0,0
9.0,0.0,0.0,9.0,5.0,14.0,0
7.0,0.0,0.0,7.0,5.0,14.0,0
41.0,0.0,0.0,41.0,41.0,14.0,0
6.0,0.0,0.0,12.0,5.0,15.0,0
31.0,0.0,0.0,32.0,5.0,14.0,0
11.0,0.0,0.0,11.0,41.0,14.0,0
8.0,0.0,0.0,8.0,5.0,14.0,0
1.0,0.0,0.0,1.0,5.0,15.0,0
5.0,0.0,0.0,8.0,5.0,14.0,0
16.0,0.0,0.0,16.0,5.0,14.0,0
156.0,0.1496133889,0.0,170.0,50.0,15.0,0
3.0,0.0,0.0,4.0,5.0,15.0,0
3.0,0.0,2.0,8.0,23.0,14.0,0
53.0,0.0,0.0,53.0,23.0,14.0,0
33.0,0.0,1.0,43.0,5.0,15.0,0
111.0,0.13987073575,0.0,112.0,23.0,14.0,1
36.0,0.0,0.0,36.0,50.0,15.0,0
35.0,0.0,0.0,36.0,5.0,15.0,0
26.0,2.1478064515,0.0,31.0,5.0,14.0,1
15.0,0.0,0.0,15.0,5.0,14.0,0
84.0,0.0,1.0,86.0,5.0,14.0,0
49.0,0.21364038459999998,0.0,55.0,5.0,15.0,0
59.0,0.1395236842,0.0,59.0,5.0,14.0,0
3.0,0.0,0.0,5.0,5.0,15.0,0
4.0,0.0,0.0,5.0,50.0,15.0,0
2.0,0.0,0.0,2.0,41.0,14.0,0
6.0,0.0,0.0,6.0,5.0,15.0,0
68.0,0.6381215665,0.0,70.0,50.0,15.0,0
51.0,0.0,8.0,59.0,23.0,14.0,0
14.0,0.0,0.0,19.0,41.0,14.0,0
1.0,0.0,0.0,1.0,5.0,15.0,0
5.0,0.0,0.0,5.0,5.0,15.0,0
25.0,1.587923077,1.0,27.0,5.0,14.0,1
108.0,0.0,0.0,114.0,41.0,14.0,0
61.0,0.0,3.0,66.0,5.0,14.0,0
106.0,0.0,0.0,108.0,5.0,14.0,0
20.0,0.0,0.0,25.0,5.0,14.0,0
19.0,0.0,0.0,21.0,5.0,14.0,0
3.0,0.0,0.0,3.0,50.0,15.0,0
13.0,0.0,0.0,13.0,41.0,14.0,0
13.0,0.0,0.0,13.0,5.0,14.0,0
2.0,0.0,0.0,2.0,5.0,14.0,0
29.0,2.1445285715,0.0,32.0,5.0,14.0,1
7.0,0.0,0.0,7.0,5.0,14.0,0
25.0,0.0,1.0,26.0,5.0,14.0,0
46.0,5.360851065,0.0,47.0,5.0,14.0,1
1.0,0.0,0.0,1.0,5.0,14.0,0
25.0,0.0,0.0,25.0,5.0,14.0,0
2.0,0.0,0.0,2.0,5.0,15.0,0
10.0,2.021688889,0.0,10.0,5.0,14.0,1
34.0,0.0,0.0,42.0,5.0,14.0,0
18.0,0.0,1.0,21.0,5.0,15.0,0
2.0,0.0,0.0,2.0,5.0,14.0,0
18.0,1.88496,2.0,29.0,5.0,14.0,0
1.0,0.0,0.0,1.0,5.0,14.0,0
12.0,0.0,0.0,12.0,5.0,15.0,0
16.0,1.0794000000000001,0.0,16.0,41.0,14.0,1
3.0,0.0,0.0,3.0,5.0,14.0,0
10.0,0.0,0.0,10.0,5.0,14.0,0
104.0,0.0,0.0,105.0,5.0,15.0,0
12.0,0.0,0.0,12.0,5.0,14.0,0
6.0,0.0,2.0,8.0,23.0,14.0,0
10.0,0.0,0.0,11.0,5.0,14.0,0
7.0,0.0,0.0,7.0,5.0,15.0,0
87.0,1.5404639785,5.0,99.0,32.0,14.0,1
52.0,0.8624350574999999,4.0,60.0,5.0,14.0,1
7.0,0.0,0.0,8.0,23.0,14.0,0
44.0,2.4434,3.0,47.0,5.0,15.0,1
8.0,0.0,0.0,8.0,23.0,14.0,0
8.0,0.0,1.0,9.0,32.0,14.0,0
10.0,0.0,0.0,12.0,14.0,14.0,0
20.0,0.0,0.0,20.0,32.0,14.0,0
14.0,0.0,0.0,14.0,32.0,14.0,0
15.0,0.0,0.0,15.0,14.0,14.0,0
26.0,0.0,0.0,34.0,5.0,14.0,0
21.0,0.0,0.0,22.0,5.0,14.0,0
11.0,2.3827833335,0.0,12.0,5.0,14.0,1
29.0,0.0,0.0,29.0,5.0,14.0,0
17.0,0.0,0.0,17.0,23.0,14.0,0
17.0,0.0,0.0,23.0,5.0,14.0,0
4.0,0.0,0.0,4.0,32.0,14.0,0
36.0,0.0,0.0,36.0,5.0,14.0,0
1.0,0.0,0.0,1.0,5.0,14.0,0
3.0,0.0,0.0,3.0,5.0,15.0,0
12.0,0.0,0.0,12.0,41.0,14.0,0
79.0,0.0,0.0,79.0,41.0,14.0,0
5.0,0.0,0.0,10.0,5.0,14.0,0
19.0,0.0,0.0,19.0,41.0,14.0,0
66.0,0.0,0.0,70.0,5.0,14.0,0
19.0,0.0,0.0,21.0,14.0,14.0,0
0.0,0.0,1.0,2.0,5.0,14.0,0
47.0,0.0,0.0,47.0,5.0,14.0,0
12.0,0.0,0.0,12.0,5.0,14.0,0
31.0,0.0,1.0,34.0,5.0,15.0,0
2.0,0.0,0.0,2.0,50.0,15.0,0
10.0,0.0,0.0,13.0,32.0,14.0,0
53.0,0.0,2.0,57.0,5.0,14.0,0
7.0,0.0,0.0,9.0,5.0,14.0,0
136.0,0.0,0.0,140.0,41.0,14.0,0
3.0,0.0,0.0,3.0,14.0,14.0,0
13.0,4.906846154,0.0,13.0,5.0,14.0,1
2.0,0.0,0.0,2.0,5.0,14.0,0
17.0,0.0,1.0,19.0,5.0,15.0,0
8.0,2.6994,0.0,8.0,5.0,15.0,1
24.0,2.6994,0.0,24.0,5.0,15.0,1
41.0,0.5242666665,0.0,44.0,5.0,14.0,0
2.0,0.0,0.0,2.0,32.0,14.0,0
17.0,0.0,0.0,19.0,5.0,14.0,0
1.0,0.0,1.0,2.0,23.0,14.0,0
10.0,0.4198909091,0.0,10.0,5.0,14.0,0
22.0,5.397,0.0,26.0,5.0,14.0,1
24.0,0.0,4.0,31.0,32.0,14.0,0
51.0,0.0,0.0,51.0,50.0,15.0,0
3.0,0.0,0.0,3.0,14.0,14.0,0
41.0,0.0,0.0,41.0,5.0,14.0,0
0.0,0.0,0.0,2.0,41.0,14.0,0
11.0,0.0,0.0,13.0,14.0,14.0,0
6.0,0.0,0.0,6.0,5.0,14.0,0
29.0,0.0,0.0,29.0,5.0,14.0,0
22.0,0.503664,0.0,27.0,5.0,14.0,0
6.0,0.0,0.0,6.0,23.0,14.0,0
55.0,2.436497814,0.0,63.0,5.0,15.0,0
2.0,0.0,0.0,2.0,5.0,14.0,0
36.0,0.0,0.0,39.0,23.0,14.0,0
33.0,0.0,4.0,42.0,5.0,15.0,0
67.0,1.2135825,8.0,88.0,5.0,14.0,0
4.0,0.0,0.0,4.0,5.0,14.0,0
16.0,0.0,2.0,19.0,5.0,14.0,0
93.0,0.23147350515,1.0,102.0,5.0,14.0,0
26.0,0.44435555554999995,0.0,29.0,50.0,15.0,1
50.0,0.0,1.0,51.0,5.0,15.0,0
2.0,0.0,0.0,2.0,50.0,15.0,0
5.0,0.0,1.0,10.0,5.0,15.0,0
23.0,0.0,0.0,26.0,5.0,14.0,0
10.0,0.0,0.0,10.0,5.0,14.0,0
24.0,0.0,0.0,29.0,5.0,15.0,0
52.0,0.0,0.0,52.0,50.0,15.0,0
2.0,0.0,0.0,2.0,5.0,14.0,0
20.0,0.0,0.0,20.0,32.0,14.0,0
26.0,0.0,0.0,26.0,41.0,14.0,0
29.0,0.0,1.0,35.0,5.0,14.0,0
24.0,1.1372291665,0.0,25.0,23.0,14.0,1
5.0,0.0,0.0,5.0,5.0,15.0,0
38.0,0.0,0.0,38.0,32.0,14.0,0
17.0,0.0,1.0,21.0,5.0,15.0,0
16.0,0.0,0.0,16.0,32.0,14.0,0
29.0,1.1137285715,0.0,29.0,5.0,15.0,1
20.0,1.269462963,6.0,31.0,5.0,14.0,1
8.0,2.6737285715,0.0,8.0,5.0,15.0,1
4.0,0.0,0.0,4.0,41.0,14.0,0
54.0,0.0,1.0,60.0,23.0,14.0,0
3.0,0.0,0.0,3.0,5.0,15.0,0
6.0,0.0,0.0,6.0,5.0,15.0,0
19.0,0.0,0.0,19.0,5.0,14.0,0
87.0,0.043024236449999996,1.0,96.0,5.0,14.0,0
33.0,0.0,0.0,33.0,5.0,14.0,0
18.0,0.0,0.0,18.0,5.0,14.0,0
26.0,0.0,0.0,28.0,5.0,14.0,0
85.0,0.0,0.0,89.0,5.0,14.0,0
80.0,0.0,2.0,84.0,5.0,14.0,0
129.0,0.45365263159999997,2.0,139.0,5.0,15.0,0
3.0,0.0,0.0,3.0,5.0,14.0,0
19.0,0.0,0.0,19.0,50.0,15.0,0
74.0,0.25076363635,0.0,82.0,5.0,14.0,0
4.0,0.0,0.0,4.0,23.0,14.0,0
31.0,0.0,0.0,35.0,32.0,14.0,0
32.0,0.3294,0.0,39.0,5.0,14.0,1
50.0,8.673489585,0.0,50.0,5.0,14.0,1
32.0,2.5414874999999997,0.0,36.0,5.0,15.0,1
4.0,0.0,0.0,4.0,5.0,14.0,0
33.0,0.584742857,3.0,41.0,5.0,14.0,1
5.0,0.0,0.0,5.0,41.0,14.0,0
11.0,0.0,7.0,18.0,5.0,14.0,0
46.0,1.220382222,1.0,50.0,5.0,14.0,0
18.0,0.0,0.0,21.0,14.0,14.0,0
81.0,0.0,0.0,82.0,5.0,14.0,0
2.0,0.0,0.0,2.0,5.0,15.0,0
3.0,0.0,0.0,3.0,5.0,15.0,0
23.0,0.0,0.0,25.0,5.0,14.0,0
24.0,0.0,0.0,27.0,5.0,14.0,0
29.0,0.0,1.0,30.0,41.0,14.0,0
24.0,0.0,0.0,26.0,5.0,14.0,0
14.0,0.0,0.0,22.0,5.0,14.0,0
8.0,0.0,0.0,8.0,5.0,14.0,0
9.0,0.0,0.0,9.0,5.0,14.0,0
20.0,0.0,0.0,20.0,5.0,14.0,0
1.0,0.0,0.0,1.0,5.0,14.0,0
20.0,0.0,0.0,21.0,5.0,15.0,0
12.0,0.0,2.0,14.0,41.0,14.0,0
2.0,0.0,0.0,2.0,5.0,14.0,0
60.0,0.0,0.0,60.0,41.0,14.0,0
8.0,0.0,0.0,11.0,5.0,15.0,0
1.0,0.0,0.0,2.0,32.0,14.0,0
9.0,0.0,0.0,9.0,5.0,14.0,0
11.0,1.030418182,0.0,11.0,5.0,14.0,1
32.0,0.51988,0.0,32.0,50.0,15.0,0
22.0,0.0,0.0,26.0,5.0,14.0,0
29.0,0.0,0.0,30.0,5.0,15.0,0
53.0,0.0,0.0,54.0,23.0,14.0,0
37.0,0.0,0.0,40.0,5.0,14.0,0
11.0,0.0,0.0,14.0,5.0,14.0,0
17.0,0.0,0.0,17.0,14.0,14.0,0
3.0,0.0,0.0,5.0,5.0,14.0,0
13.0,0.0,3.0,31.0,5.0,14.0,0
25.0,0.0,0.0,25.0,5.0,14.0,0
8.0,0.0,0.0,8.0,5.0,14.0,0
129.0,0.0,3.0,142.0,23.0,14.0,0
89.0,0.04684895835,1.0,97.0,23.0,14.0,0
41.0,0.0,0.0,41.0,23.0,14.0,0
13.0,0.0,0.0,19.0,32.0,14.0,0
41.0,3.5732989359999996,0.0,51.0,5.0,14.0,1
34.0,0.0,0.0,34.0,23.0,14.0,0
180.0,0.0,4.0,195.0,5.0,14.0,0
135.0,0.1674203846,0.0,148.0,5.0,14.0,0
13.0,0.0,2.0,15.0,50.0,15.0,0
3.0,0.0,0.0,3.0,23.0,14.0,0
24.0,1.317171739,0.0,27.0,23.0,14.0,0
37.0,0.0,5.0,44.0,41.0,14.0,0
64.0,0.0,0.0,67.0,5.0,14.0,0
4.0,0.0,0.0,4.0,5.0,14.0,0
8.0,2.274475,0.0,8.0,41.0,14.0,1
4.0,0.0,0.0,4.0,5.0,14.0,0
10.0,1.6191,0.0,10.0,5.0,14.0,1
9.0,0.0,0.0,9.0,5.0,14.0,0
27.0,0.0,0.0,27.0,14.0,14.0,0
11.0,2.2194,0.0,11.0,5.0,14.0,1
2.0,0.0,0.0,2.0,5.0,14.0,0
53.0,0.0,0.0,56.0,5.0,14.0,0
79.0,0.742565625,5.0,95.0,5.0,14.0,1
8.0,0.0,0.0,12.0,5.0,14.0,0
11.0,0.0,0.0,17.0,5.0,14.0,0
5.0,0.0,0.0,7.0,5.0,15.0,0
20.0,1.329676923,0.0,31.0,14.0,14.0,1
9.0,0.0,0.0,9.0,5.0,14.0,0
1.0,0.0,0.0,1.0,14.0,14.0,0
19.0,0.0,0.0,23.0,32.0,14.0,0
3.0,0.0,0.0,3.0,5.0,14.0,0
27.0,0.0,0.0,27.0,32.0,14.0,0
17.0,0.0,0.0,19.0,5.0,14.0,0
15.0,0.0,0.0,15.0,5.0,15.0,0
1.0,0.0,0.0,1.0,5.0,14.0,0
11.0,0.0,0.0,13.0,5.0,14.0,0
5.0,0.0,0.0,5.0,14.0,14.0,0
6.0,0.0,0.0,6.0,14.0,14.0,0
46.0,0.0,7.0,58.0,50.0,15.0,0
21.0,3.5009131580000004,0.0,21.0,5.0,14.0,1
35.0,0.0,1.0,36.0,50.0,15.0,0
2.0,0.0,0.0,4.0,5.0,15.0,0
110.0,0.0,2.0,119.0,41.0,14.0,0
26.0,0.0,0.0,29.0,5.0,14.0,0
1.0,0.0,0.0,1.0,41.0,14.0,0
34.0,0.806208,0.0,38.0,5.0,14.0,0
24.0,0.0,0.0,25.0,5.0,14.0,0
65.0,0.0,0.0,65.0,41.0,14.0,0
9.0,0.0,0.0,9.0,50.0,15.0,0
91.0,0.0,7.0,108.0,5.0,14.0,0
6.0,0.0,0.0,6.0,5.0,14.0,0
5.0,0.0,0.0,5.0,14.0,14.0,0
8.0,2.831181818,2.0,12.0,5.0,15.0,1
13.0,0.0,0.0,13.0,32.0,14.0,0
124.0,0.29607410430000003,0.0,131.0,5.0,15.0,0
1.0,0.0,0.0,1.0,5.0,14.0,0
7.0,0.0,0.0,7.0,5.0,14.0,0
17.0,0.0,0.0,25.0,5.0,14.0,0
33.0,0.0,0.0,33.0,14.0,14.0,0
8.0,0.0,0.0,8.0,23.0,14.0,0
5.0,0.0,0.0,6.0,32.0,14.0,0
44.0,0.0,1.0,47.0,5.0,15.0,0
2.0,0.0,0.0,2.0,41.0,14.0,0
12.0,0.0,0.0,12.0,41.0,14.0,0
45.0,0.0,0.0,55.0,5.0,14.0,0
40.0,0.4011419753,0.0,57.0,32.0,14.0,0
43.0,0.0,1.0,45.0,41.0,14.0,0
2.0,0.0,0.0,2.0,5.0,15.0,0
12.0,0.0,0.0,12.0,41.0,14.0,0
6.0,0.0,1.0,9.0,5.0,14.0,0
2.0,0.0,0.0,2.0,5.0,15.0,0
6.0,0.0,0.0,9.0,5.0,14.0,0
25.0,0.32013064515,3.0,35.0,5.0,15.0,0
46.0,0.0,0.0,56.0,5.0,14.0,0
1.0,0.0,0.0,1.0,5.0,14.0,0
34.0,3.1039411765000002,0.0,34.0,5.0,15.0,1
43.0,2.4432,0.0,47.0,5.0,15.0,1
19.0,2.8737,0.0,23.0,5.0,15.0,1
1.0,0.0,0.0,1.0,5.0,15.0,0
28.0,0.0,2.0,31.0,23.0,14.0,0
7.0,0.0,0.0,7.0,41.0,14.0,0
35.0,0.47987027025,0.0,40.0,32.0,14.0,0
53.0,0.0,0.0,54.0,23.0,14.0,0
66.0,0.5227188405,0.0,70.0,50.0,15.0,0
7.0,0.0,0.0,7.0,5.0,14.0,0
129.0,0.12624969805,2.0,138.0,14.0,14.0,0
77.0,3.95,0.0,79.0,32.0,14.0,0
18.0,0.0,0.0,23.0,5.0,14.0,0
15.0,0.0,0.0,15.0,5.0,14.0,0
28.0,0.0,0.0,31.0,5.0,14.0,0
18.0,0.0,0.0,18.0,32.0,14.0,0
26.0,0.0,4.0,40.0,14.0,14.0,0
21.0,0.0,0.0,21.0,5.0,14.0,0
12.0,0.0,1.0,13.0,5.0,14.0,0
22.0,0.0,0.0,22.0,5.0,14.0,0
6.0,0.0,0.0,6.0,41.0,14.0,0
7.0,0.0,0.0,8.0,5.0,15.0,0
6.0,0.0,0.0,6.0,5.0,14.0,0
34.0,0.0,3.0,43.0,5.0,15.0,0
39.0,0.4302195652,0.0,45.0,5.0,14.0,0
18.0,0.0,0.0,18.0,32.0,14.0,0
16.0,0.0,0.0,18.0,5.0,14.0,0
1.0,0.0,0.0,1.0,5.0,14.0,0
49.0,0.0,0.0,50.0,41.0,14.0,0
76.0,0.0,0.0,76.0,5.0,14.0,0
7.0,0.0,0.0,9.0,5.0,14.0,0
7.0,0.0,0.0,7.0,41.0,14.0,0
24.0,0.0,0.0,27.0,41.0,14.0,0
15.0,0.9674133335,0.0,15.0,5.0,14.0,0
22.0,0.0,0.0,22.0,5.0,14.0,0
6.0,0.0,0.0,7.0,5.0,14.0,0
26.0,0.0,0.0,26.0,50.0,15.0,0
36.0,0.6998384615,0.0,44.0,5.0,14.0,0
6.0,0.0,0.0,6.0,5.0,14.0,0
32.0,1.1660833335,1.0,37.0,5.0,15.0,1
20.0,0.0,0.0,21.0,5.0,14.0,0
1.0,0.0,0.0,1.0,5.0,14.0,0
8.0,0.0,0.0,8.0,5.0,15.0,0
195.0,0.16914383900000002,11.0,214.0,23.0,14.0,0
10.0,0.0,0.0,14.0,23.0,14.0,0
11.0,0.0,0.0,11.0,50.0,15.0,0
51.0,0.10862156865000001,1.0,52.0,41.0,14.0,1
35.0,0.0,4.0,48.0,5.0,14.0,0
1.0,0.0,0.0,1.0,5.0,14.0,0
32.0,0.8529612905,0.0,33.0,41.0,14.0,1
13.0,0.0,0.0,13.0,23.0,14.0,0
36.0,0.398775,2.0,46.0,5.0,14.0,0
13.0,0.0,0.0,16.0,41.0,14.0,0
3.0,0.0,0.0,3.0,41.0,14.0,0
10.0,0.0,0.0,10.0,5.0,15.0,0
20.0,0.0,0.0,20.0,5.0,14.0,0
64.0,0.0,0.0,65.0,5.0,14.0,0
1.0,0.0,0.0,1.0,5.0,14.0,0
20.0,0.0,1.0,21.0,32.0,14.0,0
26.0,0.0,0.0,26.0,41.0,14.0,0
4.0,0.0,0.0,4.0,32.0,14.0,0
23.0,0.0,1.0,24.0,5.0,14.0,0
99.0,0.44632992855,1.0,102.0,5.0,15.0,0
9.0,0.0,0.0,15.0,5.0,14.0,0
32.0,1.180974074,0.0,36.0,5.0,14.0,1
33.0,0.0,1.0,39.0,5.0,14.0,0
19.0,2.6994,0.0,19.0,32.0,14.0,1
5.0,0.0,0.0,9.0,14.0,14.0,0
22.0,0.0,0.0,26.0,5.0,14.0,0
5.0,0.0,0.0,10.0,5.0,14.0,0
362.0,0.0,1.0,366.0,5.0,15.0,0
6.0,0.0,0.0,6.0,23.0,14.0,0
12.0,0.0,0.0,12.0,41.0,14.0,0
4.0,0.0,0.0,4.0,14.0,14.0,0
79.0,0.0,0.0,88.0,5.0,14.0,0
5.0,0.0,0.0,8.0,50.0,15.0,0
44.0,0.9648765955,0.0,52.0,32.0,14.0,1
68.0,0.8335113700000001,3.0,73.0,5.0,14.0,0
23.0,0.0,0.0,25.0,5.0,15.0,0
23.0,0.0,2.0,27.0,5.0,14.0,0
34.0,0.6137097435000001,0.0,42.0,41.0,14.0,0
12.0,0.0,0.0,12.0,14.0,14.0,0
50.0,0.16208265305,0.0,50.0,32.0,14.0,0
4.0,0.0,0.0,8.0,5.0,15.0,0
49.0,0.0,0.0,50.0,50.0,15.0,0
85.0,0.23847834099999998,0.0,95.0,32.0,14.0,0
36.0,0.0,1.0,38.0,5.0,14.0,0
3.0,0.0,0.0,3.0,5.0,14.0,0
21.0,0.9137142855,1.0,22.0,5.0,14.0,1
44.0,0.0,0.0,53.0,5.0,15.0,0
30.0,0.0,0.0,38.0,5.0,14.0,0
15.0,0.0,0.0,16.0,41.0,14.0,0
29.0,0.1532189189,0.0,38.0,5.0,14.0,0
21.0,0.0,0.0,21.0,5.0,14.0,0
19.0,1.2554500000000002,0.0,19.0,5.0,15.0,1
42.0,0.5056804484999999,8.0,58.0,5.0,14.0,0
21.0,1.0189824829999998,5.0,28.0,5.0,14.0,0
18.0,0.0,0.0,21.0,5.0,15.0,0
8.0,0.0,0.0,10.0,5.0,14.0,0
10.0,2.5194,0.0,13.0,5.0,15.0,1
13.0,0.0,1.0,14.0,23.0,14.0,0
20.0,0.0,0.0,21.0,5.0,14.0,0
36.0,0.34060526315,3.0,44.0,5.0,14.0,0
64.0,0.0,0.0,64.0,5.0,15.0,0
15.0,0.0,1.0,16.0,5.0,14.0,0
1.0,0.0,0.0,1.0,5.0,15.0,0
6.0,0.0,0.0,6.0,5.0,15.0,0
8.0,0.0,0.0,9.0,5.0,14.0,0
2.0,0.0,0.0,2.0,41.0,14.0,0
4.0,0.0,0.0,4.0,5.0,15.0,0
24.0,3.615104348,0.0,24.0,5.0,14.0,1
18.0,0.0,0.0,18.0,41.0,14.0,0
18.0,0.0,1.0,23.0,5.0,14.0,0
14.0,0.0,0.0,14.0,5.0,14.0,0
61.0,0.0,1.0,66.0,32.0,14.0,0
9.0,0.0,0.0,9.0,5.0,14.0,0
56.0,0.4092047541,0.0,71.0,5.0,14.0,0
11.0,0.0,1.0,12.0,5.0,14.0,0
66.0,0.0,1.0,75.0,5.0,14.0,0
74.0,1.387088581,0.0,74.0,5.0,14.0,0
21.0,2.79243,0.0,21.0,5.0,15.0,1
13.0,0.0,0.0,13.0,50.0,15.0,0
10.0,0.0,0.0,10.0,41.0,14.0,0
14.0,0.0,0.0,14.0,5.0,15.0,0
18.0,1.9593,0.0,19.0,5.0,14.0,1
12.0,0.8904,0.0,12.0,5.0,14.0,1
9.0,0.0,1.0,10.0,50.0,15.0,0
7.0,0.0,0.0,7.0,50.0,15.0,0
3.0,0.0,0.0,3.0,41.0,14.0,0
15.0,0.0,0.0,19.0,5.0,14.0,0
9.0,1.144818182,0.0,10.0,5.0,14.0,1
6.0,0.0,0.0,6.0,5.0,14.0,0
3.0,0.0,0.0,3.0,5.0,15.0,0
96.0,0.16790666665,12.0,123.0,5.0,14.0,1
44.0,0.75920625,0.0,50.0,32.0,14.0,0
35.0,0.38046857145,0.0,35.0,14.0,14.0,1
37.0,0.0,0.0,37.0,32.0,14.0,0
9.0,0.0,0.0,15.0,5.0,14.0,0
29.0,0.0,5.0,41.0,14.0,14.0,0
6.0,0.0,0.0,6.0,5.0,15.0,0
13.0,0.0,0.0,22.0,5.0,14.0,0
22.0,0.0,0.0,22.0,23.0,14.0,0
21.0,0.0,0.0,21.0,5.0,15.0,0
75.0,0.8081666665,4.0,88.0,5.0,14.0,1
17.0,0.0,0.0,18.0,5.0,14.0,0
3.0,0.0,0.0,3.0,5.0,15.0,0
28.0,0.6555727275,0.0,36.0,5.0,14.0,0
8.0,0.0,0.0,8.0,41.0,14.0,0
51.0,0.0,1.0,61.0,41.0,14.0,0
21.0,0.8269545454999999,1.0,26.0,5.0,15.0,0
40.0,0.0,0.0,45.0,32.0,14.0,0
2.0,0.0,0.0,2.0,5.0,14.0,0
2.0,0.0,0.0,2.0,5.0,14.0,0
4.0,0.0,0.0,6.0,5.0,14.0,0
5.0,0.0,0.0,5.0,41.0,14.0,0
10.0,0.0,0.0,10.0,14.0,14.0,0
19.0,3.4188,0.0,19.0,5.0,14.0,1
27.0,0.0,0.0,27.0,14.0,14.0,0
45.0,0.6765341835,0.0,50.0,5.0,14.0,1
2.0,0.0,0.0,2.0,5.0,14.0,0
1.0,0.0,0.0,1.0,5.0,14.0,0
10.0,0.0,0.0,10.0,50.0,15.0,0
8.0,0.0,0.0,8.0,5.0,14.0,0
77.0,0.4924908233,4.0,83.0,5.0,14.0,0
14.0,0.0,0.0,18.0,5.0,14.0,0
6.0,0.0,0.0,10.0,5.0,14.0,0
9.0,0.0,0.0,9.0,32.0,14.0,0
13.0,0.0,0.0,14.0,5.0,15.0,0
3.0,0.0,0.0,3.0,5.0,15.0,0
29.0,0.44487972974999995,0.0,39.0,5.0,15.0,0
57.0,0.40263083335000005,2.0,66.0,5.0,14.0,0
20.0,0.0,0.0,23.0,5.0,14.0,0
17.0,0.0,0.0,18.0,5.0,14.0,0
1.0,0.0,0.0,1.0,5.0,14.0,0
3.0,0.0,0.0,7.0,5.0,15.0,0
59.0,2.7037620565,0.0,67.0,5.0,14.0,1
42.0,1.088237524,1.0,50.0,5.0,14.0,0
22.0,2.748518182,0.0,22.0,5.0,14.0,1
16.0,0.0,0.0,16.0,5.0,14.0,0
21.0,0.0,0.0,25.0,5.0,14.0,0
9.0,0.0,0.0,9.0,32.0,14.0,0
13.0,0.0,0.0,13.0,41.0,14.0,0
1.0,0.0,0.0,1.0,5.0,14.0,0
7.0,0.0,0.0,7.0,5.0,15.0,0
16.0,0.0,0.0,16.0,5.0,14.0,0
3.0,0.0,0.0,5.0,5.0,14.0,0
17.0,0.0,0.0,17.0,32.0,14.0,0
38.0,0.35767105265,0.0,39.0,5.0,14.0,1
19.0,0.0,0.0,22.0,5.0,14.0,0
80.0,0.4034513826,0.0,89.0,5.0,14.0,1
51.0,0.0,0.0,52.0,32.0,14.0,0
1.0,0.0,0.0,1.0,5.0,14.0,0
57.0,0.45514687095,0.0,58.0,5.0,14.0,0
5.0,0.0,0.0,5.0,32.0,14.0,0
4.0,0.0,0.0,4.0,14.0,14.0,0
30.0,0.0,12.0,56.0,32.0,14.0,0
14.0,0.0,0.0,17.0,5.0,14.0,0
20.0,0.0,0.0,22.0,5.0,15.0,0
58.0,0.12416949155000001,2.0,62.0,14.0,14.0,0
12.0,0.0,0.0,12.0,5.0,15.0,0
27.0,0.0,0.0,34.0,5.0,14.0,0
125.0,0.0,2.0,131.0,5.0,14.0,0
6.0,0.0,0.0,6.0,5.0,14.0,0
18.0,0.0,0.0,18.0,14.0,14.0,0
19.0,0.0,0.0,19.0,5.0,14.0,0
33.0,0.0,0.0,39.0,5.0,14.0,0
24.0,0.0,0.0,32.0,14.0,14.0,0
1.0,0.0,0.0,1.0,5.0,14.0,0
25.0,0.0,0.0,27.0,5.0,14.0,0
18.0,1.4263941175,0.0,18.0,5.0,14.0,0
40.0,0.0,0.0,44.0,5.0,14.0,0
4.0,0.0,1.0,6.0,41.0,14.0,0
21.0,0.0,0.0,21.0,32.0,14.0,0
11.0,1.332888889,0.0,12.0,5.0,14.0,1
179.0,0.0,0.0,179.0,5.0,15.0,0
52.0,0.0,0.0,68.0,5.0,14.0,0
1.0,0.0,0.0,1.0,5.0,14.0,0
46.0,0.9422,0.0,47.0,5.0,14.0,0
126.0,0.0,0.0,132.0,32.0,14.0,0
17.0,0.0,0.0,17.0,14.0,14.0,0
1.0,0.0,0.0,1.0,5.0,14.0,0
20.0,0.0,0.0,22.0,50.0,15.0,0
1.0,0.0,0.0,1.0,50.0,15.0,0
8.0,0.0,0.0,12.0,5.0,14.0,0
19.0,0.3312473684,0.0,19.0,32.0,14.0,1
19.0,0.0,0.0,29.0,5.0,14.0,0
3.0,0.0,0.0,3.0,14.0,14.0,0
62.0,0.0,0.0,62.0,50.0,15.0,0
15.0,0.0,2.0,22.0,5.0,14.0,0
21.0,0.0,0.0,22.0,5.0,14.0,0
8.0,0.0,0.0,10.0,5.0,14.0,0
46.0,0.0,0.0,46.0,32.0,14.0,0
3.0,0.0,0.0,3.0,5.0,14.0,0
13.0,0.0,0.0,13.0,50.0,15.0,0
6.0,0.0,0.0,15.0,5.0,14.0,0
6.0,0.0,0.0,6.0,5.0,14.0,0
101.0,0.8470233645,0.0,109.0,32.0,14.0,0
10.0,0.0,0.0,10.0,32.0,14.0,0
7.0,0.0,2.0,13.0,41.0,14.0,0
27.0,0.0,0.0,27.0,32.0,14.0,0
19.0,0.0,3.0,28.0,14.0,14.0,0
36.0,0.0,2.0,43.0,5.0,14.0,0
17.0,0.0,0.0,17.0,5.0,15.0,0
1.0,0.0,0.0,1.0,5.0,14.0,0
3.0,0.0,0.0,3.0,14.0,14.0,0
18.0,0.0,0.0,22.0,5.0,14.0,0
3.0,0.0,0.0,3.0,5.0,14.0,0
63.0,0.0,0.0,66.0,5.0,14.0,0
32.0,2.9983885715,1.0,40.0,14.0,14.0,1
7.0,0.0,5.0,14.0,23.0,14.0,0
28.0,0.7368545455,1.0,39.0,14.0,14.0,0
37.0,0.3970765766,0.0,40.0,5.0,14.0,0
50.0,0.25688571429999996,1.0,51.0,5.0,14.0,1
8.0,3.19455,0.0,8.0,5.0,14.0,1
41.0,0.32650243900000003,1.0,45.0,5.0,14.0,0
7.0,0.0,0.0,11.0,23.0,14.0,0
12.0,0.531257143,0.0,14.0,32.0,14.0,0
6.0,0.0,0.0,6.0,5.0,15.0,0
33.0,0.0,0.0,39.0,5.0,14.0,0
17.0,0.48701249999999996,0.0,18.0,5.0,15.0,1
132.0,0.44342245054999996,4.0,149.0,5.0,14.0,0
22.0,0.6837466665,2.0,27.0,5.0,14.0,1
15.0,0.0,0.0,15.0,41.0,14.0,0
58.0,0.6299551164999999,0.0,63.0,5.0,15.0,0
8.0,1.349,0.0,8.0,5.0,14.0,1
15.0,0.0,0.0,15.0,5.0,14.0,0
30.0,0.19990000000000002,1.0,37.0,32.0,14.0,1
15.0,0.6076052630000001,3.0,21.0,5.0,15.0,0
10.0,0.0,1.0,13.0,5.0,14.0,0
19.0,0.0,0.0,19.0,41.0,14.0,0
35.0,0.0,0.0,38.0,5.0,14.0,0
11.0,0.0,0.0,12.0,32.0,14.0,0
3.0,0.0,0.0,3.0,5.0,15.0,0
11.0,0.0,0.0,14.0,5.0,15.0,0
1.0,0.0,0.0,1.0,41.0,14.0,0
11.0,2.77425,0.0,12.0,5.0,14.0,1
20.0,0.0,0.0,20.0,32.0,14.0,0
16.0,0.0,0.0,16.0,5.0,14.0,0
0.0,0.0,0.0,2.0,5.0,15.0,0
27.0,0.0,2.0,32.0,32.0,14.0,0
1.0,0.0,0.0,1.0,5.0,14.0,0
35.0,0.0,0.0,35.0,41.0,14.0,0
10.0,1.9104703705,0.0,10.0,5.0,15.0,1
73.0,0.28386432429999997,0.0,76.0,23.0,14.0,0
12.0,0.0,0.0,13.0,5.0,15.0,0
0.0,0.0,0.0,1.0,5.0,15.0,0
30.0,0.0,0.0,34.0,5.0,14.0,0
5.0,0.0,0.0,5.0,5.0,15.0,0
32.0,0.0,0.0,32.0,5.0,14.0,0
21.0,0.0,0.0,30.0,5.0,15.0,0
13.0,0.0,0.0,14.0,5.0,15.0,0
10.0,0.0,0.0,10.0,5.0,14.0,0
50.0,0.22738,0.0,50.0,5.0,14.0,1
15.0,0.0,0.0,16.0,32.0,14.0,0
6.0,0.0,0.0,6.0,32.0,14.0,0
4.0,0.0,0.0,4.0,5.0,15.0,0
24.0,0.2622375,0.0,25.0,23.0,14.0,0
8.0,0.0,0.0,8.0,32.0,14.0,0
13.0,0.0,0.0,13.0,5.0,14.0,0
31.0,0.0,0.0,32.0,41.0,14.0,0
55.0,0.0,0.0,55.0,5.0,14.0,0
2.0,0.0,1.0,5.0,5.0,14.0,0
54.0,0.49325625000000006,0.0,61.0,5.0,14.0,1
5.0,0.0,0.0,5.0,5.0,14.0,0
9.0,0.0,0.0,9.0,14.0,14.0,0
21.0,2.1905217390000002,0.0,28.0,5.0,14.0,1
1.0,0.0,0.0,1.0,5.0,14.0,0
57.0,0.0,1.0,61.0,5.0,14.0,0
10.0,0.0,0.0,13.0,5.0,14.0,0
10.0,0.0,0.0,10.0,41.0,14.0,0
18.0,3.4639304350000004,0.0,26.0,5.0,14.0,1
1.0,0.0,0.0,1.0,41.0,14.0,0
39.0,0.0,0.0,46.0,5.0,15.0,0
28.0,2.1251666664999997,0.0,30.0,5.0,14.0,0
2.0,0.0,0.0,2.0,5.0,14.0,0
10.0,0.0,0.0,10.0,5.0,14.0,0
2.0,0.0,0.0,2.0,14.0,14.0,0
15.0,0.0,1.0,20.0,5.0,15.0,0
16.0,0.0,0.0,17.0,5.0,15.0,0
28.0,0.0,0.0,32.0,5.0,15.0,0
4.0,0.0,0.0,4.0,23.0,14.0,0
26.0,0.7973399999999999,0.0,27.0,5.0,14.0,1
19.0,0.0,0.0,28.0,5.0,14.0,0
18.0,0.0,0.0,21.0,23.0,14.0,0
1.0,0.0,0.0,1.0,5.0,14.0,0
10.0,0.0,0.0,11.0,5.0,15.0,0
55.0,0.4254118751,1.0,78.0,5.0,14.0,0
15.0,1.6095400000000002,1.0,16.0,5.0,14.0,1
25.0,0.0,2.0,33.0,5.0,14.0,0
15.0,0.0,0.0,15.0,32.0,14.0,0
8.0,0.0,0.0,9.0,5.0,14.0,0
32.0,0.0,0.0,32.0,5.0,14.0,0
60.0,0.28550306375,1.0,74.0,5.0,14.0,1
124.0,0.0957087486,1.0,134.0,14.0,14.0,0
12.0,0.0,0.0,12.0,5.0,14.0,0
61.0,0.0,0.0,66.0,32.0,14.0,0
15.0,1.561,0.0,15.0,5.0,14.0,1
70.0,0.25925825715,2.0,74.0,41.0,14.0,0
113.0,0.05168820105000001,4.0,132.0,5.0,14.0,0
4.0,0.0,0.0,4.0,5.0,14.0,0
16.0,1.2369375,0.0,16.0,5.0,14.0,1
1.0,0.0,0.0,1.0,5.0,14.0,0
1.0,0.0,0.0,1.0,23.0,14.0,0
10.0,0.0,0.0,10.0,32.0,14.0,0
19.0,0.0,2.0,21.0,50.0,15.0,0
44.0,0.0,0.0,44.0,5.0,14.0,0
21.0,4.5623,0.0,21.0,5.0,14.0,1
32.0,0.0,3.0,39.0,5.0,14.0,0
6.0,0.0,0.0,9.0,50.0,15.0,0
55.0,0.8242105264999999,1.0,61.0,5.0,14.0,0
6.0,0.0,0.0,6.0,32.0,14.0,0
4.0,0.0,0.0,4.0,5.0,14.0,0
4.0,0.0,0.0,4.0,5.0,14.0,0
16.0,0.49958333335000005,0.0,19.0,5.0,14.0,0
1.0,0.0,0.0,1.0,5.0,14.0,0
10.0,0.0,0.0,10.0,5.0,14.0,0
28.0,0.0,0.0,32.0,5.0,14.0,0
118.0,0.4128286179,2.0,126.0,5.0,15.0,0
62.0,0.0,1.0,65.0,41.0,14.0,0
14.0,0.0,0.0,17.0,5.0,15.0,0
2.0,0.0,0.0,4.0,5.0,14.0,0
60.0,0.0,0.0,64.0,23.0,14.0,0
13.0,0.0,0.0,16.0,14.0,14.0,0
30.0,2.363030303,0.0,35.0,5.0,14.0,1
1.0,0.0,0.0,2.0,41.0,14.0,0
26.0,1.799,0.0,26.0,5.0,14.0,1
34.0,0.0,1.0,41.0,5.0,14.0,0
34.0,0.0,1.0,35.0,32.0,14.0,0
46.0,0.0,0.0,46.0,5.0,14.0,0
2.0,0.0,0.0,2.0,5.0,14.0,0
15.0,0.0,0.0,15.0,41.0,14.0,0
45.0,0.0,1.0,46.0,5.0,14.0,0
38.0,0.12807692310000002,0.0,39.0,5.0,14.0,0
28.0,0.0,0.0,40.0,5.0,15.0,0
4.0,0.0,0.0,4.0,5.0,15.0,0
69.0,2.469635821,0.0,69.0,5.0,14.0,1
58.0,0.0,0.0,58.0,23.0,14.0,0
30.0,0.5739064515,2.0,33.0,5.0,15.0,1
7.0,0.0,3.0,10.0,5.0,14.0,0
55.0,0.0,0.0,55.0,5.0,14.0,0
4.0,0.0,2.0,8.0,5.0,15.0,0
9.0,0.87705,0.0,9.0,50.0,15.0,1
10.0,0.0,0.0,11.0,5.0,15.0,0
25.0,0.0,0.0,27.0,5.0,14.0,0
4.0,0.0,0.0,9.0,5.0,14.0,0
42.0,0.0,8.0,53.0,5.0,15.0,0
9.0,0.0,0.0,9.0,14.0,14.0,0
11.0,0.0,0.0,11.0,5.0,15.0,0
10.0,0.0,0.0,10.0,23.0,14.0,0
9.0,0.0,0.0,9.0,5.0,14.0,0
24.0,3.223092857,1.0,30.0,5.0,14.0,0
14.0,0.0,0.0,17.0,5.0,14.0,0
14.0,0.0,0.0,14.0,5.0,14.0,0
52.0,0.606580994,1.0,61.0,5.0,14.0,0
19.0,0.0,0.0,19.0,5.0,14.0,0
16.0,0.0,0.0,20.0,5.0,14.0,0
21.0,0.0,3.0,24.0,5.0,14.0,0
23.0,0.0,1.0,30.0,5.0,14.0,0
8.0,0.0,1.0,9.0,23.0,14.0,0
9.0,0.0,0.0,9.0,5.0,14.0,0
1.0,0.0,0.0,1.0,5.0,14.0,0
68.0,0.0,0.0,68.0,5.0,14.0,0
14.0,0.0,3.0,23.0,32.0,14.0,0
21.0,0.0,0.0,21.0,5.0,14.0,0
3.0,0.0,0.0,6.0,5.0,14.0,0
10.0,0.0,0.0,10.0,5.0,15.0,0
8.0,0.0,0.0,8.0,5.0,14.0,0
9.0,0.0,0.0,9.0,5.0,14.0,0
29.0,0.7829041935000001,0.0,32.0,5.0,14.0,1
20.0,0.0,0.0,20.0,5.0,14.0,0
49.0,0.0,0.0,52.0,5.0,14.0,0
19.0,0.0,2.0,23.0,5.0,15.0,0
5.0,0.0,0.0,5.0,5.0,14.0,0
16.0,0.0,0.0,16.0,5.0,14.0,0
18.0,0.0,0.0,18.0,41.0,14.0,0
15.0,0.805026316,1.0,20.0,5.0,14.0,1
7.0,0.0,0.0,7.0,41.0,14.0,0
13.0,0.0,0.0,13.0,5.0,14.0,0
58.0,0.31105227274999997,1.0,70.0,5.0,15.0,0
6.0,0.0,0.0,6.0,5.0,14.0,0
19.0,0.0,0.0,28.0,5.0,15.0,0
69.0,0.0,0.0,69.0,32.0,14.0,0
12.0,0.0,0.0,12.0,32.0,14.0,0
61.0,0.39990000000000003,0.0,64.0,41.0,14.0,0
1.0,0.0,0.0,1.0,14.0,14.0,0
39.0,0.0,0.0,43.0,5.0,14.0,0
31.0,0.0,0.0,35.0,5.0,14.0,0
14.0,0.0,0.0,14.0,5.0,14.0,0
4.0,0.0,0.0,9.0,5.0,15.0,0
38.0,0.0,0.0,38.0,32.0,14.0,0
20.0,0.0,0.0,23.0,14.0,14.0,0
6.0,0.0,0.0,6.0,5.0,14.0,0
106.0,0.0,1.0,109.0,50.0,15.0,0
89.0,0.25797311035,2.0,96.0,41.0,14.0,0
17.0,1.34925,0.0,17.0,5.0,14.0,0
47.0,0.0,0.0,47.0,32.0,14.0,0
4.0,0.0,0.0,4.0,14.0,14.0,0
12.0,0.0,0.0,12.0,5.0,14.0,0
35.0,1.9101789475,0.0,37.0,5.0,14.0,0
35.0,1.327275,0.0,40.0,5.0,15.0,0
6.0,2.7489999999999997,0.0,8.0,50.0,15.0,1
20.0,0.0,0.0,20.0,32.0,14.0,0
7.0,0.0,0.0,7.0,5.0,14.0,0
4.0,0.0,0.0,4.0,41.0,14.0,0
22.0,0.0,0.0,22.0,32.0,14.0,0
16.0,0.0,0.0,16.0,5.0,14.0,0
175.0,0.1992055348,0.0,175.0,5.0,15.0,0
22.0,0.2899,1.0,31.0,5.0,14.0,0
2.0,0.0,0.0,2.0,5.0,14.0,0
38.0,0.29515909090000003,1.0,43.0,5.0,14.0,1
20.0,0.0,0.0,20.0,5.0,15.0,0
5.0,0.0,0.0,5.0,5.0,14.0,0
7.0,0.0,0.0,7.0,50.0,15.0,0
4.0,0.0,0.0,4.0,32.0,14.0,0
59.0,0.15383534485,0.0,63.0,41.0,14.0,0
17.0,0.0,0.0,17.0,32.0,14.0,0
11.0,0.0,0.0,11.0,50.0,15.0,0
2.0,0.0,0.0,2.0,5.0,15.0,0
32.0,2.9052812500000003,0.0,35.0,5.0,14.0,0
52.0,3.2040631580000003,3.0,62.0,5.0,14.0,0
11.0,0.0,0.0,14.0,5.0,15.0,0
4.0,0.0,0.0,4.0,5.0,14.0,0
72.0,0.0,0.0,78.0,5.0,14.0,0
42.0,0.0,0.0,42.0,5.0,15.0,0
89.0,0.0,1.0,93.0,5.0,15.0,0
10.0,0.0,0.0,10.0,5.0,14.0,0
9.0,0.0,0.0,10.0,5.0,14.0,0
12.0,0.0,0.0,12.0,50.0,15.0,0
44.0,2.6611343335,0.0,50.0,23.0,14.0,0
6.0,0.0,0.0,6.0,5.0,15.0,0
25.0,0.0,0.0,25.0,41.0,14.0,0
59.0,0.38633898305000003,0.0,59.0,23.0,14.0,0
82.0,0.42478255815,2.0,94.0,5.0,14.0,0
38.0,0.6298833335,0.0,40.0,5.0,15.0,1
36.0,1.692389189,2.0,38.0,5.0,15.0,1
106.0,0.0956211111,0.0,111.0,5.0,14.0,0
13.0,1.1994,0.0,13.0,5.0,15.0,1
2.0,0.0,0.0,2.0,41.0,14.0,0
3.0,0.0,0.0,3.0,5.0,14.0,0
9.0,0.0,0.0,9.0,32.0,14.0,0
5.0,0.0,0.0,13.0,5.0,15.0,0
148.0,0.2891494123,0.0,158.0,23.0,14.0,0
32.0,0.0,0.0,32.0,5.0,14.0,0
8.0,0.0,0.0,8.0,50.0,15.0,0
8.0,0.0,0.0,8.0,5.0,14.0,0
31.0,0.0,0.0,32.0,5.0,14.0,0
3.0,0.0,0.0,3.0,32.0,14.0,0
28.0,0.56421375,2.0,37.0,5.0,15.0,0
20.0,0.0,0.0,24.0,5.0,14.0,0
30.0,0.0,0.0,30.0,41.0,14.0,0
28.0,0.0,0.0,28.0,41.0,14.0,0
440.0,0.0779190694,0.0,451.0,50.0,15.0,0
22.0,0.0,0.0,22.0,5.0,14.0,0
10.0,0.0,0.0,10.0,32.0,14.0,0
19.0,0.0,0.0,19.0,5.0,14.0,0
15.0,0.0,0.0,22.0,5.0,15.0,0
15.0,1.3832,0.0,20.0,32.0,14.0,1
29.0,0.0,1.0,35.0,5.0,14.0,0
156.0,0.07674179895,3.0,175.0,5.0,14.0,0
54.0,0.0,0.0,57.0,5.0,14.0,0
9.0,0.0,0.0,12.0,5.0,15.0,0
59.0,0.0,0.0,59.0,32.0,14.0,0
6.0,0.0,0.0,6.0,5.0,14.0,0
19.0,0.0,0.0,19.0,5.0,14.0,0
19.0,0.0,0.0,20.0,5.0,14.0,0
33.0,0.0,2.0,38.0,41.0,14.0,0
4.0,0.0,2.0,7.0,5.0,14.0,0
4.0,0.0,0.0,4.0,5.0,14.0,0
16.0,0.0,0.0,16.0,5.0,14.0,0
3.0,0.0,0.0,3.0,32.0,14.0,0
61.0,0.0,1.0,67.0,41.0,14.0,0
13.0,1.6218692310000002,0.0,14.0,5.0,15.0,0
46.0,0.0,1.0,52.0,23.0,14.0,0
15.0,0.0,0.0,19.0,5.0,14.0,0
26.0,0.5085013825,4.0,35.0,14.0,14.0,0
62.0,0.0,1.0,64.0,5.0,14.0,0
23.0,0.0,0.0,23.0,41.0,14.0,0
108.0,1.201322744,3.0,124.0,5.0,15.0,1
14.0,0.0,0.0,14.0,5.0,14.0,0
39.0,1.6962556100000001,1.0,44.0,5.0,14.0,1
24.0,0.0,0.0,24.0,32.0,14.0,0
19.0,0.0,0.0,19.0,5.0,14.0,0
58.0,0.0,0.0,58.0,5.0,14.0,0
22.0,1.044409091,0.0,22.0,50.0,15.0,1
40.0,1.1102008545,0.0,43.0,5.0,14.0,0
4.0,0.0,0.0,5.0,5.0,15.0,0
52.0,0.0,0.0,52.0,5.0,14.0,0
16.0,0.0,1.0,18.0,5.0,15.0,0
24.0,0.0,0.0,24.0,41.0,14.0,0
1.0,0.0,2.0,3.0,50.0,15.0,0
60.0,0.0,0.0,60.0,41.0,14.0,0
42.0,0.0,1.0,44.0,23.0,14.0,0
16.0,0.0,0.0,16.0,5.0,14.0,0
16.0,0.0,0.0,20.0,5.0,15.0,0
3.0,0.0,0.0,3.0,5.0,14.0,0
20.0,0.0,0.0,20.0,41.0,14.0,0
66.0,0.0,1.0,67.0,23.0,14.0,0
77.0,0.0,0.0,77.0,41.0,14.0,0
22.0,0.0,0.0,22.0,23.0,14.0,0
13.0,0.0,0.0,14.0,32.0,14.0,0
4.0,0.0,0.0,4.0,5.0,14.0,0
6.0,0.0,3.0,12.0,41.0,14.0,0
27.0,0.0,0.0,34.0,5.0,14.0,0
14.0,0.0,0.0,14.0,32.0,14.0,0
12.0,0.0,0.0,13.0,5.0,14.0,0
7.0,0.0,1.0,10.0,5.0,14.0,0
5.0,0.0,0.0,5.0,5.0,14.0,0
13.0,0.0,0.0,13.0,23.0,14.0,0
18.0,0.0,0.0,18.0,32.0,14.0,0
14.0,0.0,1.0,19.0,5.0,14.0,0
5.0,0.0,0.0,5.0,5.0,14.0,0
14.0,0.0,0.0,16.0,5.0,14.0,0
6.0,0.0,0.0,6.0,41.0,14.0,0
11.0,0.0,0.0,11.0,32.0,14.0,0
5.0,0.0,0.0,5.0,32.0,14.0,0
8.0,0.0,0.0,8.0,50.0,15.0,0
14.0,0.0,0.0,14.0,5.0,14.0,0
31.0,0.0,0.0,34.0,5.0,14.0,0
4.0,0.0,0.0,4.0,5.0,14.0,0
51.0,0.1614759091,0.0,56.0,50.0,15.0,0
10.0,0.0,0.0,10.0,14.0,14.0,0
46.0,0.0,0.0,49.0,5.0,14.0,0
6.0,0.0,0.0,6.0,23.0,14.0,0
34.0,0.630771717,0.0,34.0,5.0,14.0,0
40.0,0.0,0.0,40.0,5.0,14.0,0
34.0,0.0,0.0,35.0,32.0,14.0,0
37.0,0.0,2.0,44.0,5.0,14.0,0
22.0,1.3909565215000002,0.0,23.0,5.0,15.0,1
70.0,0.751291883,3.0,81.0,5.0,14.0,0
11.0,0.0,0.0,13.0,5.0,14.0,0
11.0,0.0,0.0,13.0,5.0,14.0,0
16.0,0.0,0.0,17.0,5.0,15.0,0
8.0,0.0,0.0,8.0,5.0,14.0,0
6.0,0.0,0.0,6.0,5.0,14.0,0
5.0,0.0,0.0,5.0,32.0,14.0,0
21.0,0.42262500000000003,3.0,30.0,5.0,14.0,0
23.0,0.0,2.0,26.0,5.0,14.0,0
26.0,0.0,1.0,31.0,5.0,15.0,0
13.0,1.1564999999999999,1.0,15.0,5.0,14.0,1
8.0,0.0,0.0,10.0,5.0,14.0,0
25.0,0.33915,2.0,27.0,5.0,15.0,0
75.0,0.591452055,0.0,75.0,41.0,14.0,1
11.0,0.0,2.0,13.0,32.0,14.0,0
27.0,0.0,0.0,28.0,5.0,14.0,0
18.0,0.0,0.0,19.0,5.0,15.0,0
17.0,0.0,0.0,17.0,41.0,14.0,0
46.0,0.3038367284,3.0,55.0,5.0,15.0,0
18.0,0.0,0.0,20.0,5.0,14.0,0
5.0,0.0,0.0,5.0,5.0,15.0,0
6.0,0.0,0.0,6.0,5.0,14.0,0
4.0,0.0,0.0,4.0,5.0,15.0,0
31.0,0.955525,0.0,38.0,5.0,14.0,0
31.0,0.0,0.0,32.0,5.0,14.0,0
8.0,1.16175,0.0,8.0,5.0,14.0,1
59.0,0.0,0.0,60.0,32.0,14.0,0
61.0,0.0,1.0,70.0,32.0,14.0,0
2.0,0.0,0.0,2.0,5.0,14.0,0
22.0,1.1467655355,6.0,30.0,32.0,14.0,0
39.0,0.0,0.0,43.0,5.0,14.0,0
8.0,0.0,0.0,8.0,5.0,14.0,0
26.0,0.0,0.0,26.0,41.0,14.0,0
28.0,0.20988,0.0,30.0,5.0,14.0,0
3.0,0.0,0.0,3.0,5.0,14.0,0
67.0,0.04514178405,0.0,74.0,5.0,14.0,0
6.0,0.0,0.0,9.0,5.0,14.0,0
181.0,0.0,0.0,193.0,50.0,15.0,0
8.0,0.0,1.0,9.0,32.0,14.0,0
10.0,1.8128,0.0,10.0,23.0,14.0,1
27.0,0.45326666665,0.0,31.0,5.0,15.0,0
4.0,0.0,0.0,4.0,41.0,14.0,0
116.0,4.215331922,0.0,125.0,5.0,15.0,1
28.0,0.0,0.0,28.0,32.0,14.0,0
53.0,0.0,0.0,57.0,5.0,15.0,0
10.0,0.0,0.0,11.0,5.0,14.0,0
8.0,0.0,0.0,11.0,5.0,14.0,0
23.0,0.0,0.0,29.0,5.0,14.0,0
5.0,0.0,0.0,5.0,5.0,14.0,0
19.0,1.401726316,0.0,19.0,14.0,14.0,1
29.0,0.0,0.0,29.0,5.0,15.0,0
29.0,0.0,0.0,35.0,5.0,14.0,0
24.0,0.0,0.0,24.0,41.0,14.0,0
19.0,0.0,0.0,19.0,5.0,14.0,0
10.0,0.0,1.0,16.0,5.0,15.0,0
2.0,0.0,0.0,2.0,5.0,14.0,0
55.0,0.0,0.0,59.0,5.0,15.0,0
18.0,1.214325,0.0,20.0,5.0,15.0,1
19.0,0.0,0.0,23.0,5.0,14.0,0
9.0,0.0,0.0,10.0,5.0,14.0,0
7.0,0.0,0.0,8.0,23.0,14.0,0
3.0,0.0,0.0,3.0,5.0,15.0,0
13.0,0.0,1.0,14.0,5.0,15.0,0
40.0,0.0,0.0,40.0,50.0,15.0,0
9.0,0.0,0.0,9.0,5.0,14.0,0
40.0,0.8595369565000001,4.0,50.0,5.0,14.0,0
1.0,0.0,0.0,1.0,5.0,14.0,0
21.0,0.0,0.0,21.0,14.0,14.0,0
5.0,0.0,0.0,5.0,32.0,14.0,0
102.0,0.762516877,0.0,104.0,32.0,14.0,0
95.0,0.8392101144999999,3.0,104.0,5.0,14.0,0
9.0,0.0,0.0,9.0,50.0,15.0,0
10.0,0.0,0.0,10.0,5.0,14.0,0
10.0,0.0,0.0,10.0,5.0,15.0,0
13.0,0.0,0.0,13.0,5.0,14.0,0
7.0,0.0,3.0,10.0,5.0,14.0,0
14.0,0.0,0.0,14.0,5.0,14.0,0
46.0,0.0,0.0,51.0,41.0,14.0,0
4.0,0.0,0.0,4.0,32.0,14.0,0
11.0,0.0,0.0,11.0,5.0,14.0,0
20.0,0.0,0.0,25.0,32.0,14.0,0
11.0,0.0,2.0,21.0,5.0,14.0,0
42.0,0.0,0.0,45.0,5.0,14.0,0
5.0,0.0,0.0,5.0,5.0,14.0,0
24.0,0.0,0.0,24.0,23.0,14.0,0
29.0,0.0,0.0,35.0,5.0,15.0,0
17.0,0.0,2.0,21.0,5.0,14.0,0
7.0,0.0,0.0,7.0,5.0,14.0,0
27.0,0.0,0.0,27.0,5.0,14.0,0
23.0,0.0,2.0,25.0,41.0,14.0,0
70.0,1.3139665790000001,0.0,78.0,23.0,14.0,1
29.0,0.0,0.0,29.0,41.0,14.0,0
4.0,0.0,0.0,4.0,5.0,15.0,0
25.0,0.0,0.0,34.0,5.0,15.0,0
45.0,0.5981984045,0.0,52.0,14.0,14.0,0
53.0,0.0,0.0,55.0,5.0,15.0,0
1.0,0.0,0.0,1.0,23.0,14.0,0
13.0,0.0,0.0,15.0,5.0,14.0,0
3.0,0.0,0.0,3.0,23.0,14.0,0
15.0,0.0,5.0,25.0,5.0,14.0,0
20.0,0.0,0.0,21.0,23.0,14.0,0
8.0,0.0,0.0,8.0,5.0,14.0,0
11.0,0.0,0.0,11.0,5.0,14.0,0
24.0,0.0,2.0,36.0,5.0,14.0,0
2.0,0.0,0.0,2.0,5.0,14.0,0
14.0,0.0,0.0,15.0,5.0,14.0,0
24.0,0.0,1.0,27.0,23.0,14.0,0
14.0,0.0,0.0,14.0,5.0,14.0,0
50.0,0.0,0.0,51.0,5.0,14.0,0
31.0,0.0,0.0,31.0,23.0,14.0,0
1.0,0.0,0.0,1.0,5.0,14.0,0
1.0,0.0,0.0,1.0,5.0,14.0,0
41.0,0.0,0.0,41.0,23.0,14.0,0
4.0,0.0,0.0,4.0,41.0,14.0,0
9.0,2.9083636365,3.0,13.0,5.0,14.0,1
2.0,0.0,0.0,5.0,50.0,15.0,0
36.0,0.0,1.0,38.0,5.0,15.0,0
7.0,0.0,0.0,7.0,5.0,14.0,0
128.0,0.74924375,0.0,132.0,23.0,14.0,0
23.0,0.0,2.0,37.0,5.0,14.0,0
50.0,0.0,6.0,59.0,50.0,15.0,0
30.0,0.0,0.0,31.0,5.0,14.0,0
9.0,0.0,0.0,9.0,5.0,14.0,0
52.0,1.0058964910000001,0.0,59.0,5.0,15.0,1
25.0,0.0,0.0,25.0,50.0,15.0,0
2.0,0.0,0.0,2.0,41.0,14.0,0
103.0,0.0,0.0,103.0,41.0,14.0,0
13.0,1.599,0.0,17.0,5.0,14.0,1
3.0,0.0,0.0,4.0,14.0,14.0,0
39.0,0.0,0.0,43.0,5.0,14.0,0
5.0,0.0,0.0,5.0,5.0,14.0,0
2.0,0.0,1.0,3.0,23.0,14.0,0
1.0,0.0,0.0,1.0,5.0,14.0,0
15.0,0.0,2.0,22.0,5.0,15.0,0
14.0,0.0,0.0,14.0,32.0,14.0,0
6.0,0.0,0.0,6.0,5.0,15.0,0
1.0,0.0,0.0,1.0,5.0,14.0,0
16.0,0.0,0.0,21.0,5.0,14.0,0
28.0,0.7909197915,1.0,35.0,5.0,14.0,1
13.0,0.0,0.0,13.0,23.0,14.0,0
21.0,0.0,0.0,22.0,5.0,15.0,0
25.0,0.0,0.0,31.0,5.0,15.0,0
13.0,0.0,0.0,13.0,5.0,14.0,0
10.0,0.0,1.0,11.0,5.0,14.0,0
12.0,0.0,0.0,13.0,5.0,14.0,0
1.0,0.0,0.0,1.0,5.0,14.0,0
19.0,0.0,3.0,28.0,5.0,14.0,0
27.0,0.0,0.0,27.0,5.0,15.0,0
13.0,0.0,3.0,23.0,5.0,15.0,0
10.0,0.0,1.0,17.0,32.0,14.0,0
45.0,0.3336847826,1.0,49.0,50.0,15.0,1
67.0,0.3047162162,2.0,73.0,5.0,14.0,1
80.0,1.412697753,2.0,93.0,5.0,14.0,0
42.0,0.0,0.0,51.0,50.0,15.0,0
2.0,0.0,0.0,2.0,5.0,14.0,0
17.0,0.0,0.0,18.0,5.0,14.0,0
32.0,0.0,0.0,36.0,5.0,14.0,0
4.0,0.0,0.0,4.0,32.0,14.0,0
4.0,0.0,0.0,4.0,41.0,14.0,0
39.0,0.0,0.0,39.0,5.0,14.0,0
16.0,0.0,0.0,16.0,5.0,14.0,0
5.0,0.0,0.0,5.0,5.0,14.0,0
1.0,0.0,0.0,1.0,41.0,14.0,0
38.0,0.0,0.0,38.0,5.0,15.0,0
1.0,0.0,0.0,1.0,5.0,14.0,0
3.0,0.0,0.0,3.0,41.0,14.0,0
31.0,0.0,0.0,32.0,23.0,14.0,0
36.0,0.8045325,0.0,44.0,32.0,14.0,0
10.0,0.0,0.0,10.0,14.0,14.0,0
25.0,1.24485,3.0,34.0,5.0,14.0,1
2.0,0.0,0.0,2.0,41.0,14.0,0
50.0,5.47938,0.0,53.0,5.0,15.0,1
83.0,1.447090244,0.0,85.0,14.0,14.0,0
7.0,0.0,0.0,7.0,23.0,14.0,0
3.0,0.0,0.0,3.0,5.0,14.0,0
2.0,0.0,0.0,2.0,5.0,15.0,0
29.0,0.0,0.0,32.0,5.0,14.0,0
41.0,1.053990244,0.0,46.0,5.0,14.0,1
6.0,0.0,0.0,6.0,5.0,14.0,0
41.0,0.0,0.0,42.0,5.0,14.0,0
6.0,0.0,0.0,6.0,5.0,14.0,0
28.0,1.6492666665000002,0.0,30.0,5.0,14.0,1
115.0,0.0,1.0,124.0,41.0,14.0,0
4.0,0.0,0.0,4.0,14.0,14.0,0
4.0,0.0,0.0,4.0,32.0,14.0,0
63.0,0.604096131,7.0,78.0,14.0,14.0,0
178.0,0.30746719310000004,6.0,208.0,23.0,14.0,0
10.0,0.0,0.0,10.0,23.0,14.0,0
14.0,0.0,0.0,14.0,5.0,15.0,0
16.0,0.0,0.0,20.0,5.0,14.0,0
11.0,2.7267272725000002,0.0,13.0,5.0,14.0,1
46.0,0.0,0.0,47.0,41.0,14.0,0
36.0,0.0,0.0,36.0,23.0,14.0,0
19.0,0.5693210525,1.0,20.0,5.0,15.0,1
16.0,1.5288235295,0.0,18.0,5.0,14.0,1
10.0,0.0,1.0,11.0,5.0,15.0,0
48.0,0.0,0.0,50.0,5.0,14.0,0
39.0,0.566731579,0.0,39.0,5.0,14.0,0
69.0,0.0,3.0,76.0,5.0,14.0,0
61.0,0.051804545449999996,2.0,65.0,5.0,14.0,0
5.0,0.0,0.0,5.0,5.0,14.0,0
4.0,0.0,1.0,12.0,5.0,14.0,0
101.0,1.031237068,2.0,110.0,5.0,15.0,1
4.0,0.0,0.0,4.0,14.0,14.0,0
106.0,0.06620677225,0.0,106.0,5.0,14.0,0
3.0,0.0,0.0,3.0,32.0,14.0,0
25.0,0.0,0.0,25.0,23.0,14.0,0
31.0,0.0,0.0,31.0,5.0,14.0,0
63.0,0.0,0.0,63.0,41.0,14.0,0
48.0,0.27700123335,0.0,50.0,32.0,14.0,1
11.0,0.0,0.0,11.0,5.0,14.0,0
14.0,0.0,0.0,16.0,5.0,14.0,0
42.0,0.1777423903,1.0,52.0,5.0,14.0,0
2.0,0.0,0.0,3.0,5.0,14.0,0
46.0,0.0,0.0,46.0,5.0,14.0,0
37.0,3.386843243,1.0,39.0,5.0,14.0,0
7.0,0.0,0.0,15.0,50.0,15.0,0
33.0,0.0,2.0,38.0,5.0,14.0,0
15.0,0.0,0.0,15.0,50.0,15.0,0
8.0,0.0,0.0,10.0,5.0,14.0,0
22.0,0.0,0.0,24.0,5.0,14.0,0
4.0,0.0,0.0,4.0,5.0,14.0,0
5.0,0.0,0.0,5.0,23.0,14.0,0
52.0,0.0,2.0,54.0,5.0,14.0,0
23.0,1.5161799999999999,3.0,26.0,32.0,14.0,1
25.0,0.0,0.0,25.0,5.0,14.0,0
46.0,0.0,1.0,48.0,5.0,15.0,0
3.0,0.0,0.0,3.0,32.0,14.0,0
7.0,0.0,0.0,7.0,5.0,14.0,0
9.0,0.0,0.0,9.0,41.0,14.0,0
43.0,0.0,0.0,48.0,5.0,14.0,0
15.0,0.0,0.0,15.0,32.0,14.0,0
20.0,0.0,0.0,20.0,5.0,14.0,0
2.0,0.0,0.0,2.0,5.0,14.0,0
66.0,0.5984772725,0.0,69.0,5.0,14.0,0
9.0,0.86352,2.0,12.0,5.0,14.0,1
21.0,1.0797599999999998,0.0,24.0,5.0,14.0,0
14.0,0.0,0.0,14.0,32.0,14.0,0
3.0,0.0,0.0,3.0,5.0,14.0,0
41.0,0.3629875,1.0,47.0,5.0,14.0,0
3.0,0.0,0.0,3.0,5.0,14.0,0
42.0,0.8853424225,5.0,50.0,5.0,14.0,0
12.0,0.0,4.0,19.0,23.0,14.0,0
3.0,0.0,0.0,7.0,5.0,14.0,0
9.0,0.0,0.0,10.0,5.0,14.0,0
30.0,1.543862069,0.0,30.0,14.0,14.0,1
35.0,0.0,1.0,38.0,5.0,14.0,0
56.0,4.0059,1.0,60.0,5.0,14.0,1
4.0,0.0,0.0,4.0,5.0,14.0,0
6.0,0.0,0.0,6.0,32.0,14.0,0
15.0,0.0,0.0,16.0,32.0,14.0,0
70.0,0.0,0.0,70.0,23.0,14.0,0
12.0,0.0,0.0,13.0,5.0,15.0,0
24.0,0.0,0.0,26.0,5.0,14.0,0
49.0,1.4081375,0.0,54.0,5.0,14.0,1
12.0,0.0,0.0,17.0,5.0,15.0,0
1.0,0.0,0.0,1.0,5.0,15.0,0
27.0,0.0,0.0,34.0,14.0,14.0,0
34.0,0.29080839864999997,7.0,54.0,5.0,14.0,0
6.0,0.0,0.0,6.0,5.0,14.0,0
26.0,0.0,0.0,26.0,5.0,14.0,0
23.0,0.0,0.0,23.0,41.0,14.0,0
21.0,0.0,3.0,24.0,5.0,14.0,0
15.0,0.0,0.0,15.0,5.0,14.0,0
1.0,0.0,0.0,1.0,5.0,14.0,0
14.0,0.0,0.0,15.0,5.0,14.0,0
21.0,0.0,0.0,21.0,5.0,14.0,0
11.0,1.2742,4.0,16.0,32.0,14.0,1
16.0,0.0,0.0,24.0,5.0,14.0,0
11.0,0.0,0.0,12.0,5.0,14.0,0
7.0,0.0,0.0,7.0,5.0,15.0,0
49.0,0.44634117645,1.0,51.0,5.0,14.0,1
8.0,2.228057143,0.0,8.0,32.0,14.0,1
15.0,0.0,2.0,17.0,5.0,15.0,0
9.0,0.0,0.0,9.0,5.0,14.0,0
3.0,0.0,0.0,3.0,5.0,14.0,0
41.0,0.17426762604999999,3.0,54.0,5.0,15.0,0
154.0,0.19451750915,0.0,157.0,5.0,14.0,0
11.0,1.1369,0.0,11.0,5.0,14.0,1
59.0,2.732857436,0.0,69.0,5.0,14.0,0
49.0,0.07284757615000001,2.0,61.0,50.0,15.0,0
16.0,0.6995,0.0,16.0,5.0,14.0,1
26.0,0.0,0.0,26.0,14.0,14.0,0
17.0,2.580352941,0.0,18.0,5.0,14.0,1
16.0,0.0,2.0,18.0,5.0,14.0,0
24.0,0.0,0.0,24.0,32.0,14.0,0
70.0,0.0,0.0,70.0,5.0,14.0,0
1.0,0.0,0.0,1.0,5.0,14.0,0
80.0,0.6225495075,1.0,90.0,5.0,15.0,0
18.0,0.0,1.0,20.0,5.0,14.0,0
34.0,0.0,2.0,36.0,41.0,14.0,0
4.0,0.0,0.0,7.0,5.0,14.0,0
1.0,0.0,0.0,1.0,5.0,14.0,0
37.0,0.0,0.0,38.0,5.0,14.0,0
184.0,0.3369197619,0.0,202.0,5.0,14.0,0
5.0,0.0,0.0,5.0,5.0,14.0,0
5.0,0.0,0.0,8.0,5.0,14.0,0
17.0,0.0,0.0,17.0,5.0,14.0,0
3.0,0.0,0.0,3.0,5.0,14.0,0
66.0,0.0,0.0,67.0,23.0,14.0,0
36.0,0.0,3.0,51.0,5.0,14.0,0
73.0,0.0,0.0,73.0,5.0,15.0,0
19.0,0.0,0.0,19.0,50.0,15.0,0
27.0,0.0,0.0,27.0,5.0,14.0,0
15.0,0.0,3.0,19.0,5.0,15.0,0
1.0,0.0,0.0,1.0,5.0,14.0,0
9.0,0.8161222220000001,0.0,9.0,5.0,14.0,1
12.0,1.65564,0.0,14.0,41.0,14.0,0
93.0,0.1661985662,1.0,95.0,23.0,14.0,0
21.0,0.0,0.0,21.0,5.0,14.0,0
14.0,0.0,0.0,14.0,14.0,14.0,0
12.0,0.0,0.0,12.0,23.0,14.0,0
15.0,0.0,0.0,15.0,32.0,14.0,0
41.0,0.0,0.0,41.0,32.0,14.0,0
2.0,0.0,0.0,2.0,5.0,14.0,0
26.0,0.0,0.0,28.0,41.0,14.0,0
116.0,0.0,2.0,126.0,23.0,14.0,0
13.0,0.5993999999999999,0.0,13.0,50.0,15.0,1
5.0,0.0,0.0,5.0,32.0,14.0,0
6.0,0.0,0.0,6.0,23.0,14.0,0
2.0,0.0,0.0,5.0,41.0,14.0,0
43.0,1.2450720929999999,0.0,50.0,14.0,14.0,0
29.0,0.0,0.0,31.0,5.0,14.0,0
9.0,0.0,0.0,9.0,23.0,14.0,0
59.0,1.3468961865,1.0,64.0,5.0,14.0,0
24.0,0.0,0.0,27.0,5.0,14.0,0
9.0,0.0,0.0,9.0,23.0,14.0,0
39.0,0.0,0.0,39.0,5.0,14.0,0
14.0,0.0,1.0,17.0,5.0,14.0,0
45.0,0.6592040815,0.0,47.0,41.0,14.0,0
88.0,0.0,0.0,88.0,14.0,14.0,0
23.0,3.6260384615,1.0,25.0,5.0,15.0,1
36.0,0.0,0.0,37.0,32.0,14.0,0
10.0,0.0,0.0,10.0,5.0,14.0,0
26.0,0.0,0.0,29.0,5.0,14.0,0
6.0,0.0,0.0,6.0,5.0,14.0,0
9.0,0.0,1.0,10.0,5.0,14.0,0
36.0,0.0,1.0,40.0,5.0,15.0,0
21.0,0.8973985505,0.0,27.0,5.0,14.0,0
28.0,0.0,0.0,40.0,5.0,15.0,0
9.0,0.0,0.0,13.0,5.0,14.0,0
16.0,0.0,0.0,16.0,14.0,14.0,0
14.0,0.0,0.0,14.0,23.0,14.0,0
41.0,0.5938457145,0.0,49.0,50.0,15.0,0
1.0,0.0,0.0,1.0,5.0,14.0,0
1.0,0.0,0.0,1.0,5.0,14.0,0
2.0,0.0,0.0,2.0,5.0,14.0,0
24.0,0.0,0.0,24.0,41.0,14.0,0
44.0,0.0,1.0,47.0,5.0,14.0,0
24.0,1.006777778,2.0,29.0,5.0,14.0,1
3.0,0.0,0.0,3.0,41.0,14.0,0
29.0,0.0,0.0,38.0,5.0,14.0,0
44.0,0.0,0.0,44.0,41.0,14.0,0
15.0,0.0,0.0,15.0,5.0,14.0,0
19.0,0.0,0.0,20.0,5.0,14.0,0
6.0,0.0,0.0,6.0,5.0,14.0,0
1.0,0.0,0.0,1.0,5.0,14.0,0
7.0,0.0,0.0,8.0,5.0,14.0,0
11.0,0.0,0.0,11.0,41.0,14.0,0
34.0,0.2847060606,0.0,34.0,5.0,14.0,0
129.0,0.0,0.0,137.0,5.0,14.0,0
61.0,0.0,0.0,61.0,14.0,14.0,0
68.0,0.0,0.0,68.0,50.0,15.0,0
36.0,0.0,0.0,38.0,14.0,14.0,0
51.0,0.0,0.0,57.0,41.0,14.0,0
21.0,0.0,0.0,26.0,5.0,14.0,0
6.0,0.0,0.0,6.0,5.0,14.0,0
1.0,0.0,0.0,1.0,5.0,15.0,0
4.0,0.0,0.0,4.0,23.0,14.0,0
7.0,0.0,0.0,7.0,23.0,14.0,0
3.0,0.0,0.0,3.0,5.0,15.0,0
71.0,0.0,0.0,71.0,32.0,14.0,0
25.0,1.8449607145000002,0.0,30.0,32.0,14.0,1
0.0,0.0,0.0,1.0,5.0,14.0,0
22.0,0.0,0.0,22.0,5.0,14.0,0
43.0,0.0,0.0,43.0,5.0,14.0,0
31.0,0.0,0.0,36.0,5.0,14.0,0
52.0,0.0,0.0,56.0,50.0,15.0,0
12.0,0.0,0.0,12.0,41.0,14.0,0
57.0,2.95622339,1.0,63.0,5.0,14.0,0
14.0,0.0,0.0,15.0,5.0,15.0,0
5.0,0.0,2.0,8.0,41.0,14.0,0
4.0,0.0,0.0,4.0,32.0,14.0,0
1.0,0.0,0.0,1.0,5.0,14.0,0
29.0,0.0,1.0,36.0,14.0,14.0,0
4.0,0.0,0.0,4.0,5.0,14.0,0
1.0,0.0,0.0,1.0,5.0,14.0,0
1.0,0.0,0.0,1.0,5.0,14.0,0
35.0,0.0,0.0,40.0,23.0,14.0,0
46.0,0.13453962854999998,2.0,52.0,5.0,15.0,0
32.0,0.15555235295,0.0,33.0,32.0,14.0,1
15.0,1.1369,0.0,17.0,5.0,14.0,1
19.0,0.0,0.0,19.0,5.0,14.0,0
85.0,0.0,0.0,88.0,5.0,14.0,0
66.0,0.6998541665,0.0,75.0,5.0,14.0,1
61.0,0.0,1.0,69.0,5.0,14.0,0
1.0,0.0,0.0,1.0,50.0,15.0,0
36.0,0.0,0.0,38.0,50.0,15.0,0
21.0,0.0,0.0,27.0,5.0,15.0,0
113.0,0.41767540179999996,0.0,119.0,14.0,14.0,0
2.0,0.0,3.0,9.0,5.0,14.0,0
705.0,0.0381914478,24.0,746.0,5.0,15.0,0
134.0,0.0,0.0,137.0,5.0,14.0,0
57.0,0.0,0.0,57.0,41.0,14.0,0
2.0,0.0,0.0,2.0,5.0,15.0,0
4.0,0.0,0.0,4.0,41.0,14.0,0
2.0,0.0,0.0,2.0,5.0,14.0,0
4.0,0.0,2.0,8.0,32.0,14.0,0
56.0,0.7420269005,1.0,59.0,5.0,14.0,0
8.0,0.0,0.0,8.0,23.0,14.0,0
128.0,0.0,0.0,137.0,41.0,14.0,0
6.0,0.0,1.0,9.0,23.0,14.0,0
2.0,0.0,0.0,2.0,14.0,14.0,0
4.0,0.0,0.0,4.0,23.0,14.0,0
2.0,0.0,0.0,2.0,23.0,14.0,0
56.0,0.6909263635,0.0,57.0,5.0,14.0,1
7.0,0.0,0.0,7.0,5.0,14.0,0
27.0,0.0,0.0,27.0,5.0,14.0,0
29.0,0.0,0.0,29.0,32.0,14.0,0
4.0,0.0,0.0,4.0,32.0,14.0,0
12.0,0.0,0.0,12.0,5.0,15.0,0
42.0,0.0,0.0,45.0,5.0,14.0,0
16.0,0.0,0.0,18.0,5.0,15.0,0
34.0,1.3225411185,0.0,41.0,5.0,14.0,1
1.0,0.0,0.0,1.0,23.0,14.0,0
19.0,0.0,0.0,19.0,32.0,14.0,0
9.0,0.0,0.0,9.0,41.0,14.0,0
15.0,0.0,7.0,29.0,5.0,14.0,0
7.0,0.0,0.0,7.0,50.0,15.0,0
122.0,0.0,0.0,122.0,50.0,15.0,0
27.0,0.0,0.0,27.0,5.0,15.0,0
72.0,0.0,0.0,81.0,5.0,14.0,0
26.0,0.0,0.0,28.0,5.0,15.0,0
21.0,0.0,2.0,23.0,5.0,15.0,0
17.0,0.0,0.0,26.0,5.0,14.0,0
23.0,0.0,2.0,28.0,23.0,14.0,0
19.0,0.0,0.0,23.0,5.0,14.0,0
22.0,1.1229107145000001,2.0,31.0,5.0,14.0,1
24.0,0.0,1.0,26.0,5.0,14.0,0
35.0,1.9575,0.0,40.0,5.0,15.0,1
14.0,1.1694,0.0,14.0,5.0,15.0,1
49.0,0.0,0.0,50.0,14.0,14.0,0
79.0,0.0,3.0,83.0,5.0,15.0,0
19.0,0.0,0.0,28.0,5.0,14.0,0
62.0,0.0,2.0,67.0,5.0,15.0,0
22.0,0.0,0.0,23.0,32.0,14.0,0
8.0,0.0,0.0,10.0,5.0,14.0,0
1.0,0.0,0.0,1.0,5.0,14.0,0
2.0,0.0,0.0,2.0,5.0,14.0,0
10.0,0.0,0.0,11.0,5.0,14.0,0
4.0,0.0,0.0,4.0,5.0,14.0,0
20.0,0.0,0.0,20.0,50.0,15.0,0
26.0,0.7194,3.0,35.0,5.0,14.0,0
9.0,0.0,0.0,9.0,50.0,15.0,0
36.0,0.5436064285,0.0,38.0,5.0,14.0,1
47.0,0.18318085104999998,0.0,47.0,41.0,14.0,1
39.0,0.0,4.0,48.0,5.0,14.0,0
19.0,1.0659,1.0,28.0,5.0,15.0,1
2.0,0.0,0.0,2.0,5.0,14.0,0
4.0,0.0,0.0,4.0,5.0,14.0,0
12.0,0.55965,0.0,12.0,5.0,14.0,0
3.0,0.0,0.0,3.0,41.0,14.0,0
32.0,0.31904313725,2.0,34.0,5.0,14.0,0
33.0,0.0,0.0,37.0,5.0,14.0,0
22.0,1.4951410715,4.0,29.0,14.0,14.0,1
17.0,0.0,0.0,20.0,5.0,14.0,0
97.0,0.14520885885,8.0,120.0,5.0,14.0,0
12.0,0.0,0.0,16.0,5.0,14.0,0
19.0,0.0,0.0,20.0,5.0,14.0,0
45.0,0.39402391305,1.0,46.0,5.0,15.0,0
12.0,0.0,1.0,13.0,5.0,14.0,0
34.0,0.0,3.0,41.0,5.0,15.0,0
35.0,0.0,1.0,36.0,5.0,14.0,0
11.0,0.0,0.0,11.0,5.0,14.0,0
8.0,0.0,0.0,11.0,5.0,14.0,0
11.0,1.971,0.0,13.0,5.0,14.0,0
7.0,0.0,0.0,7.0,14.0,14.0,0
8.0,0.0,0.0,8.0,5.0,14.0,0
8.0,0.0,0.0,8.0,41.0,14.0,0
8.0,0.0,0.0,8.0,23.0,14.0,0
16.0,0.0,0.0,16.0,32.0,14.0,0
5.0,0.0,0.0,5.0,5.0,14.0,0
37.0,2.0435555555000002,0.0,37.0,5.0,14.0,1
2.0,0.0,0.0,2.0,5.0,14.0,0
7.0,0.0,0.0,12.0,5.0,14.0,0
10.0,0.0,1.0,11.0,5.0,15.0,0
65.0,0.08401594205,1.0,76.0,41.0,14.0,0
18.0,0.0,0.0,19.0,5.0,15.0,0
92.0,0.0,1.0,99.0,32.0,14.0,0
6.0,0.0,0.0,6.0,41.0,14.0,0
6.0,0.0,0.0,8.0,32.0,14.0,0
15.0,1.587882353,2.0,19.0,5.0,14.0,1
22.0,0.0,2.0,25.0,5.0,15.0,0
30.0,3.1433,0.0,33.0,5.0,14.0,0
42.0,0.0,0.0,42.0,5.0,15.0,0
45.0,0.0,0.0,47.0,5.0,15.0,0
25.0,0.0,0.0,25.0,23.0,14.0,0
44.0,0.9606094694999999,0.0,46.0,5.0,14.0,1
29.0,0.0,0.0,34.0,5.0,14.0,0
18.0,0.0,3.0,21.0,5.0,14.0,0
61.0,0.0,4.0,72.0,5.0,14.0,0
29.0,0.0,0.0,30.0,41.0,14.0,0
88.0,0.0,0.0,88.0,14.0,14.0,0
1.0,0.0,0.0,1.0,32.0,14.0,0
26.0,0.0,0.0,26.0,5.0,14.0,0
3.0,0.0,0.0,3.0,5.0,14.0,0
7.0,0.0,0.0,7.0,5.0,15.0,0
4.0,0.0,0.0,5.0,14.0,14.0,0
39.0,0.0,0.0,39.0,23.0,14.0,0
9.0,1.8759272724999998,1.0,12.0,5.0,14.0,1
99.0,0.36503284315,3.0,103.0,5.0,15.0,0
21.0,0.0,0.0,22.0,5.0,15.0,0
22.0,0.0,4.0,35.0,5.0,15.0,0
2.0,0.0,0.0,2.0,41.0,14.0,0
5.0,0.0,0.0,5.0,5.0,15.0,0
19.0,0.96577,1.0,21.0,5.0,14.0,0
18.0,0.0,1.0,23.0,5.0,14.0,0
20.0,0.0,0.0,20.0,32.0,14.0,0
13.0,0.0,0.0,13.0,5.0,14.0,0
1.0,0.0,0.0,1.0,14.0,14.0,0
1.0,0.0,0.0,1.0,5.0,15.0,0
11.0,0.0,1.0,18.0,5.0,15.0,0
2.0,0.0,0.0,2.0,14.0,14.0,0
26.0,0.0,0.0,27.0,5.0,14.0,0
119.0,0.05820376940000001,0.0,126.0,41.0,14.0,0
1.0,0.0,0.0,1.0,5.0,14.0,0
23.0,0.8686956520000001,0.0,26.0,5.0,15.0,1
18.0,0.0,0.0,18.0,5.0,14.0,0
3.0,0.0,0.0,3.0,14.0,14.0,0
10.0,2.4694,0.0,11.0,5.0,15.0,1
26.0,0.0,0.0,32.0,5.0,15.0,0
2.0,0.0,0.0,2.0,14.0,14.0,0
13.0,0.0,0.0,13.0,5.0,14.0,0
22.0,0.0,0.0,22.0,23.0,14.0,0
23.0,0.0,0.0,23.0,5.0,15.0,0
1.0,0.0,0.0,1.0,5.0,14.0,0
21.0,3.442852174,0.0,24.0,5.0,14.0,1
52.0,0.0,0.0,52.0,23.0,14.0,0
42.0,5.657560975,0.0,47.0,5.0,15.0,1
4.0,0.0,0.0,4.0,5.0,14.0,0
1.0,0.0,0.0,1.0,23.0,14.0,0
8.0,0.0,0.0,8.0,41.0,14.0,0
19.0,0.0,1.0,20.0,5.0,15.0,0
17.0,0.0,0.0,17.0,5.0,14.0,0
21.0,2.6831454545,1.0,24.0,5.0,14.0,1
12.0,0.0,0.0,12.0,5.0,15.0,0
18.0,0.0,0.0,21.0,23.0,14.0,0
2.0,0.0,0.0,2.0,5.0,14.0,0
70.0,0.42442592594999995,1.0,81.0,5.0,15.0,0
15.0,0.0,0.0,16.0,5.0,14.0,0
11.0,0.0,0.0,12.0,5.0,15.0,0
4.0,0.0,0.0,4.0,41.0,14.0,0
9.0,0.0,0.0,9.0,5.0,14.0,0
6.0,0.0,0.0,6.0,5.0,14.0,0
19.0,0.0,0.0,19.0,50.0,15.0,0
23.0,0.0,0.0,23.0,23.0,14.0,0
4.0,0.0,0.0,4.0,14.0,14.0,0
7.0,0.0,0.0,7.0,32.0,14.0,0
17.0,0.0,0.0,17.0,5.0,15.0,0
2.0,0.0,0.0,2.0,5.0,14.0,0
12.0,0.0,0.0,12.0,32.0,14.0,0
48.0,0.0,0.0,49.0,5.0,14.0,0
11.0,0.0,0.0,11.0,41.0,14.0,0
26.0,0.0,0.0,26.0,32.0,14.0,0
1.0,0.0,0.0,1.0,5.0,14.0,0
61.0,0.0,0.0,62.0,32.0,14.0,0
17.0,0.0,0.0,17.0,14.0,14.0,0
59.0,0.32803125,1.0,65.0,5.0,14.0,1
57.0,0.0,0.0,62.0,5.0,14.0,0
6.0,0.0,0.0,6.0,5.0,14.0,0
27.0,0.0,0.0,31.0,5.0,15.0,0
22.0,0.0,0.0,23.0,5.0,14.0,0
1.0,0.0,0.0,1.0,5.0,14.0,0
38.0,0.0,1.0,40.0,41.0,14.0,0
3.0,0.0,0.0,3.0,5.0,14.0,0
2.0,0.0,0.0,2.0,5.0,14.0,0
28.0,0.0,0.0,28.0,23.0,14.0,0
3.0,0.0,0.0,3.0,50.0,15.0,0
26.0,0.0,0.0,26.0,5.0,14.0,0
14.0,0.0,0.0,14.0,50.0,15.0,0
3.0,0.0,0.0,3.0,5.0,14.0,0
9.0,0.0,0.0,9.0,32.0,14.0,0
74.0,0.055987951800000005,1.0,84.0,41.0,14.0,0
43.0,0.0,1.0,45.0,41.0,14.0,0
27.0,0.0,0.0,28.0,23.0,14.0,0
5.0,0.0,0.0,5.0,5.0,14.0,0
16.0,1.11595625,0.0,16.0,5.0,15.0,0
35.0,1.3722458335,2.0,39.0,5.0,15.0,1
58.0,0.0,1.0,60.0,5.0,14.0,0
57.0,0.0,0.0,57.0,5.0,14.0,0
38.0,0.0,0.0,38.0,41.0,14.0,0
5.0,0.0,0.0,5.0,5.0,15.0,0
70.0,0.24294214285,0.0,74.0,5.0,15.0,0
9.0,0.0,0.0,16.0,23.0,14.0,0
118.0,0.0,0.0,119.0,23.0,14.0,0
10.0,0.0,0.0,13.0,5.0,14.0,0
34.0,0.0,0.0,34.0,23.0,14.0,0
24.0,0.0,0.0,24.0,5.0,15.0,0
6.0,0.0,0.0,6.0,14.0,14.0,0
3.0,0.0,0.0,3.0,5.0,14.0,0
5.0,0.0,0.0,5.0,5.0,15.0,0
30.0,0.0,0.0,32.0,5.0,14.0,0
20.0,0.0,0.0,22.0,5.0,15.0,0
18.0,0.0,0.0,18.0,14.0,14.0,0
1.0,0.0,0.0,1.0,5.0,14.0,0
6.0,0.0,0.0,6.0,32.0,14.0,0
12.0,0.0,0.0,12.0,23.0,14.0,0
21.0,0.0,0.0,21.0,23.0,14.0,0
20.0,0.0,1.0,21.0,32.0,14.0,0
36.0,0.0,0.0,40.0,50.0,15.0,0
36.0,0.0,0.0,36.0,5.0,14.0,0
81.0,0.0,1.0,83.0,32.0,14.0,0
25.0,0.0,0.0,25.0,32.0,14.0,0
3.0,0.0,0.0,7.0,5.0,14.0,0
12.0,1.601357143,0.0,14.0,5.0,14.0,1
16.0,0.0,0.0,16.0,5.0,14.0,0
20.0,0.0,0.0,22.0,5.0,14.0,0
105.0,0.4036213084,0.0,112.0,5.0,14.0,0
45.0,0.39013055555,1.0,54.0,5.0,14.0,0
36.0,0.0,1.0,37.0,5.0,14.0,0
49.0,0.27566729560000003,2.0,57.0,5.0,15.0,0
1.0,0.0,0.0,1.0,14.0,14.0,0
38.0,0.0,0.0,38.0,50.0,15.0,0
56.0,0.7346465515,1.0,61.0,5.0,14.0,1
25.0,0.0,0.0,25.0,5.0,14.0,0
37.0,0.0,0.0,37.0,23.0,14.0,0
1.0,0.0,0.0,1.0,5.0,14.0,0
5.0,0.0,0.0,5.0,5.0,14.0,0
3.0,0.0,0.0,3.0,5.0,14.0,0
50.0,0.0,0.0,50.0,32.0,14.0,0
55.0,0.09157499999999999,3.0,65.0,5.0,14.0,0
8.0,0.0,0.0,8.0,5.0,14.0,0
51.0,0.0,0.0,51.0,32.0,14.0,0
27.0,0.0,0.0,27.0,32.0,14.0,0
14.0,1.225242857,0.0,15.0,5.0,14.0,1
5.0,0.0,0.0,5.0,5.0,14.0,0
31.0,0.0,0.0,31.0,41.0,14.0,0
7.0,0.0,0.0,7.0,5.0,14.0,0
19.0,1.6893999999999998,0.0,20.0,5.0,14.0,1
3.0,0.0,0.0,3.0,5.0,14.0,0
25.0,0.76978,0.0,25.0,5.0,14.0,1
10.0,0.0,0.0,10.0,5.0,14.0,0
25.0,0.25835666665,0.0,29.0,5.0,14.0,1
29.0,2.450957143,0.0,35.0,5.0,15.0,1
7.0,0.0,0.0,7.0,5.0,14.0,0
11.0,0.0,0.0,15.0,5.0,14.0,0
57.0,0.9557534485,1.0,59.0,32.0,14.0,1
19.0,0.0,0.0,19.0,5.0,14.0,0
27.0,0.4039265625,0.0,30.0,5.0,14.0,1
7.0,0.0,0.0,7.0,41.0,14.0,0
39.0,2.6025825,2.0,52.0,5.0,14.0,1
11.0,0.0,0.0,12.0,5.0,14.0,0
48.0,0.4563695652,0.0,48.0,5.0,15.0,0
9.0,0.0,3.0,14.0,5.0,14.0,0
24.0,0.0,0.0,24.0,32.0,14.0,0
4.0,0.0,0.0,4.0,5.0,15.0,0
1.0,0.0,0.0,1.0,5.0,14.0,0
48.0,0.0,0.0,51.0,5.0,14.0,0
18.0,0.21541578945,0.0,19.0,5.0,14.0,0
176.0,1.1010985795,0.0,178.0,32.0,14.0,1
19.0,0.0,0.0,19.0,50.0,15.0,0
8.0,0.0,0.0,8.0,23.0,14.0,0
68.0,0.8598057615,5.0,82.0,5.0,14.0,0
72.0,0.0,0.0,72.0,41.0,14.0,0
4.0,0.0,0.0,4.0,23.0,14.0,0
17.0,0.0,0.0,17.0,41.0,14.0,0
10.0,0.0,0.0,14.0,5.0,14.0,0
4.0,0.0,0.0,4.0,5.0,14.0,0
90.0,0.0,7.0,102.0,5.0,14.0,0
47.0,0.0,2.0,51.0,41.0,14.0,0
3.0,0.0,0.0,3.0,41.0,14.0,0
80.0,0.0,1.0,85.0,32.0,14.0,0
26.0,0.877275,0.0,27.0,5.0,14.0,1
36.0,0.0,0.0,37.0,5.0,14.0,0
146.0,0.29710128204999997,2.0,154.0,23.0,14.0,0
4.0,0.0,0.0,6.0,14.0,14.0,0
25.0,0.0,1.0,26.0,23.0,14.0,0
4.0,0.0,0.0,9.0,5.0,14.0,0
4.0,0.0,0.0,5.0,5.0,15.0,0
1.0,0.0,0.0,1.0,5.0,14.0,0
28.0,0.0,0.0,28.0,5.0,15.0,0
4.0,0.0,0.0,4.0,41.0,14.0,0
56.0,0.0,0.0,60.0,23.0,14.0,0
11.0,0.9402525,2.0,22.0,5.0,14.0,0
31.0,0.487275,0.0,35.0,5.0,14.0,1
36.0,0.0,0.0,36.0,41.0,14.0,0
33.0,1.151664706,1.0,34.0,5.0,14.0,1
12.0,0.49804615385,0.0,14.0,5.0,15.0,1
32.0,0.38183225805,0.0,33.0,14.0,14.0,0
36.0,0.4661765873,3.0,42.0,5.0,14.0,0
18.0,0.9724,0.0,19.0,5.0,15.0,1
18.0,0.0,0.0,18.0,5.0,14.0,0
22.0,1.6353652175,0.0,25.0,5.0,14.0,1
3.0,0.0,0.0,5.0,5.0,14.0,0
6.0,0.0,0.0,6.0,5.0,14.0,0
8.0,0.0,0.0,12.0,5.0,15.0,0
58.0,0.0,0.0,67.0,5.0,14.0,0
14.0,0.0,0.0,17.0,32.0,14.0,0
84.0,0.31407472525,4.0,93.0,5.0,14.0,0
17.0,0.0,0.0,19.0,32.0,14.0,0
39.0,0.0,0.0,43.0,5.0,14.0,0
5.0,0.0,0.0,5.0,5.0,14.0,0
35.0,0.40499999999999997,1.0,38.0,41.0,14.0,0
13.0,0.0,0.0,13.0,41.0,14.0,0
1.0,0.0,0.0,1.0,5.0,4.0,0
11.0,0.0,0.0,14.0,5.0,12.0,0
3.0,2.114653376,0.0,4.0,5.0,4.0,1
50.0,1.403402493,0.0,56.0,5.0,12.0,1
2.0,0.0,0.0,2.0,5.0,12.0,0
28.0,0.991385444,0.0,31.0,5.0,10.0,1
15.0,0.0,0.0,22.0,5.0,4.0,0
20.0,0.0,0.0,20.0,5.0,9.0,0
7.0,0.0,2.0,10.0,5.0,3.0,0
57.0,10.200397455,0.0,60.0,5.0,3.0,1
48.0,0.21740728115,0.0,50.0,5.0,5.0,0
4.0,0.0,0.0,4.0,5.0,10.0,0
31.0,0.0,0.0,35.0,5.0,2.0,0
180.0,0.0,1.0,198.0,5.0,6.0,0
36.0,0.0,0.0,37.0,5.0,4.0,0
17.0,0.0,0.0,19.0,5.0,12.0,0
5.0,0.0,0.0,5.0,5.0,12.0,0
7.0,0.0,0.0,10.0,5.0,8.0,0
91.0,0.0,0.0,95.0,5.0,6.0,0
4.0,1.833089144,0.0,5.0,5.0,4.0,1
34.0,0.25641791165,3.0,39.0,5.0,4.0,1
16.0,0.0,0.0,20.0,5.0,5.0,0
22.0,0.0,0.0,29.0,5.0,4.0,0
14.0,0.0,0.0,16.0,5.0,11.0,0
13.0,3.626141924,0.0,13.0,5.0,2.0,1
3.0,2.4023631009999997,0.0,4.0,5.0,4.0,1
34.0,0.0,0.0,34.0,5.0,8.0,0
31.0,0.0,0.0,33.0,5.0,9.0,0
10.0,1.635017234,0.0,13.0,5.0,10.0,1
6.0,0.0,0.0,6.0,5.0,5.0,0
25.0,0.16484136519999998,0.0,28.0,5.0,12.0,0
25.0,0.0,0.0,27.0,5.0,10.0,0
1.0,0.0,0.0,1.0,5.0,11.0,0
26.0,0.0,0.0,36.0,5.0,6.0,0
42.0,0.0,0.0,42.0,5.0,4.0,0
27.0,0.0,1.0,31.0,5.0,10.0,1
30.0,2.5516812609999997,0.0,31.0,5.0,4.0,1
12.0,0.0,0.0,17.0,5.0,4.0,0
13.0,0.0,0.0,18.0,5.0,4.0,0
24.0,5.312625845,0.0,24.0,5.0,2.0,1
4.0,0.0,0.0,5.0,5.0,10.0,0
16.0,2.728352434,0.0,16.0,5.0,6.0,1
77.0,0.0899334931,2.0,92.0,5.0,2.0,0
22.0,0.0,0.0,23.0,5.0,7.0,0
6.0,0.0,0.0,7.0,5.0,12.0,0
66.0,0.38831404485,0.0,73.0,5.0,4.0,0
2.0,0.0,0.0,2.0,5.0,6.0,0
38.0,0.0,0.0,38.0,5.0,12.0,0
47.0,0.0,0.0,47.0,5.0,10.0,0
1.0,0.0,0.0,1.0,5.0,5.0,0
16.0,0.0,0.0,16.0,5.0,10.0,0
33.0,0.0,0.0,35.0,5.0,5.0,0
14.0,3.021868892,0.0,15.0,5.0,2.0,1
70.0,0.0,0.0,77.0,5.0,4.0,0
69.0,0.985764771,3.0,78.0,5.0,3.0,1
16.0,0.0,0.0,19.0,5.0,3.0,0
40.0,0.42404231305,0.0,46.0,5.0,9.0,0
21.0,0.0,5.0,29.0,5.0,10.0,0
133.0,0.31868853115,0.0,138.0,5.0,10.0,1
30.0,0.0,0.0,31.0,5.0,6.0,1
12.0,0.0,0.0,18.0,5.0,2.0,0
11.0,0.384372528,0.0,11.0,5.0,4.0,1
66.0,0.3141452301,4.0,73.0,5.0,7.0,0
16.0,0.0,0.0,16.0,5.0,11.0,0
40.0,0.0,0.0,56.0,5.0,6.0,0
73.0,0.0,1.0,77.0,5.0,12.0,0
5.0,0.0,0.0,6.0,5.0,6.0,0
3.0,0.0,0.0,3.0,5.0,11.0,0
96.0,0.3087966007,0.0,106.0,5.0,4.0,0
6.0,4.316811636,0.0,6.0,5.0,4.0,1
28.0,0.0,0.0,29.0,5.0,6.0,0
80.0,0.2096490192,0.0,93.0,5.0,10.0,0
104.0,0.0,0.0,106.0,5.0,11.0,0
8.0,0.0,0.0,9.0,5.0,8.0,0
14.0,0.0,0.0,14.0,5.0,10.0,0
7.0,0.828239239,0.0,12.0,5.0,4.0,0
12.0,0.0,0.0,17.0,5.0,8.0,0
6.0,0.0,2.0,13.0,5.0,9.0,0
11.0,0.0,0.0,17.0,5.0,2.0,0
5.0,0.0,0.0,6.0,5.0,6.0,0
37.0,0.0,0.0,47.0,5.0,6.0,0
38.0,0.0,0.0,56.0,5.0,7.0,0
0.0,0.0,0.0,2.0,5.0,3.0,0
32.0,0.0,0.0,33.0,5.0,6.0,0
23.0,0.0,0.0,25.0,5.0,9.0,0
7.0,0.0,0.0,8.0,5.0,4.0,0
11.0,0.0,0.0,12.0,5.0,4.0,0
25.0,3.8728992750000004,0.0,27.0,5.0,2.0,0
8.0,0.0,1.0,14.0,5.0,9.0,0
22.0,0.0,0.0,22.0,5.0,12.0,0
26.0,0.0,0.0,32.0,5.0,13.0,0
20.0,0.0,0.0,25.0,5.0,4.0,0
34.0,0.0,0.0,34.0,5.0,10.0,0
26.0,1.3065174355,0.0,26.0,5.0,3.0,0
22.0,0.7004896075,0.0,22.0,5.0,4.0,1
29.0,0.0,0.0,33.0,5.0,4.0,0
3.0,0.0,0.0,3.0,5.0,13.0,0
35.0,0.0,2.0,37.0,5.0,10.0,0
11.0,0.0,0.0,11.0,5.0,4.0,0
48.0,0.0,0.0,58.0,5.0,2.0,1
99.0,0.0423668993,3.0,112.0,5.0,12.0,1
27.0,2.242819346,0.0,29.0,5.0,2.0,1
0.0,0.0,0.0,0.0,5.0,2.0,0
8.0,0.0,0.0,8.0,5.0,6.0,0
3.0,0.0,0.0,3.0,5.0,12.0,0
33.0,0.42123936775,0.0,33.0,5.0,4.0,1
83.0,0.0,1.0,101.0,5.0,5.0,1
15.0,0.0,0.0,15.0,5.0,10.0,0
81.0,0.0,0.0,84.0,5.0,7.0,1
84.0,0.0,0.0,85.0,5.0,4.0,0
64.0,0.0,1.0,69.0,5.0,12.0,0
16.0,0.0,0.0,16.0,5.0,8.0,0
8.0,0.0,0.0,9.0,5.0,7.0,0
3.0,0.0,0.0,3.0,5.0,9.0,0
41.0,1.1329706655,3.0,55.0,5.0,4.0,0
20.0,0.0,1.0,23.0,5.0,8.0,0
41.0,1.0277472665,0.0,45.0,5.0,6.0,1
25.0,1.9984857725,0.0,26.0,5.0,9.0,0
24.0,0.0,0.0,24.0,5.0,4.0,0
9.0,0.0,0.0,13.0,5.0,12.0,0
50.0,0.0990519194,0.0,60.0,5.0,4.0,0
10.0,0.0,0.0,10.0,5.0,3.0,0
8.0,0.0,0.0,9.0,5.0,6.0,0
3.0,0.0,0.0,3.0,5.0,8.0,0
6.0,1.0472722625,0.0,8.0,5.0,2.0,0
1.0,0.0,0.0,2.0,5.0,6.0,1
73.0,0.0,0.0,74.0,5.0,6.0,0
4.0,0.0,0.0,4.0,5.0,6.0,0
106.0,0.2242164243,0.0,108.0,5.0,8.0,0
45.0,0.21977357720000001,1.0,47.0,5.0,8.0,1
140.0,0.0,6.0,147.0,5.0,10.0,0
20.0,1.6479257745000002,0.0,21.0,5.0,10.0,1
41.0,0.0,0.0,42.0,5.0,12.0,0
21.0,0.0,0.0,21.0,5.0,6.0,0
8.0,0.0,0.0,8.0,5.0,6.0,0
4.0,0.0,0.0,4.0,5.0,9.0,0
9.0,0.0,0.0,9.0,5.0,12.0,0
13.0,0.0,0.0,15.0,5.0,7.0,1
5.0,0.0,0.0,6.0,5.0,4.0,1
1.0,0.0,0.0,1.0,5.0,12.0,0
63.0,0.0,0.0,63.0,5.0,8.0,0
145.0,0.1021381163,0.0,152.0,5.0,8.0,1
189.0,0.04350742385,6.0,219.0,5.0,12.0,0
7.0,0.0,0.0,10.0,5.0,13.0,0
35.0,0.0,1.0,38.0,5.0,4.0,0
120.0,0.22934551239999998,1.0,127.0,5.0,8.0,0
2.0,0.0,0.0,2.0,5.0,12.0,0
21.0,0.544880892,0.0,22.0,5.0,5.0,1
13.0,0.0,0.0,17.0,5.0,12.0,0
13.0,0.0,0.0,25.0,5.0,9.0,0
8.0,0.5499509220000001,0.0,8.0,5.0,7.0,0
10.0,0.0,3.0,15.0,5.0,12.0,0
7.0,1.0546961045,0.0,9.0,5.0,4.0,0
38.0,0.536058617,0.0,47.0,5.0,2.0,0
19.0,0.0,0.0,21.0,5.0,10.0,0
8.0,0.0,0.0,10.0,5.0,4.0,0
2.0,0.0,0.0,2.0,5.0,8.0,0
10.0,0.0,0.0,10.0,5.0,8.0,0
10.0,0.0,3.0,15.0,5.0,6.0,0
9.0,0.0,0.0,12.0,5.0,11.0,0
15.0,0.0,0.0,15.0,5.0,6.0,0
3.0,0.0,0.0,8.0,5.0,2.0,0
94.0,0.1542551821,4.0,102.0,5.0,10.0,0
3.0,0.0,0.0,3.0,5.0,10.0,0
24.0,1.3643934500000001,0.0,24.0,5.0,5.0,1
17.0,0.0,0.0,19.0,5.0,10.0,0
37.0,0.0,0.0,37.0,5.0,6.0,0
0.0,0.0,0.0,1.0,5.0,9.0,1
58.0,0.051169579050000004,0.0,58.0,5.0,10.0,1
20.0,0.0,0.0,20.0,5.0,10.0,0
13.0,0.24281885555,0.0,13.0,5.0,3.0,1
3.0,1.6448507385,0.0,3.0,5.0,4.0,1
9.0,0.0,0.0,12.0,5.0,10.0,0
24.0,0.0,0.0,24.0,5.0,10.0,0
41.0,0.0,0.0,47.0,5.0,9.0,0
17.0,0.0,0.0,25.0,5.0,13.0,0
11.0,0.0,0.0,15.0,5.0,5.0,0
46.0,0.0,0.0,48.0,5.0,8.0,0
8.0,0.0,0.0,14.0,5.0,12.0,0
25.0,0.0,0.0,30.0,5.0,5.0,0
15.0,3.4731197289999995,0.0,19.0,5.0,5.0,1
13.0,0.0,0.0,13.0,5.0,6.0,0
131.0,0.0,1.0,140.0,5.0,8.0,0
111.0,0.0,0.0,112.0,5.0,11.0,0
193.0,0.0,0.0,197.0,5.0,10.0,0
11.0,0.0,0.0,14.0,5.0,3.0,0
57.0,0.0,0.0,57.0,5.0,12.0,0
32.0,0.06488389605,0.0,35.0,5.0,6.0,0
35.0,0.0,0.0,43.0,5.0,11.0,0
33.0,2.0822950995,0.0,37.0,5.0,2.0,1
33.0,1.126846856,0.0,38.0,5.0,11.0,0
25.0,0.0,0.0,28.0,5.0,4.0,0
5.0,0.0,0.0,5.0,5.0,8.0,0
70.0,0.0,0.0,72.0,5.0,3.0,0
13.0,0.0,0.0,16.0,5.0,12.0,0
25.0,0.28445737345,1.0,29.0,5.0,11.0,1
27.0,2.164910583,0.0,28.0,5.0,8.0,1
12.0,0.0,0.0,16.0,5.0,4.0,0
9.0,0.0,0.0,9.0,5.0,5.0,0
9.0,0.0,0.0,12.0,5.0,6.0,0
5.0,0.0,0.0,7.0,5.0,12.0,0
14.0,0.0,0.0,16.0,5.0,2.0,1
5.0,0.0,0.0,5.0,5.0,11.0,0
101.0,0.10769196485000002,1.0,107.0,5.0,10.0,0
18.0,0.818122687,1.0,21.0,5.0,8.0,1
32.0,0.0,0.0,32.0,5.0,4.0,0
6.0,0.0,0.0,6.0,5.0,10.0,0
1.0,0.0,0.0,2.0,5.0,8.0,0
45.0,0.0,0.0,45.0,5.0,2.0,0
41.0,0.0,0.0,41.0,5.0,12.0,0
30.0,0.645293825,0.0,37.0,5.0,6.0,0
7.0,0.0,1.0,8.0,5.0,12.0,0
95.0,0.0,5.0,105.0,5.0,8.0,0
39.0,0.0,0.0,42.0,5.0,2.0,0
1.0,0.0,0.0,1.0,5.0,10.0,0
6.0,0.0,0.0,7.0,5.0,4.0,0
23.0,0.0,0.0,23.0,5.0,10.0,0
31.0,0.0,0.0,31.0,5.0,12.0,0
10.0,0.0,0.0,14.0,5.0,3.0,0
94.0,0.0,0.0,99.0,5.0,5.0,0
39.0,0.0,2.0,41.0,5.0,6.0,0
12.0,0.0,0.0,13.0,5.0,12.0,0
28.0,0.07009745635,0.0,28.0,5.0,11.0,1
13.0,0.0,2.0,17.0,5.0,8.0,0
222.0,0.0,4.0,226.0,5.0,12.0,0
9.0,0.0,0.0,9.0,5.0,7.0,0
6.0,0.0,0.0,7.0,5.0,4.0,0
39.0,0.0,0.0,40.0,5.0,10.0,0
12.0,0.4075405619,0.0,16.0,5.0,13.0,1
8.0,0.0,6.0,20.0,5.0,9.0,0
18.0,0.0,0.0,19.0,5.0,4.0,0
6.0,0.0,0.0,8.0,5.0,6.0,0
16.0,0.0,0.0,18.0,5.0,10.0,0
94.0,0.07381152199999999,0.0,95.0,5.0,10.0,0
33.0,2.067306558,3.0,45.0,5.0,6.0,0
64.0,0.6044182389999999,3.0,76.0,5.0,4.0,1
8.0,0.0,0.0,8.0,5.0,10.0,0
26.0,0.0,0.0,26.0,5.0,10.0,0
10.0,1.3596491965,0.0,12.0,5.0,7.0,1
5.0,0.0,0.0,5.0,5.0,13.0,0
3.0,0.0,0.0,5.0,5.0,4.0,0
9.0,0.0,0.0,9.0,5.0,10.0,0
39.0,0.8963793494999999,0.0,46.0,5.0,2.0,0
25.0,0.0,6.0,32.0,5.0,11.0,0
15.0,0.0,0.0,15.0,5.0,12.0,0
16.0,0.0,2.0,22.0,5.0,5.0,0
43.0,0.0,0.0,43.0,5.0,10.0,0
2.0,0.0,0.0,4.0,5.0,6.0,0
84.0,0.17390678085,2.0,91.0,5.0,12.0,0
4.0,0.0,0.0,5.0,5.0,13.0,0
23.0,0.0,0.0,24.0,5.0,6.0,0
13.0,0.0,0.0,14.0,5.0,11.0,0
20.0,0.956642932,1.0,29.0,5.0,2.0,1
30.0,0.0,1.0,40.0,5.0,5.0,0
38.0,0.0,1.0,44.0,5.0,8.0,0
44.0,0.5665314345,0.0,48.0,5.0,4.0,1
56.0,0.0,0.0,65.0,5.0,5.0,0
121.0,0.21062078775,2.0,123.0,5.0,10.0,0
30.0,0.0,0.0,32.0,5.0,8.0,0
62.0,0.0,0.0,62.0,5.0,11.0,0
12.0,0.0,0.0,13.0,5.0,8.0,0
9.0,0.0,0.0,17.0,5.0,2.0,0
27.0,0.0,1.0,28.0,5.0,4.0,0
6.0,0.0,0.0,7.0,5.0,4.0,0
27.0,1.3948585465,0.0,32.0,5.0,5.0,0
3.0,0.0,0.0,3.0,5.0,12.0,0
25.0,0.0,0.0,25.0,5.0,13.0,0
5.0,0.0,0.0,7.0,5.0,4.0,1
17.0,0.0,0.0,18.0,5.0,4.0,0
39.0,0.0,0.0,39.0,5.0,2.0,0
1.0,0.0,0.0,1.0,5.0,12.0,0
3.0,0.0,0.0,3.0,5.0,6.0,0
1.0,0.0,0.0,4.0,5.0,2.0,0
70.0,0.0,0.0,77.0,5.0,4.0,0
6.0,1.1047905315,0.0,7.0,5.0,4.0,0
91.0,0.0,1.0,103.0,5.0,5.0,0
13.0,0.8362809094999999,0.0,13.0,5.0,8.0,1
22.0,0.0,0.0,26.0,5.0,6.0,1
4.0,0.0,0.0,7.0,5.0,4.0,0
19.0,0.0,0.0,19.0,5.0,11.0,0
7.0,0.0,0.0,11.0,5.0,8.0,0
36.0,0.0,0.0,36.0,5.0,12.0,0
103.0,0.0,0.0,104.0,5.0,13.0,0
103.0,0.0,0.0,103.0,5.0,6.0,0
62.0,0.0,0.0,62.0,5.0,2.0,0
74.0,0.0,0.0,74.0,5.0,12.0,0
27.0,0.0,0.0,27.0,5.0,4.0,0
18.0,0.0,0.0,20.0,5.0,2.0,0
50.0,0.0,0.0,50.0,5.0,4.0,0
25.0,3.065243296,0.0,28.0,5.0,8.0,1
11.0,0.0,2.0,17.0,5.0,11.0,0
11.0,0.695523499,0.0,16.0,5.0,2.0,1
4.0,0.0,3.0,9.0,5.0,11.0,0
17.0,0.0,0.0,27.0,5.0,6.0,0
26.0,0.0,0.0,26.0,5.0,10.0,0
2.0,0.0,0.0,6.0,5.0,4.0,0
107.0,0.0,1.0,113.0,5.0,4.0,0
32.0,0.9982818050000001,0.0,33.0,5.0,6.0,1
16.0,0.0,0.0,16.0,5.0,10.0,0
28.0,0.0,0.0,34.0,5.0,5.0,0
101.0,0.19990920704999998,0.0,106.0,5.0,2.0,1
14.0,1.0165776819999999,2.0,24.0,5.0,8.0,0
11.0,0.340064494,0.0,20.0,5.0,4.0,0
33.0,0.9516468014999999,0.0,48.0,5.0,7.0,0
23.0,0.9785296125,0.0,29.0,5.0,4.0,0
45.0,2.3786801725,0.0,47.0,5.0,6.0,0
7.0,3.9284799319999997,0.0,7.0,5.0,6.0,1
51.0,0.0,0.0,60.0,5.0,8.0,0
8.0,0.0,0.0,8.0,5.0,12.0,0
21.0,0.0,4.0,27.0,5.0,5.0,0
2.0,0.0,0.0,2.0,5.0,11.0,0
20.0,0.0,0.0,22.0,5.0,4.0,0
10.0,0.0,0.0,12.0,5.0,4.0,0
18.0,0.9113762745,0.0,19.0,5.0,2.0,0
47.0,0.25970409365,4.0,61.0,5.0,6.0,0
18.0,0.0,1.0,22.0,5.0,4.0,1
7.0,0.0,0.0,7.0,5.0,10.0,0
23.0,0.0,1.0,30.0,5.0,11.0,0
62.0,12.337929509999999,0.0,66.0,5.0,4.0,0
5.0,0.0,0.0,5.0,5.0,6.0,0
10.0,0.0,0.0,13.0,5.0,9.0,0
68.0,0.0,3.0,78.0,5.0,10.0,0
20.0,0.0,2.0,24.0,5.0,6.0,0
24.0,0.0,0.0,25.0,5.0,2.0,0
28.0,0.0,1.0,31.0,5.0,4.0,0
142.0,0.038549593199999996,0.0,144.0,5.0,10.0,0
4.0,0.0,0.0,8.0,5.0,10.0,0
13.0,2.3651850894999997,0.0,25.0,5.0,5.0,0
45.0,0.0,0.0,46.0,5.0,6.0,1
43.0,0.0,0.0,43.0,5.0,10.0,0
10.0,0.0,0.0,10.0,5.0,12.0,0
21.0,0.36161009295,0.0,21.0,5.0,2.0,1
63.0,0.0,0.0,66.0,5.0,10.0,0
81.0,0.0,0.0,82.0,5.0,10.0,0
15.0,0.0,0.0,15.0,5.0,6.0,0
13.0,0.0,2.0,19.0,5.0,2.0,0
31.0,0.0,0.0,31.0,5.0,10.0,0
21.0,0.0,0.0,22.0,5.0,4.0,0
30.0,0.0,0.0,30.0,5.0,4.0,0
3.0,0.0,0.0,3.0,5.0,7.0,0
8.0,0.0,0.0,8.0,5.0,8.0,0
2.0,0.0,0.0,2.0,5.0,10.0,0
26.0,0.4009416229,2.0,28.0,5.0,11.0,1
14.0,0.0,0.0,14.0,5.0,12.0,0
3.0,0.0,0.0,3.0,5.0,8.0,0
0.0,0.0,0.0,0.0,5.0,12.0,0
22.0,0.0,0.0,22.0,5.0,10.0,0
53.0,0.0,1.0,56.0,5.0,8.0,0
10.0,1.6365308185,1.0,11.0,5.0,10.0,1
31.0,0.0,0.0,31.0,5.0,12.0,0
29.0,0.23510327665,0.0,38.0,5.0,11.0,0
22.0,0.0,1.0,32.0,5.0,9.0,1
130.0,0.0,1.0,132.0,5.0,6.0,0
9.0,0.0,0.0,11.0,5.0,11.0,0
19.0,0.0,1.0,30.0,5.0,7.0,1
15.0,0.0,0.0,17.0,5.0,12.0,0
8.0,0.0,0.0,8.0,5.0,10.0,0
79.0,0.8677243935,0.0,87.0,5.0,2.0,0
28.0,0.0,1.0,33.0,5.0,6.0,0
3.0,0.0,0.0,3.0,5.0,11.0,0
24.0,0.0,0.0,40.0,5.0,8.0,0
4.0,0.0,0.0,8.0,5.0,6.0,1
30.0,0.0,0.0,38.0,5.0,4.0,0
16.0,0.0,0.0,23.0,5.0,10.0,0
25.0,0.0,0.0,25.0,5.0,7.0,0
3.0,0.0,0.0,5.0,5.0,11.0,1
29.0,5.03628024,0.0,29.0,5.0,4.0,1
4.0,0.0,0.0,4.0,5.0,8.0,0
9.0,0.0,1.0,14.0,5.0,2.0,0
32.0,0.0,0.0,36.0,5.0,10.0,0
22.0,0.0,0.0,24.0,5.0,9.0,0
8.0,0.0,0.0,12.0,5.0,10.0,0
28.0,1.7757594755,3.0,37.0,5.0,2.0,0
43.0,0.0,0.0,50.0,5.0,4.0,0
141.0,0.6253932615,0.0,152.0,5.0,2.0,0
32.0,0.0,0.0,32.0,5.0,4.0,0
27.0,0.0,2.0,30.0,5.0,2.0,0
17.0,0.0,0.0,23.0,5.0,4.0,0
40.0,0.0,1.0,46.0,5.0,4.0,0
41.0,0.1989771819,2.0,43.0,5.0,4.0,0
16.0,0.0,0.0,17.0,5.0,6.0,1
93.0,0.0,2.0,98.0,5.0,6.0,1
2.0,1.3896869305,0.0,5.0,5.0,5.0,0
21.0,0.0,0.0,25.0,5.0,11.0,1
52.0,0.0,3.0,55.0,5.0,7.0,0
35.0,0.0,0.0,35.0,5.0,6.0,0
24.0,0.0,0.0,24.0,5.0,6.0,0
6.0,0.0,0.0,6.0,5.0,2.0,0
10.0,0.5892331305,0.0,13.0,5.0,10.0,1
9.0,0.0,3.0,18.0,5.0,6.0,0
305.0,0.0,2.0,318.0,5.0,4.0,0
3.0,0.0,0.0,3.0,5.0,12.0,0
31.0,0.0,0.0,31.0,5.0,12.0,0
4.0,0.0,0.0,5.0,5.0,6.0,0
1.0,0.0,0.0,1.0,5.0,10.0,0
19.0,0.41652874075,1.0,23.0,5.0,8.0,1
20.0,2.378949257,0.0,20.0,5.0,5.0,1
12.0,0.0,0.0,12.0,5.0,8.0,0
15.0,0.0,0.0,17.0,5.0,3.0,0
7.0,0.0,0.0,11.0,5.0,6.0,0
37.0,0.0,0.0,38.0,5.0,10.0,0
60.0,0.0,0.0,60.0,5.0,12.0,0
20.0,0.0,0.0,22.0,5.0,7.0,0
2.0,0.0,0.0,2.0,5.0,10.0,0
1.0,0.0,0.0,1.0,5.0,2.0,0
45.0,0.0,0.0,45.0,5.0,12.0,0
89.0,0.0,1.0,101.0,5.0,4.0,0
14.0,0.0,0.0,16.0,5.0,2.0,0
28.0,0.0,1.0,29.0,5.0,10.0,0
24.0,0.0,0.0,31.0,5.0,12.0,0
16.0,0.0,0.0,16.0,5.0,5.0,0
28.0,0.0,0.0,28.0,5.0,10.0,0
20.0,0.0,0.0,20.0,5.0,12.0,0
17.0,0.0,0.0,17.0,5.0,4.0,0
78.0,0.775181068,1.0,80.0,5.0,12.0,0
9.0,0.0,0.0,9.0,5.0,12.0,0
59.0,0.0,0.0,61.0,5.0,8.0,0
25.0,0.0,0.0,25.0,5.0,6.0,0
32.0,0.06366587074999999,3.0,36.0,5.0,8.0,1
14.0,0.46265808394999997,0.0,18.0,5.0,6.0,1
15.0,0.0,3.0,19.0,5.0,2.0,0
4.0,0.0,0.0,4.0,5.0,10.0,0
99.0,6.45506869,6.0,113.0,5.0,3.0,0
18.0,0.08591094175,0.0,18.0,5.0,8.0,0
80.0,0.06288477605000001,3.0,88.0,5.0,10.0,0
4.0,0.0,0.0,4.0,5.0,13.0,0
53.0,1.595160033,0.0,54.0,5.0,8.0,1
27.0,0.0,0.0,28.0,5.0,2.0,0
4.0,0.0,0.0,8.0,5.0,9.0,0
3.0,0.0,0.0,3.0,5.0,8.0,0
9.0,0.0,0.0,18.0,5.0,6.0,0
7.0,0.0,0.0,7.0,5.0,10.0,0
5.0,0.0,0.0,5.0,5.0,2.0,0
18.0,0.0,0.0,19.0,5.0,4.0,0
22.0,0.731761987,0.0,22.0,5.0,3.0,1
46.0,0.0,0.0,52.0,5.0,12.0,0
199.0,0.0,1.0,205.0,5.0,8.0,0
18.0,0.0,2.0,20.0,5.0,13.0,0
149.0,0.0,0.0,157.0,5.0,6.0,0
4.0,0.0,0.0,4.0,5.0,8.0,0
56.0,0.2881839409,3.0,63.0,5.0,2.0,0
5.0,0.0,0.0,5.0,5.0,12.0,0
22.0,0.0,0.0,24.0,5.0,2.0,0
6.0,0.0,0.0,8.0,5.0,6.0,0
11.0,0.0,0.0,14.0,5.0,6.0,0
22.0,0.0,1.0,35.0,5.0,6.0,0
38.0,0.281243068,1.0,42.0,5.0,7.0,0
46.0,0.10030164685000001,2.0,62.0,5.0,7.0,0
15.0,0.0,0.0,20.0,5.0,2.0,1
6.0,0.0,0.0,7.0,5.0,12.0,0
4.0,0.0,0.0,4.0,5.0,5.0,0
14.0,2.5091569584999998,3.0,18.0,5.0,11.0,0
4.0,0.0,0.0,4.0,5.0,8.0,0
50.0,0.0,2.0,56.0,5.0,5.0,0
20.0,0.0,0.0,30.0,5.0,6.0,0
29.0,0.0,0.0,32.0,5.0,6.0,0
17.0,0.0,0.0,18.0,5.0,10.0,0
1.0,0.0,3.0,6.0,5.0,10.0,0
12.0,0.0,0.0,17.0,5.0,8.0,0
87.0,0.0,0.0,89.0,5.0,12.0,1
43.0,0.0,0.0,44.0,5.0,6.0,0
439.0,0.571961664,4.0,455.0,5.0,6.0,0
223.0,0.0089913405,0.0,238.0,5.0,5.0,0
45.0,0.0,2.0,53.0,5.0,12.0,0
10.0,0.0,2.0,14.0,5.0,7.0,1
19.0,0.0,0.0,19.0,5.0,12.0,0
9.0,0.0,0.0,12.0,5.0,2.0,0
74.0,0.0468852605,0.0,78.0,5.0,10.0,0
3.0,0.0,0.0,3.0,5.0,8.0,0
2.0,0.0,0.0,2.0,5.0,6.0,0
15.0,0.0,0.0,15.0,5.0,6.0,0
67.0,0.00659185065,1.0,77.0,5.0,4.0,1
24.0,0.0,0.0,24.0,5.0,6.0,0
20.0,0.0,1.0,26.0,5.0,10.0,0
2.0,0.0,0.0,6.0,5.0,6.0,1
6.0,0.0,0.0,6.0,5.0,8.0,0
81.0,0.0,0.0,81.0,5.0,4.0,0
16.0,0.0,0.0,16.0,5.0,12.0,0
1.0,0.0,0.0,1.0,5.0,7.0,0
63.0,0.0,1.0,69.0,5.0,8.0,0
28.0,0.0,1.0,30.0,5.0,7.0,0
49.0,0.0,0.0,49.0,5.0,11.0,0
41.0,1.375641965,0.0,52.0,5.0,7.0,0
13.0,0.9874650389999999,3.0,19.0,5.0,3.0,0
36.0,0.0,3.0,47.0,5.0,2.0,0
13.0,0.0,0.0,19.0,5.0,5.0,0
11.0,0.0,0.0,12.0,5.0,2.0,0
34.0,0.0,0.0,35.0,5.0,4.0,0
29.0,0.0,0.0,29.0,5.0,4.0,0
4.0,0.0,0.0,4.0,5.0,8.0,0
34.0,0.0,0.0,34.0,5.0,4.0,0
9.0,0.0,0.0,12.0,5.0,8.0,0
26.0,0.0,0.0,29.0,5.0,8.0,0
47.0,0.0,1.0,56.0,5.0,8.0,0
19.0,0.0,0.0,19.0,5.0,2.0,0
21.0,0.0,0.0,22.0,5.0,7.0,0
5.0,0.0,0.0,10.0,5.0,3.0,0
22.0,0.0,4.0,30.0,5.0,8.0,0
14.0,0.0,0.0,17.0,5.0,12.0,0
4.0,0.0,0.0,8.0,5.0,8.0,0
5.0,0.0,0.0,5.0,5.0,8.0,0
98.0,1.6467300550000001,0.0,102.0,5.0,2.0,1
30.0,0.6866464245,1.0,34.0,5.0,11.0,1
4.0,0.0,0.0,4.0,5.0,8.0,0
16.0,0.0,0.0,16.0,5.0,4.0,0
9.0,0.0,0.0,9.0,5.0,4.0,0
33.0,0.0,2.0,38.0,5.0,4.0,0
51.0,0.0,1.0,55.0,5.0,10.0,0
12.0,0.0,0.0,15.0,5.0,5.0,0
18.0,0.0,0.0,18.0,5.0,4.0,0
17.0,1.5995907095,0.0,23.0,5.0,4.0,1
14.0,3.9721767229999996,0.0,18.0,5.0,10.0,1
13.0,0.0,0.0,13.0,5.0,12.0,0
2.0,0.0,0.0,2.0,5.0,3.0,0
35.0,0.0,0.0,38.0,5.0,10.0,0
3.0,0.0,0.0,13.0,5.0,4.0,0
154.0,0.0,1.0,167.0,5.0,9.0,0
25.0,0.0,0.0,31.0,5.0,9.0,0
14.0,0.0,0.0,15.0,5.0,4.0,0
40.0,0.0,0.0,41.0,5.0,11.0,0
18.0,0.0,0.0,20.0,5.0,2.0,0
4.0,0.0,0.0,8.0,5.0,4.0,0
3.0,0.0,0.0,3.0,5.0,12.0,0
70.0,3.365464539,0.0,78.0,5.0,2.0,0
1.0,0.0,0.0,1.0,5.0,9.0,0
36.0,0.0,0.0,38.0,5.0,2.0,0
43.0,1.4028580675,2.0,49.0,5.0,4.0,0
38.0,0.18369145339999998,0.0,40.0,5.0,12.0,1
59.0,0.6590391105,0.0,62.0,5.0,9.0,0
18.0,1.626190386,0.0,18.0,5.0,3.0,1
21.0,0.0,0.0,21.0,5.0,4.0,0
17.0,1.2062792855,0.0,20.0,5.0,12.0,1
77.0,0.0,0.0,77.0,5.0,8.0,0
12.0,0.0,0.0,16.0,5.0,4.0,1
36.0,0.0,1.0,41.0,5.0,5.0,0
115.0,0.1792719913,5.0,129.0,5.0,8.0,1
21.0,0.0,0.0,21.0,5.0,11.0,0
2.0,0.0,0.0,2.0,5.0,12.0,0
51.0,0.5637228665,3.0,60.0,5.0,2.0,0
23.0,1.5957070225,0.0,27.0,5.0,6.0,1
9.0,0.0,0.0,9.0,5.0,13.0,0
179.0,0.0,3.0,182.0,5.0,8.0,0
8.0,0.0,0.0,8.0,5.0,12.0,0
21.0,0.9049285865,0.0,34.0,5.0,8.0,1
32.0,0.0,0.0,32.0,5.0,9.0,0
56.0,0.0,1.0,57.0,5.0,8.0,0
12.0,0.0,0.0,13.0,5.0,5.0,0
66.0,2.402195291,2.0,70.0,5.0,4.0,1
35.0,0.0,0.0,36.0,5.0,2.0,0
8.0,0.7910220785,2.0,13.0,5.0,2.0,1
8.0,0.693225607,1.0,15.0,5.0,7.0,0
74.0,0.0,0.0,81.0,5.0,8.0,0
38.0,1.225634687,0.0,43.0,5.0,6.0,0
40.0,0.0,0.0,40.0,5.0,8.0,0
16.0,0.508855609,0.0,20.0,5.0,7.0,1
40.0,0.0,1.0,44.0,5.0,2.0,0
78.0,0.041949412549999995,2.0,86.0,5.0,2.0,0
25.0,0.0,0.0,29.0,5.0,3.0,0
48.0,0.0,1.0,49.0,5.0,6.0,0
14.0,0.0,0.0,20.0,5.0,4.0,1
48.0,0.0,0.0,48.0,5.0,8.0,0
19.0,0.0,0.0,22.0,5.0,6.0,0
11.0,0.0,0.0,11.0,5.0,4.0,0
29.0,0.0,0.0,30.0,5.0,8.0,0
39.0,0.0,0.0,39.0,5.0,3.0,0
19.0,0.0,9.0,36.0,5.0,11.0,0
5.0,0.0,0.0,5.0,5.0,5.0,0
33.0,0.0,1.0,42.0,5.0,4.0,0
23.0,0.5641895395,2.0,29.0,5.0,8.0,0
11.0,0.0,0.0,11.0,5.0,10.0,0
4.0,0.0,0.0,10.0,5.0,6.0,1
6.0,0.0,0.0,6.0,5.0,10.0,0
17.0,3.1729460385,0.0,17.0,5.0,4.0,1
18.0,0.0,1.0,25.0,5.0,10.0,0
16.0,0.0,0.0,22.0,5.0,6.0,0
98.0,0.006483844649999999,0.0,110.0,5.0,11.0,0
10.0,0.0,0.0,13.0,5.0,12.0,0
44.0,0.0,0.0,44.0,5.0,12.0,0
9.0,0.0,0.0,11.0,5.0,4.0,0
67.0,0.0,2.0,69.0,5.0,8.0,0
25.0,0.0,0.0,29.0,5.0,12.0,0
18.0,0.0,0.0,21.0,5.0,8.0,0
9.0,0.0,0.0,9.0,5.0,12.0,0
29.0,0.46159674315,1.0,36.0,5.0,2.0,0
18.0,0.0,0.0,20.0,5.0,4.0,0
20.0,0.0,0.0,23.0,5.0,10.0,1
12.0,0.0,0.0,17.0,5.0,4.0,0
21.0,0.0,0.0,21.0,5.0,2.0,0
43.0,0.9257527335000001,0.0,43.0,5.0,12.0,1
30.0,0.0,0.0,30.0,5.0,10.0,0
19.0,0.0,0.0,19.0,5.0,8.0,0
230.0,0.13324974855,5.0,246.0,5.0,12.0,0
13.0,0.7419891200000001,2.0,16.0,5.0,2.0,0
19.0,0.0,0.0,21.0,5.0,4.0,0
5.0,0.0,0.0,5.0,5.0,11.0,0
84.0,0.20871570099999998,0.0,89.0,5.0,3.0,0
75.0,1.4805756405000001,0.0,80.0,5.0,8.0,1
23.0,0.0,0.0,24.0,5.0,6.0,0
29.0,0.0350077503,0.0,39.0,5.0,7.0,0
6.0,3.1776688425,0.0,6.0,5.0,11.0,0
7.0,0.0,0.0,9.0,5.0,12.0,0
27.0,0.0,0.0,27.0,5.0,12.0,0
27.0,0.0,0.0,27.0,5.0,6.0,0
35.0,0.0,0.0,38.0,5.0,5.0,0
49.0,0.628700915,0.0,57.0,5.0,2.0,0
22.0,0.619602156,0.0,28.0,5.0,7.0,1
73.0,0.0,0.0,77.0,5.0,8.0,0
5.0,0.0,1.0,6.0,5.0,12.0,0
26.0,0.2880673718,3.0,33.0,5.0,4.0,0
3.0,0.0,0.0,3.0,5.0,10.0,0
44.0,0.0,0.0,45.0,5.0,2.0,0
280.0,0.28488294989999996,4.0,298.0,5.0,10.0,0
8.0,0.0,0.0,14.0,5.0,2.0,0
2.0,0.0,0.0,2.0,5.0,5.0,0
98.0,0.3076600692,0.0,99.0,5.0,8.0,0
2.0,0.0,0.0,3.0,5.0,13.0,0
18.0,0.0,0.0,24.0,5.0,6.0,0
90.0,0.0732005216,4.0,102.0,5.0,9.0,0
6.0,2.013907622,0.0,6.0,5.0,4.0,1
32.0,0.0,0.0,40.0,5.0,9.0,0
1.0,0.0,0.0,1.0,5.0,12.0,0
59.0,1.292721008,0.0,63.0,5.0,2.0,0
66.0,3.1426630500000003,0.0,66.0,5.0,6.0,1
40.0,0.49348246855,1.0,45.0,5.0,4.0,1
0.0,0.0,0.0,2.0,5.0,7.0,1
62.0,0.0,2.0,67.0,5.0,10.0,0
25.0,0.0,0.0,26.0,5.0,10.0,0
38.0,1.365707371,1.0,45.0,5.0,10.0,0
32.0,0.0,0.0,34.0,5.0,4.0,0
4.0,0.0,0.0,4.0,5.0,10.0,0
46.0,1.112796478,0.0,49.0,5.0,6.0,1
377.0,0.0,2.0,379.0,5.0,10.0,0
3.0,0.0,0.0,3.0,5.0,10.0,0
4.0,0.0,0.0,4.0,5.0,5.0,0
28.0,0.0,0.0,32.0,5.0,4.0,0
7.0,0.0,0.0,12.0,5.0,10.0,0
6.0,1.24592274,0.0,6.0,5.0,5.0,1
11.0,0.0,2.0,19.0,5.0,8.0,1
8.0,0.0,0.0,8.0,5.0,10.0,0
14.0,0.0,0.0,16.0,5.0,6.0,0
12.0,0.0,0.0,12.0,5.0,6.0,0
32.0,0.0,2.0,40.0,5.0,8.0,0
10.0,0.0,0.0,10.0,5.0,12.0,0
94.0,0.0,0.0,94.0,5.0,6.0,0
16.0,0.0,0.0,21.0,5.0,9.0,0
8.0,0.0,0.0,10.0,5.0,2.0,0
18.0,0.0,0.0,20.0,5.0,8.0,0
18.0,0.0,1.0,25.0,5.0,6.0,0
310.0,0.0437523966,1.0,320.0,5.0,7.0,0
33.0,0.0,0.0,40.0,5.0,12.0,0
25.0,0.961634488,0.0,30.0,5.0,2.0,0
12.0,0.0,0.0,12.0,5.0,8.0,0
23.0,0.0,0.0,24.0,5.0,4.0,0
12.0,0.0,0.0,15.0,5.0,6.0,0
60.0,0.0,0.0,61.0,5.0,4.0,0
42.0,7.678884875,2.0,44.0,5.0,8.0,1
19.0,0.579761285,1.0,23.0,5.0,2.0,0
27.0,0.29522037815,0.0,28.0,5.0,8.0,0
16.0,0.0,0.0,18.0,5.0,8.0,0
10.0,0.0,0.0,10.0,5.0,10.0,0
3.0,0.0,0.0,3.0,5.0,12.0,0
24.0,0.7426686265,0.0,27.0,5.0,11.0,0
70.0,0.0,0.0,75.0,5.0,9.0,1
18.0,0.0,0.0,20.0,5.0,8.0,0
1.0,0.0,0.0,5.0,5.0,7.0,0
42.0,0.0,0.0,42.0,5.0,8.0,0
14.0,0.0,1.0,15.0,5.0,13.0,0
15.0,0.0,0.0,15.0,5.0,2.0,0
31.0,0.0,0.0,31.0,5.0,5.0,0
32.0,0.0,3.0,35.0,5.0,2.0,0
16.0,0.0,0.0,20.0,5.0,3.0,0
4.0,0.0,0.0,7.0,5.0,8.0,0
48.0,0.848356033,1.0,64.0,5.0,10.0,0
12.0,0.0,0.0,12.0,5.0,8.0,0
15.0,0.0,0.0,19.0,5.0,2.0,0
1.0,0.0,0.0,1.0,5.0,12.0,0
49.0,0.0,0.0,49.0,5.0,8.0,0
12.0,0.0,0.0,12.0,5.0,10.0,0
20.0,0.0,7.0,34.0,5.0,10.0,1
16.0,0.0,0.0,16.0,5.0,13.0,0
16.0,0.0,0.0,17.0,5.0,12.0,0
158.0,0.0,2.0,171.0,5.0,8.0,0
24.0,0.0,0.0,25.0,5.0,3.0,0
54.0,0.0,1.0,55.0,5.0,7.0,0
83.0,0.0,0.0,84.0,5.0,4.0,0
16.0,0.0,0.0,16.0,5.0,7.0,0
8.0,1.6611463645,0.0,8.0,5.0,10.0,1
4.0,0.0,0.0,4.0,5.0,11.0,0
18.0,0.0,0.0,19.0,5.0,6.0,0
114.0,0.0,3.0,123.0,5.0,3.0,0
114.0,0.0,1.0,117.0,5.0,8.0,0
23.0,0.0,0.0,27.0,5.0,2.0,0
1.0,0.0,0.0,1.0,5.0,2.0,0
16.0,0.0,0.0,19.0,5.0,11.0,0
16.0,0.0,0.0,20.0,5.0,2.0,0
2.0,0.0,1.0,6.0,5.0,2.0,0
38.0,0.0,0.0,50.0,5.0,5.0,0
85.0,0.04492477045,0.0,93.0,5.0,10.0,0
27.0,1.382548375,0.0,31.0,5.0,7.0,0
37.0,0.0,0.0,37.0,5.0,11.0,0
12.0,0.0,0.0,15.0,5.0,6.0,0
2.0,0.0,0.0,6.0,5.0,5.0,0
4.0,1.9638369820000001,0.0,9.0,5.0,8.0,1
34.0,0.0,0.0,38.0,5.0,11.0,0
42.0,0.0,4.0,54.0,5.0,10.0,1
24.0,0.0,0.0,27.0,5.0,5.0,0
97.0,0.1104986344,0.0,106.0,5.0,8.0,0
35.0,0.0,1.0,42.0,5.0,2.0,0
22.0,3.029218533,0.0,23.0,5.0,3.0,1
27.0,0.0,0.0,27.0,5.0,12.0,0
486.0,0.0,3.0,499.0,5.0,10.0,0
12.0,0.1424156118,3.0,21.0,5.0,12.0,1
110.0,0.959155379,1.0,117.0,5.0,9.0,0
25.0,0.0,0.0,26.0,5.0,4.0,0
65.0,0.0,0.0,65.0,5.0,6.0,0
230.0,0.0,2.0,236.0,5.0,11.0,0
1.0,0.0,0.0,1.0,5.0,6.0,0
8.0,0.0,0.0,10.0,5.0,4.0,0
10.0,0.0,2.0,14.0,5.0,8.0,0
19.0,0.0,0.0,19.0,5.0,8.0,0
53.0,0.0,1.0,55.0,5.0,12.0,0
8.0,0.0,0.0,11.0,5.0,12.0,1
9.0,0.0,0.0,9.0,5.0,4.0,0
36.0,0.0,0.0,45.0,5.0,5.0,0
24.0,0.0,1.0,26.0,5.0,11.0,0
153.0,0.3094607717,0.0,153.0,5.0,9.0,1
10.0,0.0,0.0,13.0,5.0,5.0,0
9.0,0.0,1.0,13.0,5.0,5.0,0
3.0,0.0,0.0,3.0,5.0,10.0,0
55.0,0.0,0.0,56.0,5.0,4.0,0
5.0,0.0,0.0,5.0,5.0,6.0,0
16.0,0.0,0.0,24.0,5.0,10.0,0
23.0,0.0,0.0,28.0,5.0,8.0,0
42.0,0.0,0.0,42.0,5.0,10.0,0
3.0,0.0,0.0,3.0,5.0,2.0,0
38.0,0.2643502881,4.0,54.0,5.0,7.0,0
35.0,2.039023539,4.0,46.0,5.0,6.0,0
7.0,0.0,0.0,11.0,5.0,4.0,1
34.0,0.29302198845,0.0,34.0,5.0,6.0,1
139.0,0.41524519675000005,0.0,147.0,5.0,8.0,0
4.0,0.0,0.0,4.0,5.0,4.0,0
36.0,0.0,0.0,36.0,5.0,2.0,0
113.0,2.0041190825,0.0,116.0,5.0,12.0,0
12.0,0.0,0.0,12.0,5.0,11.0,0
91.0,0.0,4.0,98.0,5.0,6.0,0
67.0,0.0,0.0,71.0,5.0,6.0,0
30.0,2.021789497,2.0,36.0,5.0,2.0,0
5.0,0.0,0.0,5.0,5.0,8.0,0
14.0,2.2446729685,1.0,16.0,5.0,5.0,1
23.0,0.0,1.0,31.0,5.0,4.0,0
44.0,1.8962071975,0.0,51.0,5.0,8.0,1
40.0,0.0,0.0,49.0,5.0,6.0,0
16.0,0.0,2.0,21.0,5.0,6.0,0
81.0,1.1537907475,0.0,86.0,5.0,4.0,1
3.0,0.0,0.0,8.0,5.0,9.0,0
101.0,0.0,0.0,101.0,5.0,4.0,0
27.0,1.906184292,0.0,27.0,5.0,12.0,1
29.0,0.0,0.0,32.0,5.0,6.0,0
15.0,0.31723158835,0.0,24.0,5.0,8.0,0
17.0,0.0,0.0,24.0,5.0,6.0,0
73.0,0.0,0.0,75.0,5.0,13.0,0
10.0,2.74975461,0.0,10.0,5.0,10.0,1
33.0,0.0,0.0,35.0,5.0,8.0,0
15.0,0.0,0.0,17.0,5.0,2.0,0
58.0,0.0,0.0,59.0,5.0,10.0,0
14.0,0.0,0.0,19.0,5.0,6.0,0
9.0,0.0,0.0,16.0,5.0,4.0,0
38.0,2.6142970285000002,0.0,43.0,5.0,5.0,1
20.0,0.0,0.0,27.0,5.0,11.0,0
12.0,0.0,0.0,12.0,5.0,3.0,0
39.0,0.0,1.0,42.0,5.0,8.0,0
5.0,0.0,0.0,5.0,5.0,8.0,0
8.0,0.0,0.0,8.0,5.0,10.0,0
19.0,0.0,4.0,25.0,5.0,13.0,0
182.0,0.03510433805,3.0,199.0,5.0,8.0,0
15.0,0.21538136235,0.0,17.0,5.0,2.0,0
16.0,2.745955902,0.0,17.0,5.0,6.0,1
4.0,0.0,0.0,4.0,5.0,12.0,0
16.0,0.0,0.0,16.0,5.0,8.0,0
13.0,0.0,1.0,22.0,5.0,4.0,0
35.0,1.4164433239999998,0.0,39.0,5.0,10.0,0
6.0,0.0,0.0,6.0,5.0,10.0,0
21.0,0.0,0.0,22.0,5.0,4.0,0
33.0,1.9712782560000002,0.0,39.0,5.0,10.0,1
13.0,2.115195854,0.0,14.0,5.0,9.0,1
63.0,0.1050925135,1.0,73.0,5.0,10.0,0
221.0,0.20419740125,3.0,240.0,5.0,4.0,1
14.0,1.7375116460000002,0.0,18.0,5.0,11.0,1
17.0,1.384750388,6.0,26.0,5.0,2.0,1
32.0,0.0,0.0,37.0,5.0,8.0,0
11.0,0.0,0.0,13.0,5.0,7.0,1
17.0,0.0,1.0,18.0,5.0,6.0,0
48.0,0.3781461035,0.0,50.0,5.0,3.0,1
229.0,0.03904529075,1.0,234.0,5.0,8.0,0
10.0,0.6797100135,1.0,12.0,5.0,6.0,1
3.0,0.0,0.0,5.0,5.0,5.0,0
30.0,0.0,0.0,32.0,5.0,7.0,0
4.0,0.0,4.0,13.0,5.0,4.0,0
25.0,0.0,2.0,38.0,5.0,9.0,0
10.0,0.0,0.0,11.0,5.0,10.0,0
4.0,0.0,0.0,5.0,5.0,4.0,0
0.0,0.0,0.0,1.0,5.0,4.0,0
13.0,2.9462088300000002,0.0,14.0,5.0,8.0,1
9.0,0.0,0.0,13.0,5.0,4.0,0
24.0,0.0,0.0,25.0,5.0,4.0,0
1.0,0.0,0.0,1.0,5.0,2.0,0
24.0,0.0,1.0,35.0,5.0,4.0,0
113.0,0.0,0.0,113.0,5.0,10.0,0
22.0,1.726110585,0.0,22.0,5.0,4.0,0
17.0,0.0,0.0,17.0,5.0,7.0,0
13.0,0.0,0.0,14.0,5.0,10.0,0
26.0,1.9709624555,0.0,33.0,5.0,8.0,0
4.0,0.0,0.0,4.0,5.0,8.0,0
1.0,0.0,0.0,1.0,5.0,5.0,0
26.0,0.12400123219999999,0.0,27.0,5.0,2.0,1
12.0,0.981515508,0.0,18.0,5.0,2.0,1
127.0,0.00760837195,0.0,139.0,5.0,8.0,1
11.0,0.0,0.0,15.0,5.0,5.0,0
33.0,0.0,0.0,48.0,5.0,5.0,0
17.0,0.0,0.0,18.0,5.0,2.0,0
2.0,0.0,0.0,2.0,5.0,6.0,0
7.0,4.7008416575,0.0,9.0,5.0,3.0,1
34.0,0.0,6.0,42.0,5.0,5.0,0
216.0,0.044424298200000004,2.0,223.0,5.0,8.0,0
3.0,0.0,0.0,3.0,5.0,2.0,0
3.0,0.40247928699999996,0.0,4.0,5.0,6.0,0
18.0,0.0,0.0,21.0,5.0,8.0,0
45.0,0.35994100014999997,1.0,46.0,5.0,4.0,1
10.0,0.0,0.0,10.0,5.0,2.0,0
137.0,0.0,0.0,140.0,5.0,4.0,0
48.0,0.0,0.0,49.0,5.0,2.0,0
2.0,0.0,0.0,4.0,5.0,8.0,0
14.0,0.0,0.0,14.0,5.0,10.0,0
84.0,0.15852132295000002,3.0,95.0,5.0,10.0,0
5.0,1.6366867355,0.0,7.0,5.0,2.0,0
0.0,0.0,0.0,1.0,5.0,3.0,1
3.0,0.0,0.0,3.0,5.0,4.0,0
28.0,1.0213000065,3.0,33.0,5.0,4.0,1
14.0,0.15820441565,0.0,19.0,5.0,11.0,1
14.0,0.0,0.0,14.0,5.0,11.0,0
40.0,0.5103888425,0.0,42.0,5.0,4.0,0
139.0,0.0,2.0,147.0,5.0,2.0,0
7.0,0.0,3.0,19.0,5.0,10.0,0
60.0,0.0,0.0,62.0,5.0,2.0,0
4.0,0.0,0.0,8.0,5.0,4.0,0
37.0,0.0,0.0,40.0,5.0,11.0,0
107.0,0.1275570407,0.0,115.0,5.0,4.0,0
8.0,0.8897641115000001,1.0,9.0,5.0,4.0,1
109.0,0.0,0.0,117.0,5.0,10.0,0
48.0,0.36243788725,0.0,59.0,5.0,8.0,0
6.0,0.563773239,0.0,7.0,5.0,2.0,0
73.0,1.1575368995,0.0,80.0,5.0,4.0,1
10.0,4.419585259,0.0,10.0,5.0,5.0,1
32.0,0.0,0.0,33.0,5.0,11.0,0
4.0,0.0,0.0,7.0,5.0,8.0,1
16.0,0.0,0.0,25.0,5.0,4.0,1
170.0,0.0,3.0,194.0,5.0,2.0,0
31.0,3.002236469,0.0,31.0,5.0,6.0,1
10.0,0.0,0.0,14.0,5.0,10.0,1
7.0,0.0,0.0,7.0,5.0,8.0,0
2.0,0.0,0.0,2.0,5.0,6.0,0
6.0,0.0,0.0,7.0,5.0,6.0,0
24.0,1.5024608515,0.0,25.0,5.0,6.0,1
51.0,2.03298635,0.0,53.0,5.0,6.0,1
18.0,0.0,1.0,27.0,5.0,2.0,0
11.0,0.0,0.0,15.0,5.0,4.0,0
11.0,0.0,0.0,11.0,5.0,10.0,0
157.0,0.10259410390000001,8.0,173.0,5.0,13.0,0
3.0,0.0,0.0,3.0,5.0,13.0,0
12.0,0.0,4.0,27.0,5.0,8.0,0
39.0,0.0,0.0,46.0,5.0,4.0,0
79.0,0.14260183685,0.0,85.0,5.0,10.0,0
14.0,0.0,0.0,14.0,5.0,2.0,0
36.0,0.28239972,2.0,48.0,5.0,5.0,0
5.0,1.0358390585000001,0.0,7.0,5.0,8.0,1
103.0,0.0,0.0,108.0,5.0,13.0,0
17.0,0.0,2.0,20.0,5.0,10.0,1
28.0,0.0,5.0,40.0,5.0,2.0,1
1.0,0.0,0.0,1.0,5.0,8.0,0
37.0,0.0,0.0,37.0,5.0,6.0,0
202.0,0.0,1.0,205.0,5.0,6.0,0
72.0,0.0,1.0,75.0,5.0,8.0,0
346.0,0.25885534205,0.0,349.0,5.0,9.0,1
80.0,0.03600905115,0.0,80.0,5.0,6.0,1
35.0,0.42176034539999996,0.0,36.0,5.0,7.0,0
76.0,0.0,6.0,83.0,5.0,12.0,0
24.0,0.0848484472,0.0,26.0,5.0,7.0,0
7.0,0.0,0.0,7.0,5.0,9.0,0
10.0,0.0,0.0,13.0,5.0,10.0,0
3.0,0.0,0.0,4.0,5.0,8.0,0
2.0,0.0,0.0,2.0,5.0,8.0,0
18.0,0.0,0.0,18.0,5.0,8.0,0
22.0,0.9718979725000001,4.0,37.0,5.0,6.0,0
28.0,0.0,0.0,30.0,5.0,2.0,0
16.0,0.0,0.0,16.0,5.0,10.0,0
23.0,0.756798074,0.0,27.0,5.0,8.0,0
28.0,0.0,0.0,32.0,5.0,10.0,0
13.0,0.0,0.0,13.0,5.0,12.0,0
8.0,0.0,0.0,12.0,5.0,4.0,0
11.0,0.501235313,0.0,18.0,5.0,4.0,0
62.0,0.0,0.0,65.0,5.0,6.0,0
6.0,0.0,0.0,6.0,5.0,2.0,0
20.0,0.0,0.0,20.0,5.0,13.0,0
8.0,0.0,0.0,17.0,5.0,6.0,0
32.0,0.2013999209,3.0,35.0,5.0,5.0,0
7.0,4.442182531,0.0,10.0,5.0,4.0,1
4.0,0.0,1.0,8.0,5.0,6.0,1
146.0,0.3355645296,1.0,153.0,5.0,2.0,1
8.0,0.0,0.0,10.0,5.0,8.0,0
71.0,0.0,0.0,72.0,5.0,11.0,0
7.0,0.0,0.0,9.0,5.0,4.0,0
22.0,0.0,0.0,22.0,5.0,11.0,0
39.0,0.0,0.0,42.0,5.0,10.0,0
37.0,0.0,0.0,39.0,5.0,6.0,0
4.0,0.0,0.0,4.0,5.0,10.0,0
8.0,0.0,2.0,11.0,5.0,2.0,0
31.0,1.876734507,4.0,43.0,5.0,4.0,1
9.0,0.0,2.0,12.0,5.0,12.0,0
9.0,0.0,0.0,10.0,5.0,6.0,0
2.0,0.0,0.0,6.0,5.0,7.0,1
6.0,0.0,0.0,6.0,5.0,12.0,0
37.0,0.0,0.0,37.0,5.0,5.0,0
47.0,0.0,0.0,47.0,5.0,6.0,0
5.0,0.0,0.0,7.0,5.0,10.0,0
74.0,0.0,1.0,79.0,5.0,9.0,0
12.0,0.0,1.0,17.0,5.0,9.0,0
7.0,0.0,0.0,9.0,5.0,11.0,0
4.0,0.0,0.0,4.0,5.0,13.0,0
15.0,0.0,3.0,19.0,5.0,8.0,0
20.0,0.0,1.0,28.0,5.0,4.0,0
2.0,0.0,0.0,3.0,5.0,12.0,0
15.0,2.791049764,0.0,18.0,5.0,6.0,0
12.0,1.0620959925,0.0,15.0,5.0,2.0,1
4.0,0.0,0.0,6.0,5.0,2.0,0
151.0,0.29429781450000003,2.0,160.0,5.0,10.0,0
62.0,0.0,0.0,62.0,5.0,12.0,0
4.0,1.7674835080000002,0.0,4.0,5.0,7.0,1
2.0,0.0,0.0,2.0,5.0,8.0,0
22.0,0.0,0.0,23.0,5.0,4.0,0
28.0,0.0,0.0,31.0,5.0,5.0,0
19.0,0.0,0.0,19.0,5.0,6.0,0
14.0,0.0,0.0,14.0,5.0,12.0,0
3.0,0.0,0.0,5.0,5.0,6.0,0
32.0,4.190418892,0.0,32.0,5.0,4.0,1
12.0,0.0,0.0,12.0,5.0,2.0,0
47.0,0.0,0.0,48.0,5.0,4.0,0
84.0,0.0,0.0,86.0,5.0,12.0,0
6.0,0.0,0.0,6.0,5.0,12.0,0
106.0,0.198046936,0.0,109.0,5.0,8.0,1
3.0,0.0,0.0,3.0,5.0,6.0,0
4.0,0.0,0.0,9.0,5.0,4.0,0
45.0,5.88082966,0.0,47.0,5.0,7.0,1
49.0,1.234312306,0.0,50.0,5.0,12.0,0
38.0,0.0,0.0,42.0,5.0,11.0,0
7.0,1.440059808,0.0,7.0,5.0,8.0,1
23.0,0.0,0.0,24.0,5.0,8.0,0
30.0,0.609794205,0.0,36.0,5.0,4.0,1
5.0,0.0,0.0,7.0,5.0,10.0,0
80.0,0.4258610626,2.0,93.0,5.0,7.0,0
13.0,0.0,0.0,13.0,5.0,6.0,0
5.0,0.0,0.0,5.0,5.0,11.0,0
3.0,2.794989454,0.0,5.0,5.0,6.0,0
3.0,0.0,0.0,3.0,5.0,11.0,0
17.0,4.705180206,0.0,20.0,5.0,4.0,1
18.0,0.0,0.0,21.0,5.0,11.0,0
19.0,0.0,0.0,21.0,5.0,12.0,0
102.0,0.2107681771,2.0,114.0,5.0,6.0,0
120.0,0.19983712115000002,1.0,128.0,5.0,11.0,1
31.0,0.0,2.0,37.0,5.0,7.0,0
31.0,0.0,0.0,31.0,5.0,2.0,0
54.0,0.0,0.0,65.0,5.0,4.0,0
13.0,0.0,0.0,17.0,5.0,6.0,0
8.0,0.0,0.0,8.0,5.0,11.0,0
1.0,0.0,0.0,2.0,5.0,6.0,0
15.0,8.318677655,0.0,17.0,5.0,13.0,0
15.0,0.606801005,2.0,19.0,5.0,11.0,0
17.0,4.1966371445,0.0,17.0,5.0,7.0,1
24.0,0.0,0.0,27.0,5.0,12.0,0
11.0,0.0,0.0,12.0,5.0,2.0,1
9.0,0.0,0.0,9.0,5.0,2.0,0
16.0,1.7678159695000002,0.0,23.0,5.0,6.0,0
24.0,0.0,0.0,27.0,5.0,9.0,0
37.0,0.0,2.0,40.0,5.0,4.0,0
28.0,0.0,0.0,31.0,5.0,4.0,0
5.0,0.0,0.0,6.0,5.0,6.0,0
2.0,1.0739497375,0.0,2.0,5.0,5.0,1
6.0,6.24522929,0.0,6.0,5.0,2.0,1
27.0,0.0,0.0,27.0,5.0,12.0,0
97.0,0.0,1.0,99.0,5.0,11.0,0
274.0,0.0,1.0,276.0,5.0,4.0,0
4.0,0.0,0.0,7.0,5.0,10.0,0
22.0,0.0,0.0,24.0,5.0,7.0,0
6.0,0.5561025694999999,1.0,9.0,5.0,4.0,0
13.0,0.0,0.0,20.0,5.0,6.0,0
4.0,1.813070962,0.0,4.0,5.0,4.0,1
4.0,0.0,0.0,11.0,5.0,11.0,0
13.0,0.0,0.0,13.0,5.0,10.0,0
129.0,0.10847348805000001,0.0,135.0,5.0,4.0,1
33.0,0.0,0.0,36.0,5.0,6.0,0
221.0,0.26340950814999997,0.0,234.0,5.0,4.0,0
32.0,0.0,0.0,34.0,5.0,6.0,0
24.0,0.0,0.0,32.0,5.0,6.0,0
23.0,0.809865992,2.0,40.0,5.0,4.0,0
14.0,0.0,0.0,16.0,5.0,8.0,0
2.0,0.0,2.0,7.0,5.0,10.0,0
1.0,0.0,0.0,1.0,5.0,9.0,0
2.0,1.701998768,0.0,2.0,5.0,6.0,1
109.0,0.1935294021,1.0,121.0,5.0,4.0,0
7.0,0.0,0.0,7.0,5.0,4.0,0
52.0,0.0,1.0,54.0,5.0,6.0,0
1.0,0.0,0.0,1.0,5.0,5.0,0
12.0,0.0,0.0,14.0,5.0,8.0,0
240.0,1.031193538,0.0,249.0,5.0,4.0,1
19.0,0.0,0.0,21.0,5.0,4.0,0
3.0,0.5499509220000001,0.0,6.0,5.0,7.0,1
4.0,0.0,0.0,4.0,5.0,10.0,0
10.0,0.0,2.0,15.0,5.0,4.0,0
8.0,0.0,0.0,8.0,5.0,4.0,0
162.0,1.1180167205,2.0,170.0,5.0,6.0,0
90.0,0.5159654340000001,0.0,104.0,5.0,6.0,0
4.0,0.0,0.0,4.0,5.0,6.0,0
54.0,1.0870337365,1.0,62.0,5.0,10.0,1
53.0,2.6489209330000003,1.0,57.0,5.0,10.0,1
12.0,0.0,0.0,16.0,5.0,6.0,0
47.0,0.2203289081,1.0,50.0,5.0,2.0,0
28.0,0.0,0.0,29.0,5.0,3.0,0
19.0,0.0,0.0,19.0,5.0,8.0,0
26.0,0.0,0.0,33.0,5.0,2.0,0
19.0,0.0,0.0,19.0,5.0,8.0,0
36.0,0.0,0.0,38.0,5.0,9.0,0
8.0,0.0,0.0,8.0,5.0,10.0,0
7.0,0.0,0.0,9.0,5.0,3.0,0
33.0,0.0,2.0,49.0,5.0,6.0,0
110.0,0.7201528749999999,0.0,125.0,5.0,4.0,0
1.0,0.0,0.0,5.0,5.0,10.0,0
123.0,0.0,0.0,128.0,5.0,12.0,0
28.0,0.0,0.0,31.0,5.0,6.0,0
2.0,0.0,0.0,2.0,5.0,4.0,0
6.0,0.0,3.0,14.0,5.0,11.0,0
54.0,0.585158205,0.0,56.0,5.0,6.0,1
23.0,0.0,0.0,26.0,5.0,6.0,0
3.0,0.0,0.0,3.0,5.0,12.0,0
22.0,0.0,0.0,23.0,5.0,6.0,0
11.0,0.0,3.0,14.0,5.0,12.0,0
16.0,0.45815192115,3.0,22.0,5.0,10.0,0
20.0,0.0,0.0,33.0,5.0,4.0,0
6.0,1.107699566,0.0,6.0,5.0,2.0,1
11.0,0.0,0.0,21.0,5.0,8.0,0
83.0,0.5076265689999999,0.0,83.0,5.0,6.0,0
21.0,0.0,0.0,22.0,5.0,2.0,0
16.0,4.64520893,0.0,16.0,5.0,4.0,1
17.0,0.0,2.0,21.0,5.0,2.0,0
1.0,0.0,0.0,1.0,5.0,12.0,0
20.0,0.4887608297,0.0,21.0,5.0,2.0,0
17.0,0.0,0.0,20.0,5.0,10.0,0
32.0,0.0,1.0,35.0,5.0,10.0,0
130.0,0.0,2.0,135.0,5.0,7.0,0
8.0,0.0,0.0,10.0,5.0,6.0,0
53.0,0.0,0.0,63.0,5.0,2.0,0
5.0,0.0,2.0,7.0,5.0,11.0,0
18.0,0.0,0.0,18.0,5.0,10.0,0
16.0,0.0,0.0,16.0,5.0,8.0,0
59.0,0.0,0.0,61.0,5.0,9.0,0
20.0,0.0,0.0,27.0,5.0,4.0,0
135.0,0.0,0.0,135.0,5.0,6.0,0
5.0,0.41633640744999995,4.0,14.0,5.0,6.0,0
43.0,2.281672689,0.0,45.0,5.0,4.0,1
8.0,0.0,0.0,9.0,5.0,3.0,0
22.0,0.5393495899999999,0.0,22.0,5.0,8.0,1
3.0,0.0,0.0,3.0,5.0,6.0,0
46.0,0.3006335541,0.0,48.0,5.0,6.0,0
24.0,0.0,2.0,26.0,5.0,3.0,0
31.0,0.0,0.0,32.0,5.0,6.0,0
6.0,0.0,0.0,8.0,5.0,7.0,0
4.0,0.0,0.0,6.0,5.0,8.0,0
7.0,0.0,0.0,9.0,5.0,5.0,0
3.0,0.0,0.0,9.0,5.0,10.0,0
13.0,0.0,0.0,13.0,5.0,5.0,0
21.0,0.0,0.0,21.0,5.0,10.0,0
113.0,2.277635398,1.0,124.0,5.0,8.0,0
3.0,0.0,0.0,7.0,5.0,6.0,0
32.0,0.0,1.0,39.0,5.0,3.0,0
26.0,0.0,0.0,26.0,5.0,12.0,0
1.0,0.0,0.0,1.0,5.0,12.0,0
0.0,0.0,0.0,1.0,5.0,4.0,1
44.0,0.0,0.0,48.0,5.0,8.0,0
51.0,0.6006106285,0.0,51.0,5.0,5.0,1
17.0,0.0,0.0,22.0,5.0,8.0,0
39.0,0.0,0.0,44.0,5.0,6.0,0
27.0,0.0,0.0,28.0,5.0,10.0,0
115.0,0.664565793,0.0,120.0,5.0,9.0,1
7.0,0.0,0.0,9.0,5.0,8.0,0
73.0,12.92749366,0.0,74.0,5.0,6.0,1
60.0,0.0,0.0,65.0,5.0,9.0,0
42.0,0.1582845645,2.0,49.0,5.0,12.0,0
211.0,0.0,0.0,216.0,5.0,8.0,0
7.0,0.1635607315,0.0,7.0,5.0,6.0,0
42.0,0.0,0.0,42.0,5.0,8.0,0
30.0,0.0,0.0,35.0,5.0,4.0,0
68.0,0.0,0.0,72.0,5.0,12.0,0
15.0,0.0,0.0,17.0,5.0,2.0,0
2.0,0.0,0.0,2.0,5.0,4.0,0
87.0,0.0,0.0,90.0,5.0,6.0,0
13.0,0.0,0.0,14.0,5.0,4.0,0
227.0,0.00774106265,1.0,236.0,5.0,4.0,0
11.0,0.0,0.0,11.0,5.0,4.0,0
24.0,0.0,0.0,25.0,5.0,9.0,1
7.0,0.0,0.0,15.0,5.0,6.0,0
9.0,0.808614425,0.0,10.0,5.0,2.0,1
19.0,0.0,0.0,19.0,5.0,7.0,0
41.0,0.0,0.0,44.0,5.0,12.0,0
50.0,0.9098377870000001,0.0,60.0,5.0,6.0,0
36.0,0.5556919905,4.0,43.0,5.0,2.0,0
51.0,0.41695859925,3.0,68.0,5.0,3.0,1
18.0,0.0,0.0,18.0,5.0,12.0,0
18.0,0.0,0.0,18.0,5.0,10.0,0
37.0,0.0,0.0,46.0,5.0,6.0,0
17.0,0.0,0.0,20.0,5.0,6.0,0
9.0,0.0,0.0,12.0,5.0,3.0,0
86.0,0.0,0.0,86.0,5.0,8.0,0
2.0,0.0,0.0,4.0,5.0,6.0,0
36.0,0.0,0.0,41.0,5.0,6.0,0
5.0,0.0,0.0,5.0,5.0,11.0,0
23.0,0.547830987,0.0,23.0,5.0,6.0,1
45.0,0.0,0.0,49.0,5.0,10.0,0
6.0,0.0,2.0,8.0,5.0,11.0,0
42.0,0.0,0.0,42.0,5.0,4.0,0
9.0,0.0,2.0,13.0,5.0,4.0,0
9.0,3.5158175730000005,0.0,15.0,5.0,2.0,1
70.0,0.0,0.0,78.0,5.0,10.0,0
159.0,0.0,0.0,162.0,5.0,5.0,0
28.0,0.0,0.0,28.0,5.0,10.0,0
9.0,0.23801642325,0.0,10.0,5.0,10.0,1
44.0,0.860511284,0.0,47.0,5.0,10.0,0
3.0,0.0,3.0,11.0,5.0,6.0,0
44.0,0.0,1.0,51.0,5.0,4.0,0
46.0,0.0,0.0,51.0,5.0,12.0,0
115.0,0.0,0.0,117.0,5.0,4.0,0
12.0,0.0,1.0,22.0,5.0,4.0,0
24.0,0.0,0.0,24.0,5.0,4.0,0
7.0,0.0,1.0,9.0,5.0,4.0,0
162.0,0.8899063245000001,0.0,170.0,5.0,4.0,0
9.0,1.5109848185,0.0,10.0,5.0,6.0,1
24.0,0.0,2.0,34.0,5.0,6.0,0
10.0,0.0,0.0,12.0,5.0,2.0,0
4.0,0.0,0.0,4.0,5.0,12.0,0
168.0,0.5075321859999999,6.0,192.0,5.0,9.0,0
59.0,0.0,0.0,62.0,5.0,10.0,0
161.0,0.15520095695,3.0,172.0,5.0,10.0,0
10.0,0.0,0.0,11.0,5.0,4.0,0
18.0,0.4305610712,3.0,23.0,5.0,12.0,0
28.0,0.0,0.0,28.0,5.0,2.0,0
107.0,0.2933124454,2.0,118.0,5.0,12.0,0
11.0,0.0,0.0,13.0,5.0,7.0,0
26.0,0.0,0.0,26.0,5.0,10.0,0
2.0,0.0,0.0,5.0,5.0,6.0,0
8.0,0.0,0.0,8.0,5.0,8.0,0
31.0,0.0,0.0,31.0,5.0,7.0,0
37.0,4.3626981465,0.0,53.0,5.0,2.0,1
55.0,2.2855731275,0.0,55.0,5.0,8.0,1
5.0,2.5181737025,0.0,5.0,5.0,10.0,1
93.0,0.00696003115,2.0,95.0,5.0,10.0,1
20.0,5.210061365,0.0,20.0,5.0,6.0,1
14.0,0.0,4.0,20.0,5.0,6.0,0
50.0,0.6062934425,3.0,63.0,5.0,9.0,1
30.0,0.0,0.0,30.0,5.0,10.0,0
16.0,0.0,0.0,18.0,5.0,5.0,0
42.0,0.0,0.0,43.0,5.0,4.0,0
6.0,1.482940186,0.0,7.0,5.0,4.0,0
15.0,0.0,0.0,15.0,5.0,2.0,0
34.0,0.0,0.0,41.0,5.0,6.0,0
16.0,0.9151027879999999,0.0,16.0,5.0,6.0,1
33.0,0.0,1.0,39.0,5.0,2.0,0
16.0,0.0,0.0,16.0,5.0,4.0,0
4.0,0.0,0.0,6.0,5.0,6.0,0
1.0,0.0,0.0,1.0,5.0,11.0,0
2.0,0.0,0.0,9.0,5.0,6.0,0
3.0,0.0,0.0,3.0,5.0,6.0,0
18.0,0.0,0.0,23.0,5.0,8.0,0
22.0,0.0,0.0,22.0,5.0,3.0,0
26.0,0.14062370255,2.0,30.0,5.0,8.0,0
3.0,0.0,0.0,3.0,5.0,4.0,0
28.0,0.0,0.0,28.0,5.0,4.0,0
72.0,0.3903169239,0.0,79.0,5.0,6.0,0
27.0,0.0,0.0,29.0,5.0,3.0,0
21.0,0.0,2.0,38.0,5.0,4.0,0
44.0,0.28606825495,5.0,54.0,5.0,2.0,1
1.0,0.0,0.0,3.0,5.0,5.0,0
9.0,0.0,0.0,9.0,5.0,11.0,0
67.0,0.0192360143,0.0,75.0,5.0,6.0,0
2.0,5.69646717,0.0,6.0,5.0,6.0,1
22.0,0.1793318224,0.0,24.0,5.0,7.0,1
29.0,0.07418731735,3.0,45.0,5.0,9.0,0
20.0,0.0,0.0,20.0,5.0,2.0,0
3.0,0.0,0.0,9.0,5.0,9.0,0
77.0,0.9374300825,0.0,78.0,5.0,6.0,1
15.0,0.0,0.0,15.0,5.0,2.0,0
15.0,0.0,0.0,15.0,5.0,10.0,0
41.0,0.0,0.0,41.0,5.0,12.0,0
140.0,0.0,0.0,145.0,5.0,7.0,0
29.0,0.0,0.0,29.0,5.0,10.0,0
1.0,0.0,0.0,4.0,5.0,10.0,0
17.0,0.0,1.0,18.0,5.0,12.0,0
17.0,1.3915580735000002,0.0,19.0,5.0,6.0,1
2.0,0.0,0.0,2.0,5.0,5.0,0
15.0,0.0,0.0,15.0,5.0,8.0,0
34.0,0.0,0.0,43.0,5.0,2.0,0
40.0,0.0,0.0,40.0,5.0,9.0,0
22.0,0.9043224325000001,0.0,26.0,5.0,10.0,1
35.0,0.0,0.0,37.0,5.0,2.0,0
23.0,0.0,2.0,27.0,5.0,10.0,0
42.0,0.9251608525,4.0,53.0,5.0,10.0,1
4.0,0.0,0.0,6.0,5.0,6.0,1
13.0,0.0,0.0,13.0,5.0,4.0,0
1.0,0.0,0.0,1.0,5.0,13.0,0
21.0,0.0,0.0,26.0,5.0,6.0,0
57.0,0.19005242035,7.0,71.0,5.0,7.0,0
24.0,2.217986281,1.0,28.0,5.0,12.0,1
9.0,0.0,0.0,10.0,5.0,2.0,0
429.0,0.1729692118,1.0,449.0,5.0,6.0,0
39.0,0.0,0.0,43.0,5.0,2.0,0
65.0,0.0,1.0,66.0,5.0,5.0,0
54.0,0.0,0.0,54.0,5.0,10.0,0
13.0,0.0,1.0,17.0,5.0,2.0,0
3.0,5.66619307,0.0,4.0,5.0,5.0,1
63.0,0.0649116087,0.0,66.0,5.0,8.0,0
44.0,0.4775313699,1.0,45.0,5.0,6.0,0
16.0,0.0,0.0,17.0,5.0,9.0,0
22.0,0.5396254414999999,0.0,23.0,5.0,10.0,1
686.0,0.0075325248999999995,7.0,713.0,5.0,8.0,0
27.0,1.7614186135,5.0,35.0,5.0,4.0,0
16.0,0.0,0.0,19.0,5.0,5.0,0
28.0,1.87737082,0.0,34.0,5.0,2.0,0
11.0,0.0,0.0,14.0,5.0,10.0,0
136.0,0.10225686945000001,4.0,152.0,5.0,4.0,0
1.0,0.0,0.0,1.0,5.0,10.0,0
37.0,0.0,0.0,55.0,5.0,2.0,0
6.0,0.0,0.0,7.0,5.0,10.0,1
13.0,0.0,0.0,23.0,5.0,6.0,0
2.0,2.013907622,0.0,4.0,5.0,6.0,1
92.0,0.0,0.0,93.0,5.0,10.0,0
8.0,0.0,0.0,10.0,5.0,8.0,0
62.0,0.0,1.0,63.0,5.0,8.0,0
43.0,0.0,2.0,45.0,5.0,2.0,0
6.0,2.2446729685,0.0,8.0,5.0,4.0,1
1.0,0.0,0.0,1.0,5.0,4.0,1
14.0,0.0,0.0,14.0,5.0,8.0,0
4.0,0.0,0.0,4.0,5.0,10.0,0
39.0,0.0,0.0,42.0,5.0,8.0,0
4.0,0.0,0.0,4.0,5.0,5.0,0
91.0,0.0,0.0,91.0,5.0,10.0,0
47.0,0.0,0.0,53.0,5.0,8.0,0
24.0,3.0958960314999997,0.0,28.0,5.0,8.0,1
120.0,0.29576714585,1.0,127.0,5.0,8.0,0
9.0,0.0,1.0,14.0,5.0,4.0,0
39.0,1.3205109780000002,2.0,43.0,5.0,4.0,0
72.0,0.09459717425,1.0,77.0,5.0,8.0,1
16.0,0.0,2.0,21.0,5.0,8.0,0
77.0,0.2646007091,0.0,89.0,5.0,12.0,0
27.0,0.0,1.0,32.0,5.0,8.0,0
30.0,0.0,2.0,38.0,5.0,12.0,0
71.0,0.0,0.0,71.0,5.0,13.0,0
7.0,0.0,0.0,7.0,5.0,2.0,0
1.0,0.0,0.0,1.0,5.0,8.0,0
53.0,0.6890754109999999,1.0,61.0,5.0,2.0,0
17.0,0.9435728794999999,0.0,17.0,5.0,8.0,1
25.0,0.0,0.0,25.0,5.0,9.0,0
15.0,0.0,0.0,18.0,5.0,2.0,0
39.0,0.0,0.0,39.0,5.0,2.0,0
27.0,0.0,0.0,34.0,5.0,7.0,0
12.0,0.0,0.0,17.0,5.0,12.0,0
31.0,1.557048949,3.0,41.0,5.0,4.0,0
89.0,0.0,0.0,99.0,5.0,10.0,0
39.0,7.704776945000001,2.0,41.0,5.0,6.0,1
38.0,0.0,0.0,40.0,5.0,8.0,0
4.0,0.0,2.0,8.0,5.0,2.0,0
14.0,0.0,0.0,14.0,5.0,12.0,0
22.0,0.7463920455,0.0,23.0,5.0,2.0,0
84.0,0.0,2.0,88.0,5.0,6.0,0
12.0,0.0,1.0,17.0,5.0,2.0,0
28.0,0.0,0.0,28.0,5.0,10.0,0
18.0,1.14886428,0.0,19.0,5.0,2.0,1
34.0,0.0,0.0,35.0,5.0,2.0,0
53.0,1.228674803,0.0,53.0,5.0,10.0,1
10.0,0.0,0.0,14.0,5.0,6.0,0
11.0,0.0,0.0,14.0,5.0,9.0,0
167.0,0.0,0.0,176.0,5.0,10.0,0
27.0,1.485748007,3.0,34.0,5.0,2.0,0
1.0,0.0,0.0,1.0,5.0,12.0,0
87.0,0.0,0.0,92.0,5.0,12.0,0
8.0,0.0,5.0,13.0,5.0,8.0,1
20.0,0.0,0.0,20.0,5.0,6.0,0
18.0,0.0,0.0,18.0,5.0,4.0,0
47.0,0.8074436365000001,0.0,53.0,5.0,4.0,0
31.0,0.0,4.0,40.0,5.0,4.0,0
47.0,0.0,0.0,49.0,5.0,4.0,0
30.0,3.3591891824999998,0.0,31.0,5.0,2.0,1
130.0,0.0,0.0,134.0,5.0,6.0,0
18.0,1.0044511955000002,0.0,21.0,5.0,2.0,1
17.0,0.0,1.0,19.0,5.0,8.0,0
1.0,0.0,0.0,1.0,5.0,8.0,0
92.0,0.0,2.0,98.0,5.0,9.0,0
85.0,1.7229717745,14.0,111.0,5.0,3.0,0
1.0,0.0,0.0,1.0,5.0,10.0,0
28.0,0.0,0.0,29.0,5.0,3.0,0
4.0,1.572181568,0.0,9.0,5.0,4.0,1
11.0,0.0,0.0,12.0,5.0,12.0,0
98.0,0.0,0.0,99.0,5.0,12.0,0
9.0,0.0,2.0,15.0,5.0,5.0,0
20.0,0.0,0.0,28.0,5.0,4.0,0
17.0,0.0,0.0,29.0,5.0,6.0,0
23.0,0.0,0.0,25.0,5.0,8.0,0
18.0,0.0,0.0,21.0,5.0,4.0,1
9.0,2.7949894535,0.0,9.0,5.0,10.0,1
41.0,0.5129754785,2.0,45.0,5.0,4.0,0
149.0,0.0,1.0,163.0,5.0,2.0,0
17.0,0.0,0.0,26.0,5.0,6.0,0
7.0,0.0,0.0,14.0,5.0,4.0,0
4.0,0.0,0.0,7.0,5.0,5.0,0
32.0,0.0,0.0,32.0,5.0,12.0,0
5.0,0.0,0.0,6.0,5.0,6.0,0
88.0,0.0,0.0,94.0,5.0,13.0,0
67.0,0.0341456145,0.0,74.0,5.0,12.0,0
7.0,0.0,0.0,17.0,5.0,2.0,0
102.0,0.5715904175000001,7.0,112.0,5.0,6.0,0
21.0,1.171135808,0.0,29.0,5.0,10.0,0
22.0,1.276650195,0.0,32.0,5.0,4.0,0
7.0,0.0,0.0,8.0,5.0,2.0,0
5.0,0.9753028535,0.0,5.0,5.0,8.0,1
8.0,0.0,0.0,8.0,5.0,12.0,0
10.0,0.0,1.0,15.0,5.0,2.0,0
27.0,0.45643037555,0.0,32.0,5.0,4.0,0
518.0,0.0,0.0,526.0,5.0,4.0,0
4.0,0.0,0.0,7.0,5.0,6.0,0
23.0,0.41713779435,0.0,26.0,5.0,10.0,0
18.0,3.7814974739999996,0.0,19.0,5.0,8.0,1
26.0,0.0,0.0,39.0,5.0,6.0,0
6.0,0.0,0.0,11.0,5.0,2.0,0
101.0,1.5436136084999998,2.0,113.0,5.0,7.0,1
13.0,0.0,2.0,17.0,5.0,4.0,0
2.0,0.0,0.0,2.0,5.0,5.0,0
55.0,0.0,0.0,55.0,5.0,9.0,0
256.0,0.0,2.0,262.0,5.0,2.0,0
13.0,0.0,2.0,17.0,5.0,10.0,0
2.0,5.62070636,0.0,5.0,5.0,4.0,1
25.0,0.0,0.0,26.0,5.0,8.0,0
1.0,0.0,0.0,2.0,5.0,4.0,0
29.0,0.0,0.0,43.0,5.0,4.0,0
62.0,0.0,0.0,67.0,5.0,8.0,0
40.0,0.11606320395,0.0,43.0,5.0,8.0,0
16.0,0.0,0.0,18.0,5.0,5.0,0
2.0,0.0,0.0,3.0,5.0,8.0,1
44.0,1.2418593279999999,0.0,45.0,5.0,12.0,1
13.0,0.0,0.0,13.0,5.0,10.0,0
52.0,0.8876336185,3.0,65.0,5.0,13.0,1
1.0,0.0,0.0,1.0,5.0,7.0,0
32.0,0.0,2.0,37.0,5.0,5.0,0
33.0,8.88857268,1.0,34.0,5.0,2.0,1
5.0,0.0,0.0,5.0,5.0,8.0,0
11.0,0.0,0.0,11.0,5.0,4.0,0
4.0,0.0,0.0,10.0,5.0,2.0,0
3.0,4.648812072,0.0,4.0,5.0,5.0,1
47.0,0.0,1.0,52.0,5.0,9.0,0
10.0,0.0,0.0,10.0,5.0,10.0,0
258.0,0.0,0.0,258.0,5.0,12.0,0
255.0,0.03426678995,0.0,268.0,5.0,12.0,0
30.0,1.057008202,0.0,30.0,5.0,6.0,0
8.0,0.0,1.0,14.0,5.0,2.0,0
29.0,0.3682545155,0.0,30.0,5.0,8.0,1
111.0,0.02235193315,3.0,133.0,5.0,10.0,0
23.0,0.7669335105,3.0,26.0,5.0,8.0,0
11.0,0.0,0.0,12.0,5.0,10.0,0
8.0,0.0,0.0,8.0,5.0,10.0,0
7.0,0.0,1.0,9.0,5.0,8.0,0
6.0,0.0,0.0,7.0,5.0,3.0,0
1.0,0.0,0.0,1.0,5.0,10.0,0
67.0,1.11465953,0.0,78.0,5.0,8.0,0
45.0,0.0,0.0,45.0,5.0,10.0,0
27.0,1.17752197,2.0,40.0,5.0,4.0,0
95.0,0.0,2.0,100.0,5.0,4.0,0
23.0,0.0,0.0,24.0,5.0,10.0,0
84.0,0.0,2.0,87.0,5.0,6.0,0
23.0,0.0,2.0,25.0,5.0,12.0,0
56.0,0.21825906465,4.0,69.0,5.0,12.0,0
10.0,0.0,0.0,10.0,5.0,8.0,0
10.0,3.035643584,1.0,11.0,5.0,6.0,1
12.0,0.0,0.0,15.0,5.0,2.0,0
30.0,1.255575442,0.0,35.0,5.0,2.0,0
12.0,0.0,0.0,16.0,5.0,6.0,0
7.0,0.0,0.0,11.0,5.0,5.0,0
72.0,0.21433718289999998,1.0,74.0,5.0,12.0,0
11.0,0.5810317620000001,0.0,13.0,5.0,5.0,0
24.0,0.0,0.0,24.0,5.0,12.0,0
49.0,0.0,2.0,59.0,5.0,12.0,0
8.0,0.607856703,0.0,14.0,5.0,6.0,0
10.0,0.0,0.0,14.0,5.0,10.0,0
43.0,0.0,1.0,44.0,5.0,12.0,0
27.0,0.6382450934999999,4.0,42.0,5.0,4.0,1
18.0,0.0,0.0,18.0,5.0,6.0,0
10.0,0.0,4.0,19.0,5.0,2.0,0
59.0,0.0,0.0,63.0,5.0,10.0,0
1.0,0.0,0.0,1.0,5.0,12.0,0
15.0,0.0,0.0,15.0,5.0,12.0,0
97.0,1.2108801379999998,0.0,98.0,5.0,10.0,0
5.0,0.0,0.0,5.0,5.0,12.0,0
85.0,0.0429180728,3.0,91.0,5.0,8.0,0
28.0,0.0,0.0,32.0,5.0,3.0,0
198.0,0.0,1.0,207.0,5.0,10.0,0
12.0,0.25172046254999997,0.0,17.0,5.0,6.0,1
33.0,0.0,0.0,36.0,5.0,9.0,0
20.0,0.0,0.0,20.0,5.0,9.0,0
46.0,0.0,0.0,48.0,5.0,2.0,0
2.0,0.0,0.0,2.0,5.0,8.0,0
86.0,0.28296356089999997,4.0,101.0,5.0,2.0,0
26.0,0.5297765605,1.0,37.0,5.0,8.0,0
80.0,0.0,3.0,97.0,5.0,4.0,0
27.0,0.0,0.0,35.0,5.0,6.0,0
8.0,0.0,0.0,10.0,5.0,8.0,1
41.0,0.2645131263,0.0,47.0,5.0,10.0,0
53.0,0.0,0.0,53.0,5.0,11.0,0
34.0,0.896491689,0.0,35.0,5.0,5.0,0
81.0,0.0,0.0,85.0,5.0,6.0,0
12.0,1.8930836979999999,0.0,20.0,5.0,2.0,1
8.0,0.23915362899999998,0.0,11.0,5.0,5.0,1
9.0,0.0,0.0,9.0,5.0,13.0,0
8.0,0.7725990385,0.0,9.0,5.0,6.0,1
14.0,0.0,0.0,15.0,5.0,2.0,0
16.0,0.8189890995000001,1.0,26.0,5.0,4.0,0
86.0,0.0,0.0,91.0,5.0,5.0,0
19.0,0.0,0.0,23.0,5.0,3.0,0
125.0,0.2806854146,4.0,136.0,5.0,8.0,0
53.0,0.0,2.0,61.0,5.0,8.0,0
6.0,0.7947400769999999,0.0,7.0,5.0,11.0,1
2.0,0.0,0.0,5.0,5.0,6.0,0
45.0,0.0,0.0,50.0,5.0,10.0,0
2.0,0.0,0.0,5.0,5.0,6.0,1
69.0,0.0,0.0,80.0,5.0,10.0,0
17.0,1.7945703775,0.0,25.0,5.0,8.0,1
57.0,0.654597974,0.0,66.0,5.0,4.0,0
30.0,0.3464913159,0.0,34.0,5.0,2.0,1
14.0,2.52055802,0.0,14.0,5.0,8.0,1
6.0,0.0,0.0,7.0,5.0,5.0,0
12.0,0.0,0.0,23.0,5.0,8.0,0
68.0,0.9213702935000001,1.0,83.0,5.0,8.0,0
10.0,3.090421798,1.0,11.0,5.0,2.0,1
67.0,0.20005867725,1.0,70.0,5.0,8.0,1
2.0,0.0,0.0,3.0,5.0,8.0,0
6.0,0.0,0.0,9.0,5.0,4.0,0
24.0,0.8811055735,0.0,25.0,5.0,3.0,1
10.0,0.0,0.0,14.0,5.0,4.0,0
75.0,0.0,5.0,97.0,5.0,10.0,0
23.0,0.4676390024,3.0,31.0,5.0,4.0,1
4.0,0.0,0.0,5.0,5.0,8.0,0
11.0,0.0,2.0,13.0,5.0,12.0,0
7.0,0.0,1.0,9.0,5.0,5.0,0
91.0,1.6808938245,0.0,92.0,5.0,6.0,0
7.0,0.0,0.0,14.0,5.0,2.0,0
70.0,0.0,0.0,72.0,5.0,10.0,0
34.0,0.0,0.0,35.0,5.0,4.0,0
37.0,0.23415379805,2.0,42.0,5.0,5.0,0
15.0,0.0,1.0,18.0,5.0,7.0,0
8.0,0.0,0.0,8.0,5.0,12.0,0
11.0,0.0,0.0,12.0,5.0,10.0,0
80.0,0.028989287250000002,0.0,86.0,5.0,4.0,0
27.0,0.0,0.0,30.0,5.0,2.0,0
15.0,0.0,0.0,15.0,5.0,8.0,0
57.0,0.522988501,2.0,70.0,5.0,4.0,0
15.0,1.006953811,0.0,15.0,5.0,2.0,0
4.0,0.0,0.0,4.0,5.0,8.0,0
37.0,0.31622385415,2.0,42.0,5.0,9.0,1
10.0,0.0,0.0,14.0,5.0,10.0,0
39.0,0.0,0.0,39.0,5.0,6.0,0
15.0,0.0,0.0,20.0,5.0,5.0,0
48.0,0.830605871,0.0,48.0,5.0,8.0,0
1.0,0.0,0.0,1.0,5.0,12.0,0
88.0,0.07176120055,1.0,93.0,5.0,4.0,0
64.0,0.0,0.0,64.0,5.0,10.0,0
10.0,0.0,0.0,12.0,5.0,6.0,0
15.0,0.0,0.0,25.0,5.0,2.0,0
95.0,0.0,1.0,101.0,5.0,10.0,0
0.0,0.0,0.0,1.0,5.0,4.0,0
168.0,0.5858733805,5.0,187.0,5.0,10.0,0
19.0,0.0,0.0,23.0,5.0,9.0,0
21.0,0.0,0.0,24.0,5.0,6.0,0
35.0,0.606128875,0.0,43.0,5.0,4.0,1
14.0,2.366330662,0.0,14.0,5.0,4.0,1
133.0,1.1487537935,2.0,148.0,5.0,12.0,0
10.0,0.0,0.0,23.0,5.0,5.0,1
37.0,0.0,0.0,37.0,5.0,10.0,0
14.0,0.0,0.0,19.0,5.0,6.0,0
41.0,2.43940344,0.0,42.0,5.0,10.0,1
37.0,0.0,0.0,37.0,5.0,4.0,0
3.0,0.0,0.0,3.0,5.0,13.0,0
63.0,0.0,2.0,73.0,5.0,2.0,0
26.0,2.6943912205,0.0,29.0,5.0,2.0,1
19.0,0.0,0.0,28.0,5.0,4.0,0
17.0,0.0,0.0,21.0,5.0,10.0,0
60.0,0.0,0.0,60.0,5.0,8.0,0
14.0,0.868126162,0.0,14.0,5.0,6.0,1
9.0,0.0,0.0,13.0,5.0,2.0,0
7.0,8.96536465,0.0,7.0,5.0,3.0,1
160.0,0.47267245324999996,3.0,167.0,5.0,8.0,0
23.0,0.0,0.0,32.0,5.0,8.0,0
17.0,0.0,4.0,27.0,5.0,13.0,0
103.0,0.36122095660000003,0.0,119.0,5.0,5.0,0
11.0,0.0,0.0,14.0,5.0,4.0,0
87.0,0.0,7.0,98.0,5.0,6.0,0
3.0,0.0,1.0,7.0,5.0,7.0,0
21.0,0.0,0.0,24.0,5.0,6.0,0
69.0,0.0,1.0,71.0,5.0,4.0,0
2.0,0.0,0.0,5.0,5.0,7.0,0
27.0,0.0,0.0,29.0,5.0,10.0,0
42.0,0.0,0.0,44.0,5.0,2.0,0
39.0,3.4160250294999996,0.0,40.0,5.0,8.0,1
79.0,0.26648718135,0.0,92.0,5.0,4.0,0
28.0,0.0,0.0,29.0,5.0,3.0,0
22.0,0.0,0.0,28.0,5.0,10.0,0
29.0,0.0,2.0,35.0,5.0,8.0,1
26.0,0.0,0.0,27.0,5.0,11.0,0
13.0,3.4376130359999997,2.0,15.0,5.0,7.0,0
3.0,0.0,0.0,3.0,5.0,6.0,0
12.0,0.0,0.0,12.0,5.0,10.0,0
7.0,1.0636358915000002,0.0,7.0,5.0,10.0,1
17.0,0.0,0.0,17.0,5.0,12.0,0
54.0,0.848442747,2.0,65.0,5.0,8.0,0
39.0,0.0,0.0,39.0,5.0,12.0,0
2.0,0.0,0.0,4.0,5.0,2.0,1
7.0,0.0,0.0,11.0,5.0,8.0,0
7.0,0.0,0.0,10.0,5.0,6.0,0
6.0,0.0,0.0,7.0,5.0,10.0,0
5.0,0.0,0.0,7.0,5.0,9.0,0
63.0,0.0,0.0,63.0,5.0,10.0,0
13.0,0.0,2.0,17.0,5.0,9.0,0
27.0,0.0,0.0,27.0,5.0,12.0,0
25.0,0.0,0.0,32.0,5.0,4.0,0
3.0,0.0,0.0,3.0,5.0,13.0,0
5.0,0.0,0.0,8.0,5.0,4.0,0
358.0,0.0,0.0,371.0,5.0,12.0,0
28.0,0.0,1.0,30.0,5.0,11.0,1
1.0,0.0,0.0,1.0,5.0,8.0,0
25.0,0.0,0.0,30.0,5.0,6.0,0
5.0,0.0,0.0,8.0,5.0,4.0,0
91.0,0.6918958885000001,4.0,98.0,5.0,10.0,0
213.0,0.1284241947,5.0,228.0,5.0,4.0,1
8.0,0.0,2.0,14.0,5.0,12.0,0
4.0,0.0,0.0,4.0,5.0,2.0,0
5.0,0.0,0.0,5.0,5.0,4.0,0
26.0,0.0,0.0,26.0,5.0,10.0,0
6.0,0.0,1.0,12.0,5.0,5.0,0
8.0,0.0,0.0,9.0,5.0,6.0,0
2.0,0.0,0.0,2.0,5.0,4.0,0
3.0,0.0,0.0,6.0,5.0,8.0,0
39.0,5.622031059999999,1.0,50.0,5.0,6.0,0
19.0,0.0,0.0,19.0,5.0,8.0,0
55.0,0.0,0.0,58.0,5.0,10.0,0
12.0,0.0,5.0,22.0,5.0,8.0,0
27.0,0.502595126,0.0,34.0,5.0,4.0,1
27.0,0.0,0.0,27.0,5.0,12.0,0
72.0,0.048790163399999996,0.0,77.0,5.0,4.0,0
19.0,0.0,0.0,19.0,5.0,10.0,0
44.0,0.0,2.0,50.0,5.0,4.0,0
1.0,0.0,0.0,1.0,5.0,9.0,0
30.0,0.0,0.0,31.0,5.0,4.0,0
42.0,2.2368052055,0.0,44.0,5.0,5.0,1
7.0,0.0,0.0,7.0,5.0,6.0,0
43.0,0.7463989055,0.0,53.0,5.0,4.0,0
33.0,0.0,0.0,33.0,5.0,2.0,0
16.0,0.0,0.0,18.0,5.0,5.0,0
31.0,0.0,1.0,40.0,5.0,8.0,0
66.0,0.806735005,0.0,67.0,5.0,11.0,0
43.0,0.0,0.0,43.0,5.0,11.0,0
27.0,3.9756513335,0.0,29.0,5.0,5.0,1
12.0,0.0,1.0,15.0,5.0,5.0,0
5.0,0.0,0.0,6.0,5.0,4.0,0
2.0,0.0,0.0,4.0,5.0,4.0,0
25.0,0.0,3.0,36.0,5.0,4.0,0
18.0,0.0,0.0,18.0,5.0,8.0,0
16.0,0.0,0.0,19.0,5.0,5.0,0
6.0,0.0,0.0,8.0,5.0,2.0,0
23.0,0.0,0.0,23.0,5.0,12.0,0
58.0,0.0908175105,0.0,58.0,5.0,6.0,0
90.0,4.315517133,0.0,103.0,5.0,8.0,0
10.0,0.0,0.0,11.0,5.0,10.0,0
5.0,0.560665233,0.0,10.0,5.0,4.0,1
191.0,0.0,9.0,211.0,5.0,9.0,0
3.0,0.0,0.0,7.0,5.0,4.0,0
7.0,0.0,0.0,10.0,5.0,2.0,0
26.0,0.0,0.0,26.0,5.0,10.0,0
3.0,0.0,0.0,3.0,5.0,11.0,0
16.0,0.0,0.0,18.0,5.0,10.0,0
68.0,0.0,2.0,81.0,5.0,6.0,1
14.0,0.0,0.0,14.0,5.0,11.0,0
18.0,0.0,2.0,23.0,5.0,7.0,0
10.0,0.0,0.0,13.0,5.0,6.0,0
26.0,0.0,0.0,27.0,5.0,5.0,0
47.0,0.0,0.0,47.0,5.0,3.0,0
7.0,0.0,0.0,7.0,5.0,6.0,0
10.0,0.714314872,0.0,12.0,5.0,7.0,0
33.0,0.0,1.0,45.0,5.0,9.0,0
23.0,0.0,3.0,27.0,5.0,6.0,0
31.0,0.0,0.0,37.0,5.0,4.0,0
2.0,0.0,2.0,6.0,5.0,5.0,0
29.0,3.495719613,1.0,33.0,5.0,2.0,0
27.0,0.0,0.0,30.0,5.0,6.0,0
37.0,0.0,0.0,45.0,5.0,10.0,0
10.0,0.864838188,0.0,10.0,5.0,5.0,1
29.0,0.3956729385,0.0,34.0,5.0,2.0,0
8.0,0.0,0.0,8.0,5.0,4.0,0
282.0,0.11976415675,0.0,292.0,5.0,6.0,0
128.0,0.0,0.0,128.0,5.0,10.0,0
7.0,0.0,4.0,20.0,5.0,13.0,0
27.0,0.0,0.0,29.0,5.0,11.0,0
9.0,0.0,0.0,11.0,5.0,7.0,0
71.0,0.0,0.0,72.0,5.0,6.0,0
16.0,1.144986099,0.0,21.0,5.0,2.0,1
22.0,0.0,0.0,22.0,5.0,5.0,0
3.0,0.0,0.0,5.0,5.0,8.0,0
12.0,0.0,0.0,14.0,5.0,8.0,0
193.0,0.49180903765000006,2.0,211.0,5.0,12.0,0
13.0,0.0,2.0,16.0,5.0,5.0,0
64.0,0.0,0.0,64.0,5.0,6.0,0
22.0,0.0,0.0,22.0,5.0,12.0,0
26.0,0.0,0.0,26.0,5.0,8.0,0
3.0,0.0,0.0,3.0,5.0,10.0,0
39.0,0.0,2.0,46.0,5.0,6.0,0
36.0,4.3653479215,0.0,46.0,5.0,8.0,1
26.0,0.0,0.0,28.0,5.0,3.0,0
12.0,4.1550571320000005,0.0,16.0,5.0,3.0,1
2.0,1.3426050815,0.0,2.0,5.0,4.0,1
54.0,0.4142559683,0.0,54.0,5.0,5.0,1
22.0,2.114653376,0.0,22.0,5.0,2.0,1
52.0,0.4026248089,4.0,64.0,5.0,10.0,0
21.0,0.0,1.0,29.0,5.0,5.0,0
18.0,0.0,0.0,21.0,5.0,4.0,0
122.0,0.8547643199999999,0.0,125.0,5.0,8.0,1
76.0,0.0,1.0,83.0,5.0,8.0,0
45.0,0.0,2.0,55.0,5.0,6.0,0
45.0,0.5096475825,0.0,50.0,5.0,3.0,1
10.0,0.0,2.0,14.0,5.0,4.0,0
111.0,0.0,2.0,118.0,5.0,8.0,0
17.0,0.0,0.0,17.0,5.0,8.0,0
3.0,0.0,0.0,7.0,5.0,5.0,0
13.0,1.8351846555000002,0.0,15.0,5.0,4.0,1
45.0,1.620886682,5.0,50.0,5.0,4.0,1
62.0,0.635683962,0.0,62.0,5.0,6.0,0
30.0,0.0,0.0,31.0,5.0,8.0,0
17.0,0.0,0.0,20.0,5.0,2.0,0
28.0,0.0,0.0,28.0,5.0,8.0,0
22.0,0.4026115761,1.0,29.0,5.0,2.0,0
2.0,0.0,0.0,2.0,5.0,9.0,0
74.0,0.020411906599999998,0.0,74.0,5.0,2.0,0
40.0,0.6745236185000001,3.0,51.0,5.0,3.0,1
52.0,0.0,0.0,52.0,5.0,6.0,0
37.0,0.683154235,0.0,37.0,5.0,6.0,0
45.0,0.0,0.0,47.0,5.0,8.0,0
8.0,0.0,0.0,12.0,5.0,6.0,0
54.0,0.0,0.0,54.0,5.0,8.0,0
10.0,0.0,0.0,12.0,5.0,2.0,0
17.0,0.0,0.0,23.0,5.0,4.0,0
37.0,0.0,1.0,43.0,5.0,4.0,0
13.0,0.0,0.0,21.0,5.0,10.0,0
57.0,0.0,0.0,57.0,5.0,10.0,0
20.0,0.0,0.0,21.0,5.0,2.0,0
9.0,0.0,0.0,13.0,5.0,7.0,0
26.0,0.0,0.0,28.0,5.0,8.0,0
30.0,0.0,0.0,30.0,5.0,10.0,0
123.0,0.09762766939999999,1.0,134.0,5.0,12.0,0
74.0,0.0,2.0,80.0,5.0,8.0,0
14.0,0.0,0.0,15.0,5.0,8.0,0
35.0,0.0,2.0,40.0,5.0,4.0,0
22.0,0.0,0.0,22.0,5.0,8.0,0
29.0,0.0,0.0,31.0,5.0,6.0,0
12.0,0.0,0.0,15.0,5.0,4.0,0
85.0,0.0,0.0,92.0,5.0,4.0,0
39.0,0.0,0.0,49.0,5.0,2.0,0
33.0,0.0,2.0,41.0,5.0,6.0,0
13.0,4.1010718,0.0,14.0,5.0,4.0,1
47.0,0.0,0.0,47.0,5.0,10.0,0
71.0,0.0,0.0,72.0,5.0,2.0,0
32.0,0.0,2.0,49.0,5.0,9.0,0
18.0,0.4771257853,0.0,24.0,5.0,6.0,0
3.0,0.0,0.0,7.0,5.0,2.0,0
12.0,0.0,0.0,12.0,5.0,10.0,0
4.0,0.0,0.0,5.0,5.0,4.0,1
28.0,0.2409473667,0.0,29.0,5.0,4.0,1
120.0,1.670586892,1.0,130.0,5.0,10.0,1
1.0,0.0,0.0,1.0,5.0,6.0,0
20.0,1.586040406,2.0,25.0,5.0,2.0,1
79.0,0.0,0.0,84.0,5.0,5.0,0
4.0,0.0,2.0,11.0,5.0,6.0,0
155.0,0.0,1.0,163.0,5.0,10.0,0
54.0,0.0,0.0,60.0,5.0,4.0,0
27.0,0.557834464,0.0,34.0,5.0,10.0,0
32.0,0.0,0.0,33.0,5.0,8.0,0
38.0,0.0,0.0,43.0,5.0,2.0,0
62.0,0.0,0.0,64.0,5.0,4.0,0
1.0,0.0,0.0,1.0,5.0,12.0,0
23.0,0.0,0.0,28.0,5.0,2.0,0
4.0,0.0,0.0,7.0,5.0,12.0,0
5.0,0.0,1.0,18.0,5.0,4.0,0
33.0,0.0,0.0,34.0,5.0,8.0,0
6.0,0.0,0.0,8.0,5.0,4.0,0
22.0,0.0,0.0,22.0,5.0,13.0,0
21.0,4.306175764000001,1.0,23.0,5.0,2.0,1
20.0,0.0,1.0,21.0,5.0,6.0,0
23.0,0.07667696375000001,0.0,38.0,5.0,3.0,0
1.0,0.0,0.0,1.0,5.0,11.0,0
38.0,0.0,0.0,40.0,5.0,2.0,0
4.0,0.0,0.0,4.0,5.0,8.0,0
117.0,0.13835275625000001,0.0,126.0,5.0,9.0,0
29.0,1.1831794035,0.0,31.0,5.0,10.0,0
25.0,3.5537178165,0.0,26.0,5.0,4.0,1
20.0,0.0,0.0,25.0,5.0,3.0,0
47.0,0.0,4.0,63.0,5.0,2.0,0
42.0,0.0,0.0,49.0,5.0,9.0,0
27.0,0.3238380183,0.0,29.0,5.0,6.0,1
60.0,0.0,0.0,60.0,5.0,8.0,0
21.0,0.0,0.0,24.0,5.0,8.0,0
27.0,0.0,0.0,28.0,5.0,4.0,0
23.0,0.22140262225,6.0,37.0,5.0,3.0,1
35.0,0.0,0.0,39.0,5.0,3.0,0
32.0,0.0,0.0,41.0,5.0,6.0,0
138.0,0.0,0.0,144.0,5.0,12.0,0
9.0,0.10008201720000001,0.0,14.0,5.0,10.0,0
5.0,4.4034242005,0.0,7.0,5.0,2.0,1
9.0,1.39446228,0.0,9.0,5.0,8.0,1
33.0,1.5871867290000001,2.0,41.0,5.0,2.0,1
45.0,0.20116618315,0.0,47.0,5.0,4.0,0
15.0,0.0,0.0,16.0,5.0,12.0,0
11.0,0.0,0.0,11.0,5.0,8.0,0
4.0,0.0,0.0,4.0,5.0,12.0,0
28.0,0.0,2.0,39.0,5.0,4.0,0
7.0,0.0,0.0,8.0,5.0,9.0,0
38.0,0.0,0.0,40.0,5.0,12.0,0
10.0,0.0,0.0,13.0,5.0,10.0,0
13.0,1.8167481825,0.0,13.0,5.0,12.0,1
6.0,0.0,0.0,6.0,5.0,10.0,0
5.0,0.0,0.0,12.0,5.0,6.0,0
18.0,0.0,0.0,22.0,5.0,6.0,0
27.0,0.0,0.0,35.0,5.0,8.0,1
34.0,0.0,0.0,37.0,5.0,13.0,0
13.0,0.0,0.0,15.0,5.0,6.0,0
98.0,1.751976547,2.0,109.0,5.0,6.0,0
109.0,2.4365405190000002,4.0,115.0,5.0,4.0,1
48.0,0.0,0.0,48.0,5.0,8.0,0
59.0,0.0,0.0,62.0,5.0,5.0,0
23.0,0.8863611435,0.0,25.0,5.0,12.0,1
53.0,0.40771806660000004,0.0,55.0,5.0,12.0,1
24.0,0.29090756205,0.0,32.0,5.0,4.0,1
5.0,0.0,0.0,6.0,5.0,7.0,0
26.0,0.0,1.0,27.0,5.0,11.0,0
96.0,0.17914905975,3.0,108.0,5.0,6.0,0
20.0,0.0,0.0,23.0,5.0,2.0,0
29.0,1.5272981685,0.0,30.0,5.0,2.0,1
24.0,0.0,7.0,31.0,5.0,10.0,0
2.0,0.0,0.0,2.0,5.0,10.0,0
6.0,0.0,0.0,9.0,5.0,10.0,1
5.0,0.0,0.0,5.0,5.0,4.0,0
29.0,0.0,0.0,29.0,5.0,12.0,0
10.0,2.342428332,0.0,11.0,5.0,9.0,1
77.0,0.0,1.0,78.0,5.0,7.0,0
20.0,0.0,0.0,20.0,5.0,12.0,0
11.0,0.0,0.0,11.0,5.0,11.0,0
66.0,0.0,0.0,66.0,5.0,7.0,0
33.0,0.0,0.0,37.0,5.0,4.0,0
9.0,0.0,0.0,10.0,5.0,4.0,0
41.0,0.0,0.0,42.0,5.0,12.0,0
8.0,0.0,2.0,11.0,5.0,12.0,0
2.0,0.0,0.0,6.0,5.0,4.0,0
60.0,0.0,2.0,65.0,5.0,6.0,0
20.0,0.0,0.0,26.0,5.0,2.0,0
20.0,0.0,0.0,31.0,5.0,6.0,0
37.0,0.45491081409999995,7.0,53.0,5.0,3.0,0
3.0,0.0,0.0,3.0,5.0,8.0,0
27.0,0.0,0.0,34.0,5.0,10.0,0
3.0,0.0,0.0,7.0,5.0,4.0,0
13.0,0.0,0.0,13.0,5.0,12.0,0
39.0,0.0,0.0,39.0,5.0,6.0,0
17.0,0.0,0.0,22.0,5.0,11.0,0
22.0,0.0,0.0,23.0,5.0,4.0,0
53.0,0.0,2.0,73.0,5.0,4.0,0
55.0,0.0,1.0,57.0,5.0,6.0,0
13.0,0.0,0.0,13.0,5.0,2.0,0
29.0,0.0,0.0,29.0,5.0,4.0,0
85.0,0.0,0.0,85.0,5.0,8.0,0
146.0,0.0,0.0,159.0,5.0,5.0,0
10.0,0.0,0.0,10.0,5.0,2.0,0
16.0,1.4731421949999999,0.0,16.0,5.0,3.0,0
109.0,0.0,0.0,111.0,5.0,9.0,0
3.0,0.0,1.0,5.0,5.0,2.0,0
93.0,0.0,0.0,98.0,5.0,5.0,0
36.0,1.1040161595,0.0,43.0,5.0,8.0,0
17.0,0.0,1.0,19.0,5.0,10.0,0
22.0,0.0,0.0,23.0,5.0,4.0,0
11.0,0.0,0.0,13.0,5.0,4.0,0
9.0,3.9284799319999997,0.0,9.0,5.0,6.0,1
4.0,0.0,0.0,8.0,5.0,7.0,0
17.0,0.0,0.0,19.0,5.0,8.0,0
2.0,0.0,0.0,2.0,5.0,10.0,0
11.0,0.0,0.0,13.0,5.0,7.0,0
6.0,0.0,0.0,6.0,5.0,12.0,0
16.0,0.0,0.0,19.0,5.0,8.0,0
36.0,2.3829537125,0.0,38.0,5.0,12.0,0
29.0,0.0,1.0,40.0,5.0,6.0,0
20.0,0.0,0.0,23.0,5.0,9.0,0
25.0,0.0,0.0,27.0,5.0,11.0,0
20.0,0.0,0.0,25.0,5.0,4.0,0
39.0,0.0,0.0,39.0,5.0,10.0,0
23.0,0.0,3.0,29.0,5.0,2.0,0
22.0,0.0,1.0,25.0,5.0,4.0,0
1.0,0.0,0.0,1.0,5.0,8.0,0
1.0,0.0,0.0,1.0,5.0,4.0,0
22.0,0.0,0.0,26.0,5.0,3.0,0
24.0,0.0,0.0,27.0,5.0,4.0,0
12.0,0.7188929155,0.0,12.0,5.0,6.0,1
9.0,0.0,0.0,16.0,5.0,5.0,0
16.0,0.0,0.0,16.0,5.0,10.0,0
61.0,1.3808078275,4.0,79.0,5.0,4.0,0
37.0,0.0,0.0,39.0,5.0,6.0,0
22.0,0.0,0.0,23.0,5.0,8.0,0
2.0,0.0,0.0,2.0,5.0,10.0,0
1.0,0.0,0.0,1.0,5.0,11.0,0
7.0,0.0,0.0,8.0,5.0,12.0,0
14.0,2.6086568235,0.0,14.0,5.0,5.0,1
5.0,0.0,0.0,5.0,5.0,6.0,0
34.0,0.0,1.0,42.0,5.0,10.0,0
29.0,0.0,4.0,35.0,5.0,4.0,0
40.0,0.06710674675,0.0,46.0,5.0,6.0,0
15.0,3.2736325299999995,0.0,20.0,5.0,8.0,1
11.0,0.0357311607,0.0,17.0,5.0,12.0,1
1.0,0.0,0.0,2.0,5.0,8.0,0
71.0,0.0,2.0,77.0,5.0,7.0,0
3.0,0.0,0.0,6.0,5.0,12.0,0
1.0,0.0,0.0,1.0,5.0,10.0,0
3.0,0.0,0.0,7.0,5.0,2.0,0
179.0,0.0,9.0,201.0,5.0,12.0,0
11.0,0.0,0.0,12.0,5.0,10.0,0
246.0,0.0,2.0,253.0,5.0,5.0,0
9.0,1.6803720135,0.0,13.0,5.0,8.0,0
16.0,0.0,0.0,24.0,5.0,4.0,0
2.0,0.0,0.0,5.0,5.0,11.0,1
66.0,0.0,0.0,68.0,5.0,10.0,0
4.0,0.641851199,0.0,4.0,5.0,2.0,1
5.0,0.0,0.0,5.0,5.0,5.0,0
17.0,0.0,0.0,18.0,5.0,4.0,0
6.0,0.0,2.0,9.0,5.0,12.0,0
73.0,0.0,0.0,83.0,5.0,2.0,0
17.0,0.0,0.0,17.0,5.0,2.0,0
8.0,0.0,0.0,14.0,5.0,2.0,0
62.0,0.24822605969999997,0.0,64.0,5.0,7.0,0
11.0,0.0,0.0,13.0,5.0,6.0,0
33.0,0.0,0.0,37.0,5.0,6.0,0
62.0,0.8711620135,3.0,76.0,5.0,8.0,0
23.0,0.676044307,0.0,26.0,5.0,2.0,0
50.0,2.0389677164999997,2.0,67.0,5.0,2.0,1
14.0,1.9032600005,0.0,15.0,5.0,8.0,1
1.0,0.0,0.0,2.0,5.0,6.0,1
39.0,0.2625644441,1.0,41.0,5.0,13.0,0
33.0,0.0,0.0,38.0,5.0,3.0,0
73.0,0.0,0.0,88.0,5.0,2.0,0
81.0,0.25231645385,4.0,94.0,5.0,4.0,0
11.0,0.0,0.0,13.0,5.0,9.0,1
4.0,3.399463978,0.0,4.0,5.0,4.0,1
2.0,0.0,0.0,2.0,5.0,12.0,0
63.0,0.0,0.0,74.0,5.0,10.0,1
9.0,0.0,0.0,13.0,5.0,10.0,0
237.0,0.07269155675,2.0,245.0,5.0,12.0,1
17.0,0.0,0.0,18.0,5.0,10.0,1
23.0,0.0,0.0,29.0,5.0,4.0,0
42.0,0.566518561,0.0,43.0,5.0,10.0,0
3.0,0.0,0.0,6.0,5.0,12.0,0
86.0,0.0,0.0,88.0,5.0,6.0,0
56.0,0.0,2.0,61.0,5.0,2.0,0
3.0,0.0,0.0,4.0,5.0,13.0,1
27.0,0.0,10.0,42.0,5.0,6.0,1
1.0,0.0,0.0,5.0,5.0,6.0,1
35.0,0.0,0.0,44.0,5.0,8.0,0
5.0,0.0,0.0,5.0,5.0,11.0,0
40.0,0.0,0.0,40.0,5.0,6.0,0
34.0,0.0,0.0,38.0,5.0,6.0,0
29.0,0.0,1.0,35.0,5.0,10.0,1
27.0,0.37342346555,0.0,28.0,5.0,11.0,0
21.0,0.6795035979999999,0.0,21.0,5.0,4.0,1
38.0,0.0,0.0,41.0,5.0,10.0,0
2.0,0.0,0.0,6.0,5.0,3.0,1
81.0,0.324722054,2.0,90.0,5.0,5.0,0
53.0,0.0,4.0,62.0,5.0,4.0,0
24.0,0.0,0.0,24.0,5.0,8.0,0
60.0,0.0,0.0,64.0,5.0,4.0,0
13.0,0.0,0.0,13.0,5.0,8.0,0
42.0,0.0,0.0,43.0,5.0,5.0,0
25.0,0.0,0.0,25.0,5.0,8.0,0
31.0,0.0,2.0,35.0,5.0,7.0,0
2.0,0.0,0.0,2.0,5.0,11.0,0
67.0,0.0,3.0,75.0,5.0,8.0,0
17.0,0.0,0.0,21.0,5.0,12.0,1
7.0,0.0,0.0,8.0,5.0,8.0,0
7.0,0.0,0.0,7.0,5.0,2.0,0
26.0,1.0177420025,3.0,39.0,5.0,2.0,0
22.0,0.0,0.0,23.0,5.0,2.0,0
12.0,0.0,0.0,16.0,5.0,6.0,0
22.0,0.0,0.0,22.0,5.0,7.0,0
21.0,0.0,6.0,28.0,5.0,3.0,0
125.0,0.050102103450000005,3.0,129.0,5.0,10.0,1
28.0,0.0,0.0,29.0,5.0,6.0,0
2.0,0.0,0.0,2.0,5.0,8.0,0
11.0,2.256266086,0.0,13.0,5.0,3.0,1
97.0,0.0,2.0,112.0,5.0,4.0,0
31.0,0.539837473,2.0,42.0,5.0,3.0,0
13.0,1.701998768,0.0,16.0,5.0,12.0,1
7.0,0.0,0.0,7.0,5.0,6.0,0
25.0,3.512979255,0.0,28.0,5.0,2.0,0
1.0,2.9186044939999998,0.0,1.0,5.0,2.0,1
28.0,0.4195640879,0.0,29.0,5.0,4.0,1
32.0,0.06662553759999999,0.0,34.0,5.0,4.0,0
138.0,0.0,3.0,143.0,5.0,2.0,0
25.0,0.0,5.0,38.0,5.0,9.0,0
2.0,0.0,0.0,5.0,5.0,4.0,0
19.0,0.969997521,0.0,25.0,5.0,7.0,0
24.0,0.0,0.0,26.0,5.0,8.0,0
21.0,0.0,0.0,22.0,5.0,9.0,0
18.0,0.0,0.0,20.0,5.0,10.0,0
109.0,0.12456580105,1.0,126.0,5.0,8.0,0
20.0,0.7532931585,0.0,23.0,5.0,2.0,1
21.0,0.0,3.0,24.0,5.0,12.0,0
22.0,0.0,0.0,24.0,5.0,4.0,0
3.0,0.0,0.0,7.0,5.0,8.0,0
78.0,0.0,0.0,86.0,5.0,6.0,0
13.0,0.0,0.0,17.0,5.0,6.0,0
71.0,2.1070816574999998,7.0,90.0,5.0,4.0,0
1.0,0.0,0.0,1.0,5.0,10.0,0
41.0,2.4497632410000003,0.0,41.0,5.0,8.0,1
94.0,0.0,4.0,107.0,5.0,12.0,0
45.0,0.24298123755,0.0,47.0,5.0,9.0,0
35.0,0.0,0.0,41.0,5.0,5.0,0
4.0,0.0,5.0,13.0,5.0,6.0,0
37.0,0.0,2.0,53.0,5.0,4.0,0
25.0,0.0,0.0,35.0,5.0,5.0,0
42.0,0.0,1.0,45.0,5.0,5.0,0
10.0,0.0,0.0,16.0,5.0,9.0,0
6.0,0.0,0.0,10.0,5.0,8.0,0
13.0,0.0,1.0,18.0,5.0,10.0,1
3.0,0.0,0.0,11.0,5.0,5.0,0
49.0,0.0,0.0,58.0,5.0,8.0,0
16.0,0.0,0.0,19.0,5.0,6.0,0
5.0,0.0,0.0,12.0,5.0,10.0,0
8.0,0.0,0.0,8.0,5.0,11.0,0
18.0,0.0,4.0,25.0,5.0,10.0,0
22.0,0.0,0.0,23.0,5.0,10.0,0
30.0,0.0722381796,0.0,30.0,5.0,13.0,0
32.0,0.0,0.0,34.0,5.0,8.0,0
5.0,0.0,0.0,5.0,5.0,10.0,0
11.0,0.9329524570000001,0.0,15.0,5.0,4.0,0
18.0,0.0,3.0,35.0,5.0,5.0,0
2.0,0.0,0.0,2.0,5.0,10.0,0
29.0,0.0,2.0,38.0,5.0,2.0,0
26.0,3.1386835935,0.0,31.0,5.0,7.0,1
12.0,0.0,0.0,16.0,5.0,4.0,0
8.0,0.0,0.0,13.0,5.0,2.0,0
150.0,0.0,4.0,165.0,5.0,12.0,0
15.0,0.0,0.0,16.0,5.0,2.0,0
8.0,0.0,0.0,16.0,5.0,12.0,0
84.0,0.2238919341,0.0,92.0,5.0,12.0,0
10.0,0.0,0.0,11.0,5.0,7.0,0
70.0,0.0,0.0,76.0,5.0,11.0,0
15.0,0.0,0.0,15.0,5.0,10.0,0
63.0,0.39134181765,0.0,66.0,5.0,8.0,1
5.0,0.0,0.0,10.0,5.0,8.0,0
14.0,0.0,0.0,20.0,5.0,2.0,0
130.0,0.520679059,1.0,146.0,5.0,2.0,0
42.0,0.0,0.0,46.0,5.0,8.0,0
12.0,1.1502297719999999,0.0,12.0,5.0,10.0,1
75.0,0.0,0.0,75.0,5.0,8.0,0
28.0,0.629361124,0.0,29.0,5.0,7.0,1
4.0,0.0,0.0,4.0,5.0,10.0,0
12.0,0.0,0.0,13.0,5.0,6.0,0
26.0,0.6691769104999999,0.0,32.0,5.0,10.0,0
137.0,1.8860159490000001,3.0,141.0,5.0,4.0,1
14.0,0.0,0.0,16.0,5.0,6.0,0
45.0,0.0,2.0,48.0,5.0,11.0,0
2.0,0.0,0.0,2.0,5.0,8.0,0
1.0,0.0,0.0,2.0,5.0,6.0,1
3.0,0.0,0.0,7.0,5.0,4.0,0
22.0,0.1374858323,3.0,25.0,5.0,6.0,1
2.0,0.0,0.0,2.0,5.0,13.0,0
0.0,0.0,0.0,1.0,5.0,4.0,0
12.0,0.0,0.0,20.0,5.0,5.0,0
52.0,0.0,2.0,55.0,5.0,2.0,0
27.0,0.8218626515,2.0,48.0,5.0,2.0,0
2.0,0.0,0.0,2.0,5.0,12.0,0
13.0,0.0,0.0,17.0,5.0,4.0,0
2.0,0.0,0.0,4.0,5.0,8.0,0
6.0,0.0,0.0,8.0,5.0,8.0,0
9.0,0.0,0.0,12.0,5.0,5.0,0
49.0,0.0,2.0,62.0,5.0,6.0,1
20.0,0.0,0.0,20.0,5.0,12.0,0
14.0,0.0,2.0,20.0,5.0,4.0,0
19.0,0.0,1.0,22.0,5.0,4.0,0
24.0,0.0,0.0,25.0,5.0,9.0,0
51.0,0.0,0.0,53.0,5.0,4.0,0
16.0,0.0,0.0,18.0,5.0,4.0,0
7.0,0.0,0.0,8.0,5.0,6.0,0
102.0,0.0,0.0,104.0,5.0,4.0,0
4.0,0.0,0.0,7.0,5.0,2.0,0
5.0,0.0,0.0,9.0,5.0,4.0,0
14.0,0.0,0.0,18.0,5.0,10.0,0
62.0,0.0,0.0,64.0,5.0,2.0,0
15.0,0.0,0.0,16.0,5.0,10.0,0
1.0,0.0,0.0,1.0,5.0,13.0,0
33.0,0.0,0.0,33.0,5.0,10.0,0
7.0,0.0,0.0,11.0,5.0,10.0,0
24.0,0.7110247829999999,0.0,25.0,5.0,8.0,0
62.0,0.0,0.0,65.0,5.0,8.0,0
11.0,0.0,5.0,20.0,5.0,12.0,0
31.0,0.0,0.0,35.0,5.0,2.0,0
7.0,2.7100733765,0.0,7.0,5.0,2.0,1
7.0,0.0,0.0,11.0,5.0,8.0,0
8.0,1.3572043785,3.0,18.0,5.0,6.0,1
34.0,0.0,1.0,41.0,5.0,2.0,0
104.0,0.0,0.0,104.0,5.0,10.0,0
23.0,0.0,0.0,23.0,5.0,8.0,0
1.0,0.0,0.0,1.0,5.0,2.0,0
6.0,0.0,0.0,6.0,5.0,8.0,0
7.0,0.0,1.0,17.0,5.0,2.0,0
4.0,0.0,0.0,8.0,5.0,4.0,0
43.0,0.9820947965,1.0,51.0,5.0,2.0,0
1.0,0.0,0.0,1.0,5.0,8.0,0
13.0,0.0,1.0,17.0,5.0,2.0,0
53.0,0.0,0.0,53.0,5.0,12.0,0
71.0,0.0,2.0,79.0,5.0,5.0,0
14.0,0.0,0.0,18.0,5.0,8.0,0
63.0,0.0,0.0,70.0,5.0,12.0,0
30.0,0.0,0.0,31.0,5.0,6.0,0
44.0,0.0,0.0,45.0,5.0,4.0,0
12.0,0.0,0.0,12.0,5.0,10.0,0
27.0,0.19641392200000002,3.0,30.0,5.0,6.0,1
14.0,0.0,0.0,14.0,5.0,8.0,0
16.0,0.0,3.0,23.0,5.0,4.0,0
11.0,0.0,0.0,14.0,5.0,12.0,0
31.0,1.6527549805,2.0,47.0,5.0,2.0,1
10.0,0.0,0.0,10.0,5.0,6.0,0
27.0,0.0,0.0,27.0,5.0,11.0,0
3.0,1.1895303045,0.0,3.0,5.0,8.0,1
38.0,0.0,1.0,45.0,5.0,12.0,0
72.0,0.567430038,0.0,76.0,5.0,12.0,0
73.0,0.0,0.0,74.0,5.0,2.0,0
32.0,0.0,1.0,37.0,5.0,8.0,0
12.0,0.0,0.0,15.0,5.0,4.0,0
15.0,0.0,3.0,20.0,5.0,7.0,0
88.0,0.0,5.0,116.0,5.0,9.0,0
4.0,0.0,0.0,6.0,5.0,3.0,0
28.0,0.0,0.0,30.0,5.0,6.0,0
11.0,1.574521808,0.0,12.0,5.0,12.0,1
12.0,0.0,1.0,21.0,5.0,6.0,0
42.0,0.0,0.0,45.0,5.0,8.0,0
3.0,0.0,0.0,6.0,5.0,5.0,0
16.0,0.0,0.0,20.0,5.0,6.0,0
13.0,0.0,0.0,13.0,5.0,10.0,0
36.0,0.0,0.0,36.0,5.0,10.0,0
3.0,0.0,0.0,3.0,5.0,9.0,0
14.0,0.0,0.0,21.0,5.0,12.0,0
24.0,0.973732899,0.0,24.0,5.0,2.0,1
33.0,0.10795483225,2.0,36.0,5.0,5.0,1
8.0,1.3967391335000001,0.0,11.0,5.0,10.0,1
81.0,0.0,0.0,83.0,5.0,6.0,1
16.0,0.0,0.0,18.0,5.0,4.0,0
56.0,0.0,0.0,56.0,5.0,8.0,0
35.0,0.0,0.0,38.0,5.0,4.0,0
181.0,0.2264817856,5.0,196.0,5.0,4.0,0
19.0,0.0,0.0,20.0,5.0,8.0,1
31.0,0.0,1.0,33.0,5.0,10.0,0
9.0,0.0,0.0,12.0,5.0,6.0,0
18.0,0.0,0.0,23.0,5.0,11.0,0
9.0,0.0,0.0,12.0,5.0,4.0,0
48.0,0.0,0.0,48.0,5.0,10.0,0
45.0,0.0,0.0,45.0,5.0,12.0,0
20.0,0.0,0.0,24.0,5.0,7.0,0
32.0,0.8635310365000001,4.0,39.0,5.0,2.0,1
51.0,0.3427074501,4.0,58.0,5.0,4.0,0
9.0,0.0,0.0,11.0,5.0,7.0,1
10.0,0.0,0.0,14.0,5.0,8.0,0
8.0,0.0,0.0,8.0,5.0,12.0,0
13.0,1.0050633465,0.0,17.0,5.0,4.0,1
27.0,0.24728586975,2.0,35.0,5.0,2.0,0
28.0,0.528663344,0.0,35.0,5.0,2.0,1
23.0,0.0,0.0,23.0,5.0,13.0,0
16.0,0.0,0.0,21.0,5.0,6.0,0
25.0,0.11844150584999999,0.0,31.0,5.0,6.0,0
2.0,0.0,0.0,4.0,5.0,9.0,0
34.0,0.0,0.0,35.0,5.0,5.0,0
2.0,0.8387084014999999,0.0,6.0,5.0,4.0,1
20.0,0.0,0.0,23.0,5.0,10.0,0
19.0,0.0,0.0,22.0,5.0,2.0,0
9.0,0.0,0.0,9.0,5.0,12.0,0
22.0,0.0,3.0,31.0,5.0,5.0,0
59.0,1.4264595245,0.0,66.0,5.0,12.0,1
10.0,0.0,5.0,18.0,5.0,6.0,0
43.0,0.0,0.0,50.0,5.0,10.0,0
47.0,0.0,1.0,54.0,5.0,11.0,0
3.0,0.0,0.0,3.0,5.0,12.0,0
14.0,0.0,0.0,14.0,5.0,10.0,0
42.0,1.8678629135000002,1.0,51.0,5.0,2.0,1
3.0,0.0,0.0,6.0,5.0,13.0,1
26.0,0.0,0.0,29.0,5.0,3.0,0
33.0,2.0094876034999998,1.0,41.0,5.0,5.0,0
14.0,2.2964390144999998,1.0,15.0,5.0,2.0,1
4.0,0.0,0.0,7.0,5.0,12.0,0
25.0,0.0,0.0,25.0,5.0,6.0,0
54.0,0.0644284839,0.0,70.0,5.0,4.0,0
7.0,2.9462088300000002,0.0,7.0,5.0,8.0,1
22.0,0.0,0.0,22.0,5.0,12.0,0
94.0,0.3161299998,0.0,99.0,5.0,8.0,0
1.0,0.0,0.0,1.0,5.0,12.0,0
2.0,0.0,0.0,2.0,5.0,10.0,0
19.0,0.0,0.0,22.0,5.0,10.0,0
3.0,0.0,0.0,7.0,5.0,2.0,1
8.0,1.309090328,0.0,11.0,5.0,10.0,0
43.0,0.0,2.0,54.0,5.0,8.0,0
12.0,0.0,0.0,19.0,5.0,12.0,0
159.0,0.30236017595,1.0,167.0,5.0,10.0,0
68.0,1.8843134545000002,1.0,76.0,5.0,12.0,0
24.0,0.0,6.0,44.0,5.0,7.0,0
107.0,0.11929848205,2.0,115.0,5.0,13.0,0
8.0,1.898452988,0.0,8.0,5.0,8.0,1
13.0,2.6557210425,0.0,19.0,5.0,2.0,1
13.0,0.0,0.0,13.0,5.0,6.0,0
8.0,0.0,0.0,13.0,5.0,5.0,0
8.0,0.0,0.0,8.0,5.0,4.0,0
26.0,2.356227303,1.0,31.0,5.0,3.0,1
33.0,0.5920299609999999,0.0,40.0,5.0,12.0,0
41.0,0.0,0.0,42.0,5.0,4.0,0
11.0,0.0,0.0,11.0,5.0,4.0,0
32.0,0.0,0.0,34.0,5.0,10.0,0
11.0,0.0,0.0,12.0,5.0,8.0,0
271.0,0.0019017270999999998,1.0,282.0,5.0,11.0,0
5.0,0.0,0.0,10.0,5.0,5.0,0
6.0,0.0,0.0,6.0,5.0,4.0,0
26.0,1.80412258,0.0,28.0,5.0,2.0,0
6.0,0.0,0.0,6.0,5.0,4.0,0
7.0,0.0,2.0,14.0,5.0,11.0,1
4.0,0.0,0.0,4.0,5.0,8.0,0
7.0,0.0,0.0,10.0,5.0,5.0,0
24.0,0.0,0.0,27.0,5.0,6.0,0
8.0,0.0,2.0,13.0,5.0,5.0,0
6.0,0.0,0.0,10.0,5.0,6.0,0
3.0,0.0,0.0,3.0,5.0,2.0,1
1.0,0.0,0.0,1.0,5.0,3.0,0
1.0,0.0,0.0,1.0,5.0,12.0,0
90.0,0.0,3.0,93.0,5.0,8.0,0
40.0,1.1881610215,0.0,42.0,5.0,3.0,1
67.0,0.0,0.0,67.0,5.0,8.0,0
83.0,0.9809899415000001,0.0,85.0,5.0,6.0,1
60.0,0.0,0.0,75.0,5.0,4.0,0
9.0,0.0,0.0,9.0,5.0,4.0,0
41.0,0.0,0.0,42.0,5.0,2.0,0
36.0,0.0,1.0,40.0,5.0,11.0,0
171.0,0.0,4.0,180.0,5.0,6.0,0
7.0,1.7627708455,0.0,10.0,5.0,2.0,0
55.0,0.28837098289999996,0.0,56.0,5.0,9.0,0
21.0,0.0,0.0,24.0,5.0,4.0,0
82.0,0.0,0.0,88.0,5.0,6.0,0
150.0,0.0,2.0,155.0,5.0,5.0,0
24.0,0.7854714675000001,2.0,32.0,5.0,8.0,1
22.0,0.07269614605,1.0,24.0,5.0,4.0,1
17.0,3.2143965450000005,0.0,20.0,5.0,8.0,1
111.0,0.0,0.0,111.0,5.0,9.0,0
16.0,0.0,2.0,19.0,5.0,10.0,0
44.0,0.2053830596,5.0,51.0,5.0,6.0,0
84.0,0.0,0.0,92.0,5.0,12.0,0
15.0,0.0,1.0,20.0,5.0,10.0,0
89.0,0.29438333655000004,0.0,94.0,5.0,2.0,1
37.0,0.0,0.0,47.0,5.0,8.0,0
6.0,0.0,0.0,7.0,5.0,4.0,0
24.0,2.14922654,0.0,29.0,5.0,4.0,0
13.0,0.0,0.0,16.0,5.0,6.0,0
7.0,0.0,0.0,8.0,5.0,10.0,0
22.0,1.6111260985000002,0.0,27.0,5.0,7.0,1
79.0,0.0,0.0,81.0,5.0,6.0,0
9.0,0.0,2.0,12.0,5.0,12.0,0
20.0,0.0,0.0,20.0,5.0,4.0,0
1.0,0.0,0.0,1.0,5.0,12.0,0
39.0,0.0,0.0,39.0,5.0,10.0,0
31.0,0.26580546035,0.0,38.0,5.0,10.0,0
10.0,0.0,0.0,10.0,5.0,8.0,0
27.0,0.0,0.0,27.0,5.0,8.0,0
26.0,0.0,0.0,30.0,5.0,2.0,0
51.0,0.4531544017,0.0,51.0,5.0,8.0,1
7.0,0.0,0.0,7.0,5.0,12.0,0
145.0,0.013404649,2.0,151.0,5.0,8.0,0
72.0,0.0,0.0,72.0,5.0,6.0,0
10.0,0.0,0.0,14.0,5.0,13.0,0
37.0,0.0,0.0,44.0,5.0,6.0,0
55.0,0.0490554325,1.0,66.0,5.0,2.0,0
3.0,0.0,1.0,5.0,5.0,7.0,0
25.0,0.37402580799999996,0.0,30.0,5.0,11.0,1
79.0,0.20637153405,0.0,80.0,5.0,4.0,1
17.0,0.0,0.0,21.0,5.0,10.0,0
26.0,1.1328085075,0.0,27.0,5.0,5.0,1
37.0,0.0,1.0,38.0,5.0,2.0,0
46.0,0.5362246345,2.0,49.0,5.0,10.0,1
50.0,0.0,0.0,54.0,5.0,8.0,0
1.0,0.0,0.0,1.0,5.0,6.0,0
11.0,0.0,0.0,12.0,5.0,8.0,0
6.0,0.0,0.0,8.0,5.0,2.0,0
15.0,0.0,0.0,15.0,5.0,10.0,0
19.0,0.0,0.0,20.0,5.0,8.0,0
26.0,0.08629331765,0.0,35.0,5.0,6.0,0
414.0,0.0516878668,7.0,431.0,5.0,6.0,0
36.0,0.0,0.0,41.0,5.0,7.0,0
12.0,0.0,2.0,14.0,5.0,10.0,0
2.0,0.0,0.0,2.0,5.0,8.0,0
16.0,0.0,1.0,19.0,5.0,10.0,0
1.0,0.0,0.0,1.0,5.0,6.0,0
7.0,1.5423755165,0.0,11.0,5.0,6.0,0
86.0,0.19426167835000002,3.0,105.0,5.0,10.0,1
58.0,0.0,1.0,59.0,5.0,12.0,0
22.0,0.0,2.0,29.0,5.0,4.0,0
7.0,0.0,0.0,11.0,5.0,6.0,1
56.0,0.0,0.0,63.0,5.0,12.0,0
11.0,1.6918234460000001,0.0,11.0,5.0,12.0,1
7.0,2.68426987,0.0,7.0,5.0,8.0,1
13.0,0.0,0.0,15.0,5.0,5.0,0
25.0,0.0,2.0,27.0,5.0,10.0,0
23.0,0.0,0.0,26.0,5.0,10.0,0
310.0,0.0049310701499999995,1.0,318.0,5.0,10.0,1
28.0,2.2599100969999997,0.0,30.0,5.0,13.0,1
40.0,0.0,0.0,42.0,5.0,4.0,0
3.0,0.0,0.0,3.0,5.0,10.0,0
8.0,0.0,0.0,8.0,5.0,3.0,0
65.0,0.0,1.0,66.0,5.0,10.0,0
3.0,0.0,0.0,3.0,5.0,9.0,0
8.0,0.0,1.0,12.0,5.0,12.0,1
15.0,0.24545443649999998,0.0,16.0,5.0,10.0,0
6.0,0.0,0.0,6.0,5.0,4.0,0
41.0,1.848110226,0.0,55.0,5.0,6.0,1
6.0,0.0,1.0,9.0,5.0,11.0,0
0.0,0.0,0.0,1.0,5.0,3.0,1
29.0,0.0,0.0,33.0,5.0,6.0,0
7.0,0.0,0.0,8.0,5.0,8.0,0
35.0,0.185489724,0.0,35.0,5.0,10.0,1
5.0,0.0,0.0,9.0,5.0,4.0,0
62.0,0.0,0.0,62.0,5.0,12.0,0
43.0,0.0,0.0,46.0,5.0,4.0,0
13.0,0.0,0.0,20.0,5.0,2.0,0
17.0,0.0,2.0,21.0,5.0,6.0,0
16.0,0.0,0.0,16.0,5.0,8.0,1
39.0,0.0,1.0,49.0,5.0,4.0,0
24.0,0.0,0.0,24.0,5.0,6.0,0
27.0,0.0,0.0,34.0,5.0,9.0,0
1.0,0.0,0.0,1.0,5.0,12.0,0
29.0,0.0,0.0,30.0,5.0,2.0,0
12.0,1.066206707,0.0,18.0,5.0,6.0,0
73.0,0.0,1.0,74.0,5.0,12.0,0
33.0,0.0,0.0,35.0,5.0,4.0,0
10.0,0.0,0.0,13.0,5.0,6.0,0
4.0,0.7267735725,0.0,4.0,5.0,10.0,0
20.0,0.545562245,1.0,21.0,5.0,10.0,0
5.0,1.8068952464999999,0.0,5.0,5.0,12.0,1
6.0,2.978591393,0.0,8.0,5.0,8.0,1
25.0,0.0,2.0,32.0,5.0,9.0,0
61.0,0.0,1.0,62.0,5.0,12.0,0
10.0,0.0,0.0,10.0,5.0,10.0,0
2.0,0.0,0.0,2.0,5.0,4.0,0
78.0,0.939093049,1.0,84.0,5.0,10.0,0
110.0,0.0,0.0,111.0,5.0,10.0,0
20.0,0.0,0.0,23.0,5.0,2.0,0
71.0,0.23594655590000002,0.0,71.0,5.0,4.0,0
16.0,0.0,1.0,17.0,5.0,10.0,0
5.0,0.0,1.0,9.0,5.0,7.0,0
11.0,0.9205283465,0.0,13.0,5.0,3.0,0
4.0,0.0,3.0,10.0,5.0,10.0,0
53.0,0.0,0.0,54.0,5.0,8.0,0
9.0,3.5615782869999997,0.0,16.0,5.0,2.0,0
46.0,0.0,3.0,60.0,5.0,2.0,0
10.0,1.0326439779999999,0.0,14.0,5.0,5.0,1
5.0,0.0,0.0,7.0,5.0,6.0,0
58.0,0.0,0.0,65.0,5.0,4.0,0
36.0,0.0,0.0,38.0,5.0,5.0,0
1.0,0.0,0.0,1.0,5.0,6.0,0
32.0,0.0,1.0,35.0,5.0,10.0,1
19.0,0.0,0.0,22.0,5.0,12.0,0
34.0,0.40205391645,0.0,39.0,5.0,8.0,1
38.0,0.3164346637,0.0,40.0,5.0,4.0,1
9.0,0.0,0.0,17.0,5.0,2.0,0
50.0,0.0,0.0,57.0,5.0,8.0,0
11.0,0.0,0.0,11.0,5.0,6.0,0
27.0,0.0,0.0,27.0,5.0,8.0,0
2.0,0.0,0.0,2.0,5.0,2.0,0
29.0,1.994483199,3.0,39.0,5.0,11.0,0
2.0,0.0,0.0,3.0,5.0,4.0,0
1.0,0.0,0.0,1.0,5.0,10.0,0
134.0,0.0,3.0,151.0,5.0,2.0,0
2.0,0.0,2.0,5.0,5.0,9.0,0
68.0,0.25751300545,0.0,73.0,5.0,7.0,0
37.0,0.0,0.0,44.0,5.0,8.0,0
11.0,0.8908249555,0.0,14.0,5.0,4.0,1
26.0,0.0,1.0,30.0,5.0,9.0,0
53.0,0.0,0.0,53.0,5.0,5.0,0
9.0,1.037467563,0.0,9.0,5.0,2.0,1
20.0,0.0,0.0,20.0,5.0,10.0,0
17.0,1.803953472,0.0,17.0,5.0,4.0,1
36.0,0.0,3.0,39.0,5.0,2.0,0
15.0,0.0,0.0,23.0,5.0,4.0,0
41.0,0.6786351705,0.0,52.0,5.0,4.0,1
13.0,2.114653376,0.0,14.0,5.0,10.0,0
22.0,0.0,0.0,22.0,5.0,12.0,0
6.0,0.0,0.0,7.0,5.0,12.0,0
61.0,1.1186380755,0.0,74.0,5.0,4.0,1
172.0,0.145432662,0.0,187.0,5.0,2.0,0
8.0,0.25459571445,0.0,8.0,5.0,2.0,1
18.0,0.0,0.0,19.0,5.0,4.0,0
11.0,0.0,0.0,17.0,5.0,2.0,0
22.0,0.0,0.0,29.0,5.0,9.0,0
219.0,0.27044676695000003,4.0,227.0,5.0,12.0,0
94.0,0.0,0.0,97.0,5.0,4.0,0
176.0,1.0220320385000001,0.0,179.0,5.0,8.0,0
3.0,0.0,0.0,3.0,5.0,12.0,0
42.0,1.063316263,0.0,42.0,5.0,6.0,0
37.0,0.0,0.0,42.0,5.0,4.0,0
3.0,1.0735710084999999,0.0,9.0,5.0,8.0,1
15.0,0.0,0.0,21.0,5.0,2.0,0
25.0,0.1589833225,0.0,28.0,5.0,4.0,0
26.0,0.0,0.0,26.0,5.0,6.0,0
15.0,0.577699858,0.0,18.0,5.0,6.0,0
34.0,1.8158215864999998,0.0,35.0,5.0,6.0,1
97.0,0.1727437071,1.0,103.0,5.0,4.0,0
9.0,0.0,0.0,10.0,5.0,4.0,0
55.0,0.2895447625,0.0,57.0,5.0,10.0,0
3.0,1.510178852,0.0,3.0,5.0,3.0,1
46.0,0.0,0.0,47.0,5.0,9.0,0
28.0,0.9622025474999999,1.0,30.0,5.0,7.0,1
3.0,0.0,0.0,5.0,5.0,4.0,0
7.0,0.0,0.0,13.0,5.0,2.0,0
30.0,1.420224089,0.0,34.0,5.0,7.0,1
13.0,0.0,0.0,21.0,5.0,6.0,0
4.0,0.0,0.0,5.0,5.0,10.0,0
33.0,0.0,2.0,39.0,5.0,7.0,0
14.0,0.0,0.0,18.0,5.0,4.0,0
10.0,1.8336147,0.0,12.0,5.0,8.0,0
28.0,0.0,0.0,30.0,5.0,3.0,0
21.0,0.0,0.0,22.0,5.0,6.0,0
48.0,0.34435906164999996,0.0,56.0,5.0,4.0,0
18.0,0.0,3.0,26.0,5.0,8.0,0
262.0,0.0,2.0,271.0,5.0,12.0,0
4.0,0.0,0.0,6.0,5.0,8.0,0
41.0,0.0,0.0,41.0,5.0,6.0,0
114.0,0.0,0.0,124.0,5.0,2.0,0
30.0,0.0,0.0,36.0,5.0,2.0,0
10.0,0.0,3.0,22.0,5.0,8.0,1
45.0,0.0,3.0,54.0,5.0,4.0,0
18.0,2.8517540895,0.0,18.0,5.0,8.0,1
11.0,0.0,0.0,11.0,5.0,13.0,0
93.0,0.37710721355,4.0,100.0,5.0,12.0,0
154.0,0.0,0.0,154.0,5.0,5.0,0
14.0,0.0,0.0,20.0,5.0,6.0,0
26.0,0.0,0.0,27.0,5.0,12.0,0
11.0,1.236104608,1.0,13.0,5.0,4.0,1
18.0,0.0,4.0,30.0,5.0,6.0,0
5.0,0.0,0.0,6.0,5.0,4.0,0
19.0,0.0,0.0,23.0,5.0,7.0,0
1.0,0.0,0.0,4.0,5.0,2.0,1
13.0,0.0,0.0,13.0,5.0,8.0,0
1.0,2.38958854,0.0,1.0,5.0,6.0,1
53.0,0.0,0.0,57.0,5.0,8.0,0
26.0,0.4642272759,4.0,39.0,5.0,3.0,1
14.0,0.0,0.0,18.0,5.0,8.0,0
8.0,0.0,2.0,16.0,5.0,2.0,0
6.0,1.2082255105,0.0,8.0,5.0,8.0,0
4.0,0.0,0.0,4.0,5.0,2.0,0
87.0,0.0,0.0,93.0,5.0,6.0,0
2.0,0.0,0.0,4.0,5.0,12.0,0
1.0,0.0,0.0,1.0,5.0,9.0,0
1.0,0.0,0.0,1.0,5.0,12.0,0
409.0,0.31388419710000004,3.0,435.0,5.0,11.0,0
12.0,0.0,0.0,16.0,5.0,12.0,0
53.0,1.111082562,2.0,63.0,5.0,2.0,0
54.0,1.3337141095,0.0,54.0,5.0,8.0,1
19.0,0.9424966785000001,0.0,21.0,5.0,4.0,1
25.0,0.0,0.0,28.0,5.0,6.0,0
3.0,2.4777410735,0.0,5.0,5.0,2.0,0
17.0,0.0,0.0,20.0,5.0,4.0,0
6.0,1.913665597,0.0,7.0,5.0,10.0,1
13.0,0.0,0.0,13.0,5.0,10.0,0
6.0,0.0,3.0,14.0,5.0,6.0,0
3.0,1.8070161420000002,0.0,4.0,5.0,4.0,1
8.0,0.0,0.0,12.0,5.0,6.0,0
5.0,0.0,0.0,11.0,5.0,2.0,1
8.0,0.5338584670000001,0.0,9.0,5.0,2.0,0
36.0,0.7379718064999999,0.0,45.0,5.0,4.0,0
3.0,0.0,0.0,3.0,5.0,9.0,0
28.0,0.0,0.0,28.0,5.0,12.0,0
17.0,0.0,1.0,23.0,5.0,8.0,0
2.0,0.0,0.0,2.0,5.0,12.0,0
3.0,0.0,0.0,4.0,5.0,2.0,0
8.0,1.434921774,0.0,9.0,5.0,5.0,1
93.0,0.0,2.0,99.0,5.0,6.0,0
13.0,0.0,0.0,15.0,5.0,6.0,0
26.0,2.9669923055000003,2.0,32.0,5.0,10.0,1
7.0,1.8328675019999998,0.0,8.0,5.0,11.0,1
32.0,0.0,2.0,36.0,5.0,10.0,1
3.0,0.0,0.0,7.0,5.0,10.0,0
48.0,1.380071523,1.0,57.0,5.0,4.0,1
171.0,0.0,0.0,181.0,5.0,4.0,1
31.0,0.0,3.0,37.0,5.0,9.0,0
13.0,0.0,0.0,19.0,5.0,4.0,0
7.0,0.0,2.0,12.0,5.0,9.0,0
46.0,2.217924359,0.0,50.0,5.0,4.0,1
10.0,0.0,0.0,11.0,5.0,6.0,0
2.0,0.0,0.0,2.0,5.0,12.0,0
71.0,2.4152308135,1.0,80.0,5.0,5.0,1
1.0,0.0,0.0,1.0,5.0,10.0,0
9.0,0.0,0.0,11.0,5.0,6.0,0
9.0,0.0,0.0,9.0,5.0,10.0,0
53.0,0.0,0.0,53.0,5.0,6.0,0
40.0,0.0,0.0,44.0,5.0,8.0,0
13.0,1.7432115305,0.0,14.0,5.0,3.0,1
24.0,0.0,2.0,39.0,5.0,2.0,0
30.0,1.306518061,0.0,32.0,5.0,3.0,1
16.0,0.0,0.0,19.0,5.0,4.0,0
64.0,0.8175779615,2.0,77.0,5.0,3.0,0
31.0,1.0072896305,4.0,36.0,5.0,2.0,1
12.0,2.1467975685,0.0,17.0,5.0,5.0,1
7.0,0.0,0.0,9.0,5.0,8.0,0
7.0,0.0,1.0,18.0,5.0,4.0,0
3.0,0.0,0.0,3.0,5.0,12.0,0
8.0,1.230889234,0.0,8.0,5.0,2.0,1
5.0,0.0,0.0,6.0,5.0,11.0,0
1.0,0.0,0.0,4.0,5.0,5.0,0
14.0,0.0,0.0,17.0,5.0,9.0,0
24.0,0.2622934363,1.0,29.0,5.0,4.0,0
4.0,0.0,0.0,4.0,5.0,10.0,0
1.0,0.0,0.0,1.0,5.0,12.0,0
18.0,1.6751055775,0.0,18.0,5.0,5.0,1
15.0,0.0,0.0,17.0,5.0,2.0,0
11.0,0.0,0.0,14.0,5.0,4.0,0
58.0,0.0,7.0,69.0,5.0,9.0,0
11.0,1.3657552345,0.0,11.0,5.0,5.0,1
98.0,0.0,2.0,105.0,5.0,8.0,0
159.0,0.9116930274999999,1.0,172.0,5.0,12.0,0
30.0,1.426197822,0.0,34.0,5.0,11.0,1
5.0,0.0,0.0,10.0,5.0,8.0,1
96.0,0.0,0.0,96.0,5.0,10.0,0
19.0,0.8844328344999999,0.0,22.0,5.0,10.0,0
38.0,1.724374154,0.0,43.0,5.0,5.0,1
45.0,1.013777795,0.0,50.0,5.0,6.0,1
189.0,0.0,2.0,202.0,5.0,8.0,0
38.0,0.0,0.0,38.0,5.0,12.0,0
13.0,1.0790158105,1.0,15.0,5.0,10.0,0
1.0,0.0,0.0,3.0,5.0,4.0,1
5.0,0.0,6.0,16.0,5.0,6.0,0
30.0,0.0,0.0,33.0,5.0,9.0,0
6.0,0.0,0.0,6.0,5.0,7.0,0
12.0,0.0,0.0,12.0,5.0,4.0,0
9.0,0.0,0.0,13.0,5.0,8.0,1
62.0,0.0,0.0,62.0,5.0,8.0,0
18.0,0.0,0.0,21.0,5.0,2.0,0
31.0,0.0,0.0,42.0,5.0,12.0,0
4.0,0.0,0.0,4.0,5.0,4.0,0
31.0,0.0,0.0,31.0,5.0,4.0,0
69.0,0.0,0.0,74.0,5.0,4.0,0
32.0,1.0251744,1.0,39.0,5.0,2.0,1
16.0,0.0,2.0,18.0,5.0,9.0,0
19.0,0.0,2.0,21.0,5.0,7.0,0
43.0,0.0,0.0,45.0,5.0,2.0,0
3.0,0.0,0.0,4.0,5.0,4.0,0
9.0,0.0,0.0,11.0,5.0,4.0,0
3.0,0.0,0.0,3.0,5.0,10.0,0
30.0,0.0,0.0,30.0,5.0,10.0,0
47.0,0.0,0.0,47.0,5.0,8.0,0
5.0,0.0,0.0,12.0,5.0,11.0,0
243.0,0.0913735372,2.0,257.0,5.0,10.0,1
25.0,0.0,2.0,28.0,5.0,4.0,0
46.0,0.0,1.0,56.0,5.0,8.0,0
1.0,0.0,0.0,1.0,5.0,11.0,0
30.0,0.0,0.0,31.0,5.0,5.0,0
117.0,0.12137269635,0.0,119.0,5.0,10.0,1
5.0,0.0,0.0,5.0,5.0,6.0,0
34.0,0.0,0.0,37.0,5.0,6.0,0
19.0,0.0,0.0,20.0,5.0,10.0,0
2.0,0.0,0.0,2.0,5.0,12.0,0
41.0,0.0,0.0,43.0,5.0,3.0,0
17.0,0.0,0.0,19.0,5.0,3.0,0
86.0,0.0,0.0,88.0,5.0,8.0,0
184.0,6.91604171,1.0,190.0,5.0,4.0,0
20.0,1.0413065865,0.0,20.0,5.0,3.0,1
52.0,0.0,0.0,58.0,5.0,6.0,0
36.0,0.0,0.0,39.0,5.0,4.0,0
24.0,0.4443835946,5.0,37.0,5.0,4.0,1
8.0,0.0,0.0,8.0,5.0,13.0,0
24.0,0.0,1.0,35.0,5.0,7.0,0
32.0,0.0,0.0,32.0,5.0,2.0,0
22.0,0.0,0.0,28.0,5.0,2.0,0
2.0,0.0,0.0,2.0,5.0,8.0,0
26.0,0.0,0.0,28.0,5.0,2.0,0
16.0,0.0,0.0,16.0,5.0,10.0,0
19.0,0.0,0.0,22.0,5.0,2.0,0
21.0,0.0,0.0,22.0,5.0,7.0,0
5.0,6.294695455,0.0,5.0,5.0,3.0,1
66.0,0.0,0.0,78.0,5.0,8.0,0
15.0,1.98248754,0.0,15.0,5.0,5.0,1
61.0,0.1019635114,0.0,62.0,5.0,8.0,0
9.0,1.4731044150000001,0.0,12.0,5.0,8.0,0
27.0,0.0,1.0,31.0,5.0,4.0,0
50.0,0.0,5.0,56.0,5.0,2.0,0
82.0,0.04531879835,0.0,85.0,5.0,6.0,0
7.0,0.0,2.0,11.0,5.0,12.0,0
5.0,2.2914173985,0.0,8.0,5.0,6.0,1
4.0,0.0,0.0,4.0,5.0,10.0,0
16.0,2.3169956259999998,0.0,18.0,5.0,6.0,1
93.0,0.8479539239999999,4.0,97.0,5.0,8.0,1
13.0,0.0,6.0,22.0,5.0,13.0,0
29.0,0.0,0.0,31.0,5.0,5.0,0
4.0,0.0,4.0,11.0,5.0,6.0,0
38.0,0.0,0.0,40.0,5.0,4.0,0
27.0,0.0,1.0,28.0,5.0,6.0,0
10.0,0.0,1.0,15.0,5.0,2.0,0
76.0,0.0,0.0,93.0,5.0,4.0,0
5.0,0.590445678,0.0,5.0,5.0,12.0,1
39.0,0.03876590565,0.0,43.0,5.0,2.0,0
72.0,0.0,0.0,79.0,5.0,4.0,0
13.0,0.0,0.0,19.0,5.0,6.0,0
53.0,0.0,4.0,69.0,5.0,7.0,0
13.0,0.0,2.0,19.0,5.0,6.0,0
6.0,0.0,0.0,12.0,5.0,8.0,0
22.0,0.0,0.0,25.0,5.0,5.0,0
16.0,1.3094261465,0.0,19.0,5.0,10.0,1
20.0,0.0,0.0,22.0,5.0,4.0,0
1.0,0.0,0.0,1.0,5.0,1.0,0
47.0,0.0,5.0,52.0,5.0,1.0,0
44.0,0.0,0.0,46.0,5.0,1.0,0
14.0,0.0,0.0,14.0,5.0,1.0,0
6.0,0.0,0.0,6.0,5.0,2.0,0
15.0,0.0,0.0,15.0,5.0,2.0,0
27.0,0.0,6.0,33.0,5.0,2.0,0
12.0,0.0,0.0,16.0,5.0,1.0,0
14.0,0.0,0.0,14.0,5.0,2.0,1
92.0,0.9020574084999999,2.0,101.0,5.0,3.0,0
5.0,0.0,0.0,6.0,5.0,1.0,0
20.0,0.0,0.0,20.0,5.0,3.0,0
21.0,0.0,2.0,28.0,5.0,1.0,0
25.0,0.0,1.0,26.0,5.0,3.0,0
64.0,0.0,0.0,64.0,5.0,2.0,0
3.0,0.0,0.0,3.0,5.0,2.0,0
29.0,0.0,0.0,35.0,5.0,1.0,0
66.0,0.0,0.0,69.0,5.0,2.0,0
14.0,0.0,0.0,14.0,5.0,3.0,0
10.0,0.0,0.0,10.0,5.0,1.0,0
7.0,0.0,0.0,7.0,5.0,2.0,0
24.0,0.0,2.0,29.0,5.0,1.0,0
35.0,0.0,0.0,38.0,5.0,2.0,0
33.0,0.0,0.0,33.0,5.0,1.0,0
18.0,0.0,0.0,23.0,5.0,1.0,0
10.0,0.0,0.0,10.0,5.0,1.0,0
28.0,0.0,0.0,28.0,5.0,2.0,0
131.0,0.0,1.0,133.0,5.0,2.0,0
84.0,0.0,0.0,84.0,5.0,2.0,1
1.0,0.0,0.0,1.0,5.0,1.0,0
33.0,0.0,0.0,34.0,5.0,3.0,0
8.0,0.0,0.0,9.0,5.0,1.0,0
12.0,0.0,0.0,12.0,5.0,2.0,0
10.0,0.3924269389,0.0,11.0,5.0,1.0,1
48.0,0.0,1.0,51.0,5.0,3.0,0
241.0,0.0234203044,2.0,245.0,5.0,1.0,0
24.0,0.0,0.0,24.0,5.0,3.0,1
2.0,0.0,0.0,2.0,5.0,1.0,0
58.0,0.0,0.0,58.0,5.0,3.0,1
1.0,0.0,0.0,1.0,5.0,3.0,0
51.0,0.3785235012,1.0,53.0,5.0,2.0,0
15.0,0.0,0.0,16.0,5.0,1.0,0
20.0,0.0,0.0,20.0,5.0,2.0,0
13.0,0.0,0.0,13.0,5.0,1.0,0
122.0,3.7638564565,0.0,131.0,5.0,2.0,1
11.0,0.0,2.0,13.0,5.0,1.0,0
16.0,0.0,1.0,25.0,5.0,2.0,0
4.0,0.0,0.0,4.0,5.0,2.0,0
65.0,0.0,0.0,66.0,5.0,3.0,0
20.0,0.0,0.0,20.0,5.0,1.0,0
23.0,0.0,0.0,23.0,5.0,3.0,0
16.0,0.0,2.0,25.0,5.0,1.0,0
5.0,0.0,0.0,5.0,5.0,2.0,0
28.0,0.0,0.0,30.0,5.0,2.0,0
11.0,0.0,0.0,17.0,5.0,1.0,0
28.0,0.0,0.0,28.0,5.0,2.0,0
19.0,3.0259942605,0.0,22.0,5.0,2.0,1
36.0,0.0,0.0,36.0,5.0,2.0,0
76.0,1.1432922715,3.0,88.0,5.0,1.0,0
12.0,0.0,1.0,18.0,5.0,1.0,0
5.0,0.0,0.0,5.0,5.0,1.0,0
12.0,0.0,0.0,12.0,5.0,2.0,0
38.0,2.605667893,0.0,42.0,5.0,2.0,1
8.0,0.0,0.0,12.0,5.0,2.0,1
23.0,0.0,0.0,24.0,5.0,3.0,0
5.0,0.0,0.0,5.0,5.0,2.0,0
5.0,0.0,0.0,5.0,5.0,2.0,0
32.0,0.0,0.0,34.0,5.0,1.0,0
93.0,0.8885217154999999,3.0,97.0,5.0,2.0,1
91.0,0.0,0.0,93.0,5.0,2.0,0
0.0,0.0,0.0,0.0,5.0,2.0,0
49.0,0.0,0.0,56.0,5.0,1.0,0
55.0,1.860591817,0.0,60.0,5.0,2.0,1
5.0,0.0,0.0,5.0,5.0,1.0,0
54.0,0.0,1.0,58.0,5.0,1.0,0
9.0,0.0,0.0,9.0,5.0,2.0,0
35.0,0.0,0.0,35.0,5.0,1.0,0
4.0,0.0,0.0,8.0,5.0,1.0,0
38.0,0.0,0.0,38.0,5.0,2.0,0
70.0,0.0,0.0,70.0,5.0,2.0,0
25.0,0.0,0.0,26.0,5.0,1.0,0
29.0,0.0,0.0,29.0,5.0,2.0,1
1.0,0.0,0.0,1.0,5.0,1.0,0
6.0,0.0,0.0,6.0,5.0,1.0,0
197.0,0.16820304785,3.0,211.0,5.0,2.0,1
8.0,0.0,0.0,8.0,5.0,2.0,0
71.0,0.187007534,0.0,72.0,5.0,2.0,1
1.0,0.0,0.0,1.0,5.0,1.0,0
16.0,0.0,0.0,17.0,5.0,2.0,0
449.0,0.0,6.0,460.0,5.0,1.0,0
15.0,0.0,0.0,15.0,5.0,3.0,0
17.0,1.2638802574999999,0.0,20.0,5.0,1.0,1
3.0,0.0,0.0,3.0,5.0,1.0,0
11.0,0.0,0.0,11.0,5.0,3.0,0
102.0,0.0,0.0,105.0,5.0,3.0,0
5.0,0.0,0.0,5.0,5.0,1.0,0
15.0,2.1115129345,0.0,17.0,5.0,1.0,1
1.0,0.0,0.0,1.0,5.0,1.0,0
63.0,0.0,0.0,64.0,5.0,1.0,0
143.0,0.0,0.0,143.0,5.0,2.0,0
26.0,0.0,0.0,26.0,5.0,2.0,0
3.0,0.0,0.0,3.0,5.0,2.0,0
14.0,4.709745134,0.0,14.0,5.0,3.0,1
2.0,0.0,0.0,2.0,5.0,1.0,0
2.0,0.0,0.0,2.0,5.0,1.0,0
25.0,0.0,0.0,29.0,5.0,2.0,0
71.0,0.0,0.0,75.0,5.0,2.0,0
18.0,0.0,0.0,18.0,5.0,2.0,0
10.0,0.0,0.0,10.0,5.0,1.0,0
19.0,0.7763517025,2.0,23.0,5.0,2.0,1
22.0,2.333926375,1.0,26.0,5.0,2.0,1
148.0,0.080400813,1.0,157.0,5.0,2.0,0
172.0,0.1462080932,1.0,181.0,5.0,2.0,1
46.0,0.0,3.0,51.0,5.0,3.0,0
7.0,3.8390470550000004,0.0,8.0,5.0,2.0,0
4.0,0.0,0.0,10.0,5.0,1.0,0
29.0,0.0,0.0,31.0,5.0,1.0,0
20.0,0.0,0.0,20.0,5.0,1.0,0
5.0,0.0,0.0,5.0,5.0,2.0,0
2.0,0.0,0.0,2.0,5.0,2.0,0
50.0,0.0,0.0,57.0,5.0,1.0,0
14.0,0.0,0.0,15.0,5.0,1.0,0
8.0,0.0,0.0,8.0,5.0,2.0,0
8.0,0.0,0.0,8.0,5.0,2.0,0
10.0,0.0,0.0,12.0,5.0,3.0,1
10.0,0.0,0.0,11.0,5.0,1.0,0
35.0,0.0,0.0,35.0,5.0,2.0,0
71.0,0.0,1.0,72.0,5.0,1.0,1
3.0,0.0,0.0,7.0,5.0,1.0,0
37.0,0.0,0.0,38.0,5.0,2.0,0
11.0,0.0,0.0,11.0,5.0,1.0,0
27.0,0.0,0.0,29.0,5.0,2.0,1
23.0,0.0,0.0,23.0,5.0,2.0,0
7.0,0.0,0.0,7.0,5.0,1.0,0
135.0,0.0,0.0,140.0,5.0,3.0,0
94.0,0.0,2.0,102.0,5.0,2.0,0
21.0,2.1140637455,0.0,22.0,5.0,2.0,0
111.0,0.12574889765,3.0,124.0,5.0,2.0,0
29.0,1.0374050335,4.0,42.0,5.0,2.0,0
26.0,0.0,0.0,26.0,5.0,1.0,0
60.0,3.182326774,2.0,71.0,5.0,1.0,1
22.0,0.0,0.0,22.0,5.0,2.0,0
7.0,0.0,0.0,7.0,5.0,1.0,0
213.0,0.0,2.0,227.0,5.0,2.0,0
10.0,1.287631945,0.0,10.0,5.0,1.0,1
63.0,0.0,2.0,66.0,5.0,3.0,0
3.0,0.0,0.0,8.0,5.0,2.0,1
15.0,2.829010855,0.0,16.0,5.0,3.0,1
20.0,0.0,0.0,20.0,5.0,2.0,0
94.0,0.0,0.0,98.0,5.0,2.0,1
14.0,0.0,0.0,14.0,5.0,1.0,0
3.0,0.0,0.0,3.0,5.0,3.0,0
25.0,0.0,2.0,29.0,5.0,2.0,0
28.0,0.0,0.0,28.0,5.0,1.0,0
22.0,0.0,0.0,24.0,5.0,1.0,0
143.0,0.0,0.0,144.0,5.0,3.0,0
98.0,0.0,1.0,99.0,5.0,2.0,1
10.0,0.0,0.0,12.0,5.0,3.0,0
21.0,0.0,0.0,21.0,5.0,1.0,0
5.0,0.0,0.0,5.0,5.0,2.0,0
67.0,0.0,1.0,68.0,5.0,1.0,0
10.0,0.0,0.0,10.0,5.0,2.0,0
12.0,2.5258820965,0.0,15.0,5.0,2.0,1
45.0,0.0,0.0,49.0,5.0,2.0,0
8.0,0.0,0.0,15.0,5.0,1.0,0
9.0,0.0,0.0,9.0,5.0,2.0,0
63.0,0.0,0.0,70.0,5.0,1.0,0
6.0,0.0,0.0,6.0,5.0,2.0,0
79.0,0.0,4.0,84.0,5.0,3.0,0
16.0,0.7574324155000001,0.0,17.0,5.0,2.0,1
5.0,0.0,0.0,5.0,5.0,1.0,0
28.0,0.0,0.0,28.0,5.0,1.0,0
12.0,0.0,0.0,12.0,5.0,1.0,0
30.0,0.0,0.0,32.0,5.0,3.0,0
4.0,0.0,0.0,4.0,5.0,2.0,0
9.0,0.0,0.0,12.0,5.0,3.0,0
10.0,0.0,0.0,10.0,5.0,1.0,0
8.0,0.0,0.0,11.0,5.0,3.0,0
79.0,0.0,0.0,80.0,5.0,2.0,0
27.0,0.0,0.0,32.0,5.0,1.0,0
3.0,0.0,0.0,3.0,5.0,3.0,0
14.0,0.0,0.0,14.0,5.0,3.0,0
17.0,3.1381473790000003,0.0,17.0,5.0,2.0,1
21.0,0.0,0.0,21.0,5.0,1.0,0
1.0,0.0,0.0,1.0,5.0,2.0,0
65.0,1.0301179935,0.0,67.0,5.0,2.0,0
37.0,0.27321217745,0.0,39.0,5.0,1.0,0
1.0,0.0,0.0,1.0,5.0,1.0,0
8.0,0.0,0.0,8.0,5.0,1.0,0
39.0,0.0,0.0,39.0,5.0,1.0,0
69.0,0.0,2.0,76.0,5.0,2.0,0
63.0,0.40686370395000004,0.0,64.0,5.0,2.0,1
33.0,0.0,0.0,33.0,5.0,1.0,0
43.0,0.0,1.0,48.0,5.0,2.0,1
8.0,0.0,0.0,12.0,5.0,1.0,0
8.0,0.0,0.0,8.0,5.0,2.0,0
8.0,0.0,0.0,8.0,5.0,2.0,0
21.0,0.0,0.0,22.0,5.0,2.0,0
1.0,0.0,0.0,1.0,5.0,2.0,0
52.0,0.0,0.0,52.0,5.0,1.0,0
7.0,0.0,0.0,13.0,5.0,1.0,1
11.0,0.0,0.0,11.0,5.0,2.0,0
13.0,0.0,0.0,13.0,5.0,1.0,0
13.0,0.0,0.0,17.0,5.0,2.0,0
23.0,0.0,1.0,25.0,5.0,2.0,0
4.0,0.0,0.0,4.0,5.0,1.0,0
157.0,1.592804016,4.0,167.0,5.0,1.0,1
5.0,0.0,0.0,5.0,5.0,2.0,0
59.0,0.3049949508,0.0,65.0,5.0,2.0,0
29.0,0.912529817,0.0,31.0,5.0,1.0,0
37.0,0.0,0.0,37.0,5.0,1.0,0
9.0,0.0,3.0,17.0,5.0,2.0,0
12.0,0.0,0.0,16.0,5.0,1.0,0
1.0,0.0,0.0,1.0,5.0,1.0,0
25.0,0.0,0.0,25.0,5.0,3.0,0
188.0,0.0,2.0,190.0,5.0,2.0,0
7.0,0.0,0.0,7.0,5.0,2.0,0
75.0,0.0,0.0,79.0,5.0,2.0,1
15.0,0.0,0.0,17.0,5.0,2.0,0
21.0,0.0,0.0,21.0,5.0,2.0,0
33.0,0.0,0.0,33.0,5.0,1.0,0
108.0,0.0,0.0,112.0,5.0,2.0,0
24.0,0.0,0.0,26.0,5.0,1.0,0
3.0,0.0,0.0,3.0,5.0,1.0,0
72.0,0.0,0.0,74.0,5.0,2.0,0
10.0,0.0,0.0,10.0,5.0,2.0,0
33.0,0.0,0.0,33.0,5.0,2.0,0
7.0,0.0,0.0,7.0,5.0,1.0,0
2.0,0.0,0.0,2.0,5.0,1.0,0
27.0,0.0,0.0,28.0,5.0,1.0,0
25.0,0.0,2.0,35.0,5.0,1.0,0
3.0,0.0,0.0,3.0,5.0,2.0,0
12.0,2.020072405,0.0,12.0,5.0,1.0,1
6.0,0.0,0.0,6.0,5.0,1.0,0
48.0,0.0,0.0,56.0,5.0,1.0,0
16.0,1.2627820975000001,0.0,17.0,5.0,1.0,1
12.0,0.0,0.0,13.0,5.0,1.0,0
34.0,0.0,0.0,35.0,5.0,2.0,1
9.0,0.0,0.0,9.0,5.0,2.0,0
2.0,0.0,0.0,2.0,5.0,2.0,0
18.0,0.0,0.0,18.0,5.0,1.0,0
29.0,0.0,2.0,31.0,5.0,1.0,0
1.0,0.0,0.0,1.0,5.0,2.0,0
43.0,0.0,0.0,50.0,5.0,1.0,0
27.0,0.45113707534999997,0.0,32.0,5.0,2.0,0
1.0,0.0,0.0,1.0,5.0,2.0,0
159.0,0.13512589290000002,3.0,166.0,5.0,1.0,1
20.0,0.0,0.0,29.0,5.0,2.0,0
391.0,0.06357033144999999,1.0,399.0,5.0,2.0,0
16.0,0.0,1.0,18.0,5.0,1.0,0
29.0,0.0,0.0,34.0,5.0,3.0,0
72.0,0.0,0.0,75.0,5.0,3.0,0
51.0,0.0,6.0,63.0,5.0,2.0,0
10.0,0.0,0.0,17.0,5.0,1.0,0
4.0,0.0,0.0,4.0,5.0,1.0,0
37.0,0.0,0.0,37.0,5.0,1.0,0
238.0,0.3278118717,3.0,256.0,5.0,3.0,1
7.0,0.0,0.0,7.0,5.0,1.0,0
12.0,0.0,0.0,17.0,5.0,2.0,0
20.0,0.0,0.0,20.0,5.0,1.0,0
1.0,0.0,0.0,1.0,5.0,2.0,0
18.0,2.323740115,0.0,18.0,5.0,2.0,1
23.0,0.0,0.0,28.0,5.0,2.0,0
74.0,1.7339207435,5.0,82.0,5.0,3.0,1
45.0,0.0,4.0,49.0,5.0,1.0,0
1.0,0.0,0.0,1.0,5.0,1.0,0
121.0,0.16614331075,0.0,133.0,5.0,2.0,0
7.0,0.0,0.0,7.0,5.0,2.0,0
36.0,0.0,0.0,36.0,5.0,2.0,0
8.0,5.456057775,0.0,8.0,5.0,1.0,1
10.0,0.0,7.0,20.0,5.0,2.0,0
22.0,0.0,0.0,23.0,5.0,3.0,0
31.0,1.0929792015,0.0,37.0,5.0,2.0,0
43.0,0.0,0.0,45.0,5.0,2.0,0
26.0,0.0,0.0,27.0,5.0,1.0,0
16.0,0.0,0.0,16.0,5.0,1.0,0
38.0,0.0,0.0,38.0,5.0,2.0,0
4.0,0.0,0.0,4.0,5.0,1.0,0
161.0,2.2709411035,1.0,166.0,5.0,2.0,1
1.0,0.0,0.0,1.0,5.0,2.0,0
37.0,0.6482601394999999,0.0,41.0,5.0,2.0,1
16.0,0.0,0.0,16.0,5.0,2.0,0
28.0,1.8100156049999998,3.0,32.0,5.0,2.0,1
8.0,0.0,0.0,8.0,5.0,1.0,0
12.0,0.0,0.0,15.0,5.0,2.0,0
4.0,0.0,0.0,4.0,5.0,1.0,0
14.0,0.0,0.0,14.0,5.0,2.0,1
108.0,0.1700719396,3.0,122.0,5.0,2.0,0
152.0,0.632303346,3.0,158.0,5.0,2.0,1
21.0,0.0,0.0,21.0,5.0,1.0,0
16.0,0.0,2.0,18.0,5.0,2.0,0
2.0,0.0,0.0,5.0,5.0,1.0,0
118.0,0.7335993144999999,0.0,129.0,5.0,2.0,1
4.0,0.0,0.0,4.0,5.0,2.0,0
12.0,0.0,0.0,12.0,5.0,2.0,0
165.0,0.17564264670000002,3.0,173.0,5.0,2.0,1
293.0,0.10824048555000002,0.0,297.0,5.0,2.0,1
174.0,0.0,2.0,178.0,5.0,2.0,0
17.0,0.0,0.0,22.0,5.0,1.0,0
149.0,0.0,4.0,164.0,5.0,2.0,0
68.0,0.3346829146,3.0,79.0,5.0,1.0,1
2.0,0.0,0.0,2.0,5.0,2.0,0
162.0,0.738610974,2.0,175.0,5.0,2.0,1
6.0,0.0,0.0,6.0,5.0,2.0,0
68.0,0.0,0.0,68.0,5.0,2.0,0
17.0,0.0,0.0,21.0,5.0,2.0,0
3.0,0.0,0.0,3.0,5.0,2.0,0
20.0,3.6991269504999997,0.0,20.0,5.0,1.0,1
19.0,1.24360425,0.0,20.0,5.0,1.0,1
42.0,0.0,2.0,51.0,5.0,2.0,0
15.0,0.6592772575,0.0,15.0,5.0,1.0,1
53.0,2.6249310145,0.0,53.0,5.0,3.0,1
0.0,0.0,2.0,2.0,5.0,1.0,0
18.0,0.0,0.0,18.0,5.0,2.0,0
62.0,1.080090045,0.0,65.0,5.0,2.0,1
17.0,0.0,0.0,20.0,5.0,1.0,0
36.0,0.0,0.0,36.0,5.0,1.0,0
6.0,4.39514803,0.0,6.0,5.0,1.0,1
39.0,0.0,1.0,41.0,5.0,1.0,0
90.0,0.0,1.0,99.0,5.0,3.0,0
24.0,0.0,0.0,26.0,5.0,1.0,0
95.0,0.0,2.0,97.0,5.0,3.0,0
4.0,0.0,0.0,4.0,5.0,1.0,0
19.0,0.0,0.0,19.0,5.0,1.0,0
33.0,0.0,2.0,39.0,5.0,1.0,1
1.0,0.0,0.0,1.0,5.0,1.0,0
584.0,0.2255550211,2.0,613.0,5.0,2.0,0
12.0,0.0,0.0,16.0,5.0,2.0,0
4.0,0.0,0.0,4.0,5.0,3.0,0
60.0,0.0,3.0,63.0,5.0,2.0,0
46.0,0.0,0.0,50.0,5.0,1.0,0
28.0,0.0,0.0,29.0,5.0,1.0,1
8.0,0.0,0.0,8.0,5.0,1.0,0
1.0,0.0,0.0,1.0,5.0,2.0,0
1.0,0.0,0.0,1.0,5.0,2.0,0
65.0,0.1367175769,0.0,66.0,5.0,1.0,1
2.0,0.0,0.0,2.0,5.0,3.0,0
3.0,0.0,0.0,3.0,5.0,1.0,0
20.0,0.0,0.0,22.0,5.0,2.0,0
13.0,0.0,0.0,14.0,5.0,2.0,0
5.0,0.0,0.0,5.0,5.0,2.0,0
37.0,0.4129044383,0.0,38.0,5.0,2.0,1
5.0,0.0,0.0,5.0,5.0,2.0,0
8.0,0.0,0.0,8.0,5.0,2.0,1
13.0,2.1372952155,0.0,14.0,5.0,2.0,1
25.0,0.5290493385,0.0,31.0,5.0,3.0,1
5.0,0.0,0.0,10.0,5.0,1.0,1
24.0,0.0,0.0,25.0,5.0,1.0,0
154.0,0.0,0.0,162.0,5.0,3.0,0
19.0,0.0,0.0,19.0,5.0,2.0,0
130.0,0.0340494271,1.0,138.0,5.0,2.0,1
18.0,2.7191293295000003,0.0,19.0,5.0,1.0,1
21.0,0.0,0.0,21.0,5.0,1.0,0
59.0,0.0,0.0,59.0,5.0,2.0,0
17.0,0.0,0.0,20.0,5.0,2.0,0
137.0,0.2741447912,4.0,143.0,5.0,2.0,1
38.0,0.0,3.0,47.0,5.0,2.0,1
29.0,0.0,0.0,32.0,5.0,2.0,0
31.0,3.8520998835,0.0,31.0,5.0,1.0,1
44.0,0.0,0.0,51.0,5.0,2.0,0
7.0,0.0,0.0,7.0,5.0,2.0,0
58.0,0.0,1.0,63.0,5.0,2.0,1
51.0,0.31149973695,0.0,57.0,5.0,2.0,1
21.0,10.919759575,0.0,23.0,5.0,1.0,0
50.0,0.0,0.0,58.0,5.0,2.0,0
8.0,0.0,0.0,8.0,5.0,3.0,0
89.0,0.0,0.0,89.0,5.0,3.0,1
178.0,0.10191997245,3.0,203.0,5.0,2.0,1
32.0,0.0,0.0,32.0,5.0,1.0,0
11.0,0.0,0.0,12.0,5.0,2.0,0
49.0,1.7899847430000002,0.0,50.0,5.0,2.0,1
9.0,0.0,0.0,9.0,5.0,2.0,0
17.0,0.0,0.0,20.0,5.0,1.0,0
104.0,0.0,1.0,105.0,5.0,2.0,0
20.0,1.0709718540000002,0.0,21.0,5.0,2.0,1
17.0,0.898034522,1.0,18.0,5.0,3.0,1
51.0,0.0,0.0,53.0,5.0,2.0,0
27.0,0.0,0.0,27.0,5.0,1.0,0
31.0,0.0,0.0,32.0,5.0,2.0,1
55.0,1.2051031885,0.0,61.0,5.0,1.0,1
26.0,0.0,0.0,26.0,5.0,2.0,0
90.0,0.0,0.0,90.0,5.0,2.0,0
24.0,0.0,0.0,24.0,5.0,3.0,1
20.0,0.0,0.0,20.0,5.0,1.0,1
44.0,0.9458036599999999,0.0,49.0,5.0,1.0,0
1.0,0.0,0.0,1.0,5.0,1.0,0
15.0,0.0,0.0,20.0,5.0,1.0,0
25.0,1.1787685585,0.0,25.0,5.0,2.0,1
12.0,0.0,0.0,12.0,5.0,1.0,0
105.0,0.22641648774999998,1.0,124.0,5.0,1.0,0
8.0,0.0,2.0,13.0,5.0,2.0,0
16.0,0.0,0.0,17.0,5.0,1.0,0
93.0,0.0,4.0,97.0,5.0,1.0,0
76.0,0.0967745651,1.0,86.0,5.0,2.0,0
20.0,1.9444081125000001,4.0,26.0,5.0,2.0,1
126.0,1.439923572,0.0,131.0,5.0,2.0,1
22.0,0.0,0.0,22.0,5.0,3.0,0
20.0,3.4100190159999997,0.0,22.0,5.0,1.0,0
19.0,0.0,0.0,19.0,5.0,2.0,0
26.0,0.26186123769999997,0.0,30.0,5.0,2.0,0
17.0,0.9111521935000001,2.0,21.0,5.0,1.0,1
32.0,1.8528004790000001,0.0,40.0,5.0,2.0,1
3.0,0.0,0.0,3.0,5.0,1.0,0
5.0,0.0,0.0,10.0,5.0,1.0,0
30.0,0.0,0.0,31.0,5.0,2.0,0
18.0,0.0,0.0,18.0,5.0,1.0,0
15.0,0.0,0.0,15.0,5.0,1.0,0
44.0,0.0,0.0,56.0,5.0,1.0,0
111.0,0.40959614459999993,4.0,122.0,5.0,2.0,1
70.0,0.0,0.0,70.0,5.0,2.0,0
63.0,0.0,2.0,66.0,5.0,3.0,0
6.0,0.0,0.0,6.0,5.0,3.0,0
7.0,0.0,0.0,7.0,5.0,1.0,0
22.0,0.0,0.0,22.0,5.0,2.0,0
22.0,0.0,0.0,22.0,5.0,2.0,0
15.0,0.0,1.0,23.0,5.0,1.0,1
14.0,0.0,0.0,19.0,5.0,1.0,0
29.0,0.0,0.0,30.0,5.0,2.0,0
10.0,0.0,0.0,10.0,5.0,2.0,0
30.0,2.056668443,0.0,30.0,5.0,1.0,1
21.0,0.0,0.0,21.0,5.0,3.0,0
36.0,0.0,0.0,36.0,5.0,3.0,0
26.0,0.0,0.0,26.0,5.0,3.0,0
44.0,0.0,0.0,44.0,5.0,2.0,0
122.0,0.0,3.0,135.0,5.0,1.0,0
12.0,0.0,0.0,12.0,5.0,1.0,0
41.0,0.0,0.0,47.0,5.0,1.0,0
18.0,0.0,0.0,18.0,5.0,1.0,0
3.0,0.0,0.0,3.0,5.0,3.0,1
2.0,0.0,0.0,2.0,5.0,1.0,0
164.0,0.688236822,0.0,178.0,5.0,2.0,1
3.0,0.0,0.0,4.0,5.0,3.0,0
8.0,0.0,0.0,8.0,5.0,1.0,0
311.0,0.0,1.0,316.0,5.0,2.0,0
24.0,4.121631745,0.0,30.0,5.0,1.0,0
83.0,0.0,5.0,97.0,5.0,2.0,1
37.0,0.33256673415,0.0,43.0,5.0,2.0,1
32.0,0.9802757550000001,0.0,32.0,5.0,2.0,0
19.0,0.0,0.0,19.0,5.0,2.0,0
10.0,0.0,0.0,11.0,5.0,1.0,0
60.0,0.0,0.0,60.0,5.0,2.0,1
125.0,0.0,0.0,130.0,5.0,2.0,0
140.0,0.0,0.0,140.0,5.0,2.0,0
18.0,0.0,0.0,18.0,5.0,2.0,0
1.0,0.0,0.0,1.0,5.0,2.0,0
18.0,0.0,0.0,18.0,5.0,2.0,0
17.0,0.0,0.0,20.0,5.0,3.0,1
26.0,1.2349918925,0.0,28.0,5.0,3.0,0
1.0,0.0,0.0,1.0,5.0,2.0,0
54.0,0.0,0.0,54.0,5.0,2.0,0
5.0,0.0,0.0,5.0,5.0,3.0,0
66.0,0.0,0.0,70.0,5.0,2.0,0
0.0,0.0,0.0,1.0,5.0,1.0,0
153.0,0.29571925600000004,3.0,166.0,5.0,1.0,0
12.0,10.94324548,0.0,13.0,5.0,1.0,1
9.0,0.0,0.0,9.0,5.0,1.0,0
340.0,0.0,7.0,355.0,5.0,2.0,0
10.0,0.0,0.0,10.0,5.0,1.0,0
9.0,0.0,0.0,9.0,5.0,1.0,0
56.0,0.0,0.0,56.0,5.0,3.0,0
39.0,0.0,0.0,40.0,5.0,3.0,1
2.0,0.0,0.0,2.0,5.0,3.0,0
2.0,0.0,0.0,6.0,5.0,1.0,0
97.0,0.0,0.0,97.0,5.0,2.0,0
39.0,0.0,1.0,46.0,5.0,1.0,0
36.0,0.6251628389999999,2.0,38.0,5.0,2.0,1
14.0,0.0,0.0,14.0,5.0,1.0,0
35.0,0.47294510470000006,0.0,36.0,5.0,1.0,0
37.0,0.691158476,0.0,38.0,5.0,1.0,0
22.0,0.0,0.0,29.0,5.0,2.0,0
86.0,0.29557260890000003,0.0,92.0,5.0,2.0,1
19.0,0.0,0.0,26.0,5.0,1.0,1
108.0,0.0,0.0,117.0,5.0,2.0,1
6.0,0.0,0.0,10.0,5.0,2.0,0
21.0,0.0,0.0,21.0,5.0,2.0,0
12.0,0.0,0.0,12.0,5.0,2.0,0
30.0,1.050873487,1.0,37.0,5.0,2.0,0
41.0,0.0,0.0,42.0,5.0,1.0,0
15.0,0.0,0.0,17.0,5.0,1.0,0
3.0,0.0,0.0,3.0,5.0,2.0,0
6.0,0.0,0.0,6.0,5.0,2.0,0
24.0,0.0,0.0,24.0,5.0,2.0,0
4.0,0.0,0.0,4.0,5.0,2.0,0
18.0,0.0,0.0,18.0,5.0,2.0,0
64.0,0.28492927385,0.0,65.0,5.0,2.0,0
1.0,0.0,4.0,8.0,5.0,1.0,0
21.0,0.0,1.0,22.0,5.0,3.0,0
28.0,0.0,0.0,28.0,5.0,1.0,0
2.0,0.0,0.0,2.0,5.0,1.0,0
49.0,0.0,0.0,49.0,5.0,1.0,0
81.0,0.0,0.0,81.0,5.0,3.0,0
39.0,0.0,0.0,39.0,5.0,1.0,0
57.0,0.0,0.0,60.0,5.0,3.0,0
4.0,0.0,0.0,4.0,5.0,1.0,0
26.0,0.0,5.0,31.0,5.0,3.0,0
90.0,0.0,0.0,90.0,5.0,3.0,0
9.0,1.3190373279999998,0.0,11.0,5.0,1.0,0
137.0,0.09817962129999999,1.0,144.0,5.0,2.0,1
49.0,0.0,0.0,50.0,5.0,1.0,0
26.0,0.42622744595000006,0.0,28.0,5.0,2.0,1
24.0,0.0,2.0,38.0,5.0,1.0,0
1.0,0.0,0.0,1.0,5.0,1.0,0
2.0,0.0,0.0,2.0,5.0,1.0,0
250.0,0.0,2.0,257.0,5.0,2.0,1
124.0,0.33547200675,0.0,131.0,5.0,2.0,1
33.0,1.5109390055,0.0,39.0,5.0,2.0,1
13.0,0.0,0.0,19.0,5.0,1.0,0
7.0,0.0,0.0,7.0,5.0,1.0,0
44.0,0.0,0.0,47.0,5.0,1.0,0
1.0,0.0,0.0,1.0,5.0,2.0,0
37.0,0.0,0.0,37.0,5.0,3.0,1
2.0,0.0,0.0,2.0,5.0,1.0,0
3.0,0.0,0.0,3.0,5.0,2.0,0
7.0,0.0,0.0,7.0,5.0,1.0,0
41.0,3.6219230045,3.0,57.0,5.0,1.0,1
32.0,0.0,2.0,46.0,5.0,1.0,0
27.0,0.0,0.0,30.0,5.0,1.0,0
99.0,0.0,0.0,100.0,5.0,2.0,0
36.0,0.0,3.0,39.0,5.0,1.0,0
14.0,0.0,0.0,14.0,5.0,2.0,1
27.0,0.0,0.0,31.0,5.0,3.0,0
28.0,0.0,1.0,30.0,5.0,1.0,0
103.0,0.0,0.0,104.0,5.0,2.0,0
40.0,0.0,6.0,53.0,5.0,1.0,0
31.0,0.0,0.0,34.0,5.0,1.0,0
7.0,0.0,0.0,9.0,5.0,2.0,0
33.0,0.47146812415,0.0,33.0,5.0,3.0,0
4.0,0.0,0.0,5.0,5.0,2.0,0
37.0,0.0,3.0,49.0,5.0,2.0,1
103.0,0.0,0.0,105.0,5.0,1.0,0
3.0,0.0,0.0,3.0,5.0,1.0,0
18.0,0.0,0.0,18.0,5.0,1.0,0
139.0,0.875312002,0.0,142.0,5.0,2.0,1
21.0,2.400682745,0.0,26.0,5.0,2.0,1
19.0,0.0,1.0,20.0,5.0,1.0,0
71.0,0.0,0.0,77.0,5.0,1.0,0
13.0,0.0,0.0,13.0,5.0,2.0,0
37.0,0.6625006234999999,0.0,45.0,5.0,1.0,1
6.0,0.0,0.0,6.0,5.0,2.0,0
204.0,0.0,1.0,213.0,5.0,2.0,0
28.0,0.0,0.0,28.0,5.0,2.0,0
131.0,0.0,0.0,136.0,5.0,2.0,0
47.0,0.0,0.0,47.0,5.0,3.0,0
22.0,0.0,2.0,24.0,5.0,2.0,0
38.0,0.0,0.0,38.0,5.0,2.0,0
164.0,0.33321195595,0.0,169.0,5.0,2.0,1
4.0,0.0,0.0,4.0,5.0,2.0,0
2.0,0.0,0.0,6.0,5.0,2.0,0
18.0,0.0,2.0,20.0,5.0,2.0,0
1.0,0.0,0.0,1.0,5.0,1.0,0
32.0,0.0,0.0,33.0,5.0,2.0,0
28.0,0.889728177,0.0,35.0,5.0,1.0,0
9.0,0.0,0.0,9.0,5.0,1.0,0
121.0,0.0,1.0,129.0,5.0,2.0,0
1.0,0.0,0.0,1.0,5.0,2.0,0
2.0,0.0,0.0,2.0,5.0,1.0,0
25.0,0.0,0.0,25.0,5.0,2.0,0
19.0,0.0,0.0,20.0,5.0,2.0,0
20.0,0.0,0.0,24.0,5.0,3.0,0
1.0,0.0,2.0,3.0,5.0,2.0,0
50.0,0.0,1.0,55.0,5.0,1.0,0
60.0,0.0,0.0,65.0,5.0,2.0,0
1.0,0.0,0.0,1.0,5.0,2.0,0
59.0,0.0,0.0,59.0,5.0,2.0,0
83.0,0.0,0.0,83.0,5.0,2.0,0
26.0,1.6722356085,0.0,31.0,5.0,1.0,0
125.0,0.36006046385,9.0,146.0,5.0,2.0,1
1.0,0.0,0.0,1.0,5.0,1.0,0
23.0,0.0,0.0,27.0,5.0,3.0,1
30.0,0.6567460135000001,0.0,31.0,5.0,2.0,0
72.0,0.15890917135,0.0,72.0,5.0,2.0,1
12.0,0.629295269,0.0,12.0,5.0,2.0,0
20.0,0.0,0.0,20.0,5.0,1.0,0
48.0,0.0,0.0,48.0,5.0,2.0,0
38.0,0.0,0.0,38.0,5.0,1.0,0
439.0,0.1313454538,0.0,451.0,5.0,2.0,1
14.0,0.0,1.0,15.0,5.0,2.0,0
79.0,0.0,1.0,81.0,5.0,1.0,0
146.0,3.6679334695000003,2.0,154.0,5.0,3.0,1
5.0,0.0,0.0,5.0,5.0,1.0,0
4.0,0.0,0.0,5.0,5.0,3.0,0
29.0,0.0,1.0,31.0,5.0,3.0,0
25.0,0.0,1.0,26.0,5.0,3.0,0
9.0,0.0,0.0,9.0,5.0,2.0,0
21.0,0.0,0.0,21.0,5.0,2.0,1
20.0,0.0,0.0,22.0,5.0,1.0,0
12.0,0.0,0.0,12.0,5.0,2.0,0
54.0,0.0,0.0,54.0,5.0,2.0,0
81.0,0.1323810034,0.0,94.0,5.0,1.0,1
6.0,0.0,0.0,6.0,5.0,1.0,0
18.0,0.0,0.0,18.0,5.0,2.0,0
15.0,2.9805920749999997,0.0,16.0,5.0,2.0,1
46.0,0.0,0.0,52.0,5.0,2.0,0
8.0,0.0,0.0,8.0,5.0,1.0,0
10.0,0.0,0.0,10.0,5.0,2.0,0
3.0,0.0,0.0,6.0,5.0,2.0,0
18.0,0.0,0.0,18.0,5.0,2.0,0
29.0,1.052715789,0.0,33.0,5.0,1.0,1
59.0,0.0,0.0,60.0,5.0,1.0,0
13.0,3.4730878830000003,0.0,14.0,5.0,1.0,1
92.0,0.3332463862,0.0,98.0,5.0,3.0,1
30.0,0.0,0.0,30.0,5.0,3.0,0
11.0,0.0,2.0,19.0,5.0,1.0,0
81.0,0.0,0.0,92.0,5.0,3.0,0
27.0,2.06084577,0.0,37.0,5.0,2.0,1
21.0,0.0,1.0,29.0,5.0,1.0,0
19.0,0.0,0.0,28.0,5.0,2.0,0
17.0,0.7247157435,0.0,17.0,5.0,1.0,0
20.0,1.287867737,0.0,21.0,5.0,1.0,0
2.0,0.0,0.0,2.0,5.0,2.0,0
6.0,0.0,0.0,6.0,5.0,2.0,0
59.0,0.0,3.0,74.0,5.0,2.0,0
81.0,0.0,2.0,91.0,5.0,2.0,0
31.0,0.0,1.0,32.0,5.0,1.0,0
42.0,0.0,1.0,46.0,5.0,2.0,0
10.0,0.0,0.0,10.0,5.0,1.0,0
23.0,0.0,0.0,23.0,5.0,2.0,0
5.0,0.0,0.0,5.0,5.0,1.0,0
98.0,0.0,2.0,106.0,5.0,2.0,0
29.0,0.0,0.0,29.0,5.0,1.0,0
151.0,0.0,2.0,162.0,5.0,3.0,0
9.0,0.0,0.0,9.0,5.0,1.0,0
24.0,0.0,0.0,24.0,5.0,2.0,0
11.0,0.0,0.0,11.0,5.0,2.0,0
13.0,0.0,0.0,13.0,5.0,1.0,0
30.0,0.0,1.0,32.0,5.0,1.0,0
155.0,0.5057997045,2.0,166.0,5.0,2.0,1
41.0,0.0,0.0,48.0,5.0,2.0,1
3.0,0.0,0.0,3.0,5.0,1.0,0
4.0,0.0,0.0,5.0,5.0,1.0,0
140.0,1.0944283795,0.0,146.0,5.0,2.0,1
33.0,0.0,1.0,34.0,5.0,1.0,0
4.0,0.0,0.0,6.0,5.0,1.0,0
36.0,0.0,0.0,36.0,5.0,1.0,0
10.0,6.29808745,0.0,10.0,5.0,1.0,1
10.0,0.0,0.0,10.0,5.0,1.0,0
200.0,1.0917100625,1.0,212.0,5.0,2.0,1
24.0,2.614245529,0.0,29.0,5.0,1.0,1
30.0,0.0,0.0,30.0,5.0,1.0,0
21.0,0.0,0.0,22.0,5.0,1.0,0
4.0,0.0,2.0,6.0,5.0,2.0,0
56.0,0.47974233990000004,2.0,66.0,5.0,2.0,1
4.0,0.0,0.0,4.0,5.0,2.0,0
38.0,0.0,4.0,42.0,5.0,1.0,0
6.0,0.0,0.0,6.0,5.0,2.0,0
12.0,3.4443846774999995,0.0,13.0,5.0,2.0,1
5.0,0.0,0.0,5.0,5.0,2.0,0
152.0,0.28658039015000003,0.0,167.0,5.0,1.0,1
385.0,0.0,2.0,392.0,5.0,2.0,0
58.0,0.36335171055000004,1.0,60.0,5.0,1.0,0
131.0,0.11628319015,10.0,149.0,5.0,2.0,1
9.0,0.0,2.0,13.0,5.0,1.0,0
79.0,0.0,0.0,81.0,5.0,3.0,0
44.0,18.047669195,0.0,44.0,5.0,1.0,1
1.0,0.0,0.0,1.0,5.0,2.0,0
17.0,0.0,0.0,19.0,5.0,2.0,1
9.0,0.0,0.0,9.0,5.0,1.0,0
38.0,1.574071256,0.0,39.0,5.0,1.0,0
34.0,0.0,0.0,34.0,5.0,1.0,0
1.0,0.0,0.0,1.0,5.0,1.0,0
7.0,0.0,0.0,7.0,5.0,1.0,0
2.0,0.0,0.0,2.0,5.0,2.0,0
9.0,0.0,0.0,11.0,5.0,1.0,0
48.0,3.4456821275000005,7.0,57.0,5.0,2.0,1
50.0,0.0,2.0,53.0,5.0,1.0,0
11.0,0.0,0.0,14.0,5.0,1.0,0
28.0,5.44544942,1.0,33.0,5.0,3.0,1
22.0,0.0,0.0,25.0,5.0,2.0,0
2.0,0.0,0.0,2.0,5.0,1.0,0
3.0,0.0,0.0,3.0,5.0,2.0,0
10.0,0.0,0.0,16.0,5.0,1.0,0
12.0,0.0,0.0,12.0,5.0,2.0,0
1.0,0.0,0.0,1.0,5.0,3.0,0
292.0,0.6959161885,3.0,312.0,5.0,3.0,0
1.0,0.0,0.0,1.0,5.0,1.0,0
6.0,0.0,0.0,6.0,5.0,2.0,0
45.0,0.0,0.0,53.0,5.0,1.0,0
52.0,0.0,1.0,54.0,5.0,2.0,0
95.0,2.5045609339999997,2.0,99.0,5.0,2.0,1
2.0,0.0,0.0,2.0,5.0,1.0,0
12.0,1.18196973,0.0,18.0,5.0,1.0,1
37.0,1.7077073864999999,0.0,37.0,5.0,2.0,1
71.0,0.0,0.0,75.0,5.0,2.0,0
17.0,1.5344415405,0.0,21.0,5.0,1.0,0
23.0,1.2596486575,0.0,31.0,5.0,1.0,0
56.0,0.0,0.0,56.0,5.0,1.0,0
2.0,0.0,0.0,2.0,5.0,2.0,0
2.0,0.0,0.0,2.0,5.0,1.0,0
35.0,5.12461094,0.0,40.0,5.0,2.0,1
14.0,0.0,0.0,14.0,5.0,2.0,0
30.0,2.7060857,2.0,37.0,5.0,3.0,0
126.0,0.16669177715,0.0,130.0,5.0,1.0,0
34.0,0.0,0.0,34.0,5.0,1.0,0
8.0,2.4864151889999997,0.0,8.0,5.0,2.0,1
44.0,0.0,1.0,49.0,5.0,2.0,0
232.0,0.0,0.0,237.0,5.0,2.0,1
25.0,0.0,0.0,32.0,5.0,3.0,0
6.0,0.0,0.0,6.0,5.0,2.0,0
50.0,0.0,0.0,50.0,5.0,1.0,0
125.0,0.0,0.0,129.0,5.0,2.0,1
96.0,0.0,0.0,96.0,5.0,3.0,0
60.0,0.1313673598,0.0,67.0,5.0,1.0,1
1.0,0.0,0.0,1.0,5.0,1.0,0
14.0,0.0,0.0,26.0,5.0,1.0,0
19.0,0.7294705905,0.0,19.0,5.0,1.0,0
81.0,0.0,1.0,90.0,5.0,2.0,0
10.0,0.0,4.0,23.0,5.0,2.0,0
46.0,0.0,1.0,47.0,5.0,3.0,0
39.0,0.0,0.0,39.0,5.0,3.0,0
152.0,0.0,0.0,156.0,5.0,2.0,0
50.0,0.09092404065000001,1.0,54.0,5.0,2.0,1
1.0,0.0,0.0,1.0,5.0,2.0,0
15.0,0.0,0.0,22.0,5.0,2.0,0
28.0,0.0,0.0,29.0,5.0,3.0,0
23.0,0.0,0.0,25.0,5.0,1.0,0
53.0,1.452238324,0.0,55.0,5.0,3.0,1
8.0,0.0,0.0,8.0,5.0,1.0,0
10.0,0.0,1.0,14.0,5.0,1.0,0
1.0,0.0,0.0,1.0,5.0,2.0,0
93.0,0.0,4.0,101.0,5.0,3.0,0
10.0,0.0,0.0,10.0,5.0,1.0,0
99.0,0.0,2.0,101.0,5.0,2.0,1
69.0,0.0,0.0,69.0,5.0,2.0,0
12.0,3.8027594290000004,0.0,12.0,5.0,2.0,0
7.0,0.0,0.0,9.0,5.0,2.0,0
20.0,0.0,0.0,23.0,5.0,2.0,0
30.0,0.0,0.0,30.0,5.0,1.0,0
42.0,0.0,1.0,46.0,5.0,2.0,0
11.0,0.0,0.0,11.0,5.0,1.0,0
13.0,0.0,0.0,13.0,5.0,2.0,0
5.0,0.0,0.0,5.0,5.0,1.0,0
3.0,0.0,0.0,3.0,5.0,1.0,0
20.0,0.0,0.0,24.0,5.0,2.0,0
2.0,0.0,0.0,2.0,5.0,2.0,0
19.0,0.0,0.0,19.0,5.0,2.0,0
11.0,0.0,0.0,11.0,5.0,1.0,1
32.0,0.695638277,0.0,34.0,5.0,2.0,1
102.0,0.0,0.0,102.0,5.0,2.0,0
19.0,0.0,0.0,19.0,5.0,3.0,1
15.0,0.0,0.0,19.0,5.0,1.0,0
6.0,0.0,0.0,6.0,5.0,1.0,0
91.0,0.0,1.0,94.0,5.0,3.0,1
6.0,0.0,0.0,6.0,5.0,2.0,0
251.0,0.0,4.0,259.0,5.0,2.0,0
140.0,0.0,0.0,140.0,5.0,2.0,0
47.0,0.7578218935,0.0,48.0,5.0,3.0,1
30.0,1.1755123680000001,0.0,32.0,5.0,1.0,0
8.0,0.70636849,0.0,8.0,5.0,3.0,1
37.0,0.0,0.0,37.0,5.0,3.0,0
11.0,0.0,0.0,11.0,5.0,2.0,0
1.0,0.0,0.0,1.0,5.0,2.0,0
31.0,2.3724253959999997,0.0,34.0,5.0,2.0,1
39.0,0.1108514701,0.0,44.0,5.0,1.0,0
16.0,0.0,0.0,17.0,5.0,1.0,0
13.0,2.399599628,0.0,13.0,5.0,2.0,1
97.0,0.0,0.0,106.0,5.0,1.0,0
15.0,0.0,1.0,20.0,5.0,2.0,1
30.0,0.21752568725,0.0,33.0,5.0,1.0,1
35.0,0.739081357,2.0,39.0,5.0,3.0,1
13.0,0.0,0.0,15.0,5.0,1.0,0
1.0,0.0,0.0,1.0,5.0,2.0,0
67.0,0.0,2.0,75.0,5.0,3.0,0
5.0,0.0,0.0,5.0,5.0,2.0,0
22.0,0.0,0.0,22.0,5.0,3.0,0
47.0,0.0,0.0,47.0,5.0,1.0,1
31.0,1.6443335245,0.0,37.0,5.0,1.0,0
4.0,0.0,0.0,4.0,5.0,2.0,0
21.0,0.0,0.0,22.0,5.0,1.0,0
19.0,0.0,0.0,20.0,5.0,3.0,0
10.0,0.0,0.0,10.0,5.0,2.0,0
4.0,0.0,0.0,4.0,5.0,1.0,0
4.0,0.0,0.0,4.0,5.0,2.0,0
17.0,0.0,0.0,17.0,5.0,1.0,0
11.0,0.0,0.0,11.0,5.0,2.0,0
146.0,0.42987430274999994,2.0,157.0,5.0,1.0,0
2.0,0.0,0.0,5.0,5.0,2.0,1
43.0,0.0,0.0,45.0,5.0,1.0,0
1.0,0.0,0.0,1.0,5.0,1.0,0
38.0,0.0,0.0,38.0,5.0,2.0,0
69.0,0.0,0.0,75.0,5.0,2.0,0
44.0,2.960628007,0.0,44.0,5.0,2.0,1
56.0,0.0,1.0,59.0,5.0,3.0,0
122.0,0.0,1.0,124.0,5.0,3.0,0
5.0,0.0,0.0,9.0,5.0,1.0,0
2.0,0.0,0.0,2.0,5.0,2.0,0
5.0,0.0,0.0,5.0,5.0,2.0,0
37.0,0.7271351189999999,2.0,43.0,5.0,2.0,1
34.0,0.0,1.0,39.0,5.0,3.0,0
49.0,0.5371056965000001,2.0,66.0,5.0,2.0,0
3.0,0.0,0.0,3.0,5.0,2.0,0
50.0,0.0,2.0,52.0,5.0,2.0,0
11.0,0.0,0.0,11.0,5.0,2.0,0
23.0,0.0,0.0,25.0,5.0,2.0,0
3.0,0.0,0.0,3.0,5.0,3.0,0
15.0,0.0,0.0,15.0,5.0,2.0,0
9.0,0.0,5.0,16.0,5.0,1.0,0
58.0,0.640409539,0.0,66.0,5.0,1.0,0
12.0,0.0,1.0,16.0,5.0,2.0,0
2.0,0.0,0.0,6.0,5.0,1.0,0
2.0,0.0,0.0,2.0,5.0,1.0,0
11.0,0.0,0.0,11.0,5.0,2.0,0
7.0,0.0,0.0,7.0,5.0,1.0,0
517.0,0.420158185,3.0,540.0,5.0,2.0,1
59.0,0.0,0.0,63.0,5.0,1.0,0
28.0,0.0,0.0,28.0,5.0,2.0,0
170.0,0.0,3.0,178.0,5.0,1.0,0
24.0,0.0,0.0,27.0,5.0,1.0,0
8.0,0.0,0.0,11.0,5.0,1.0,0
1.0,0.0,0.0,1.0,5.0,2.0,0
95.0,0.26073454960000003,0.0,99.0,5.0,1.0,0
80.0,0.0,5.0,91.0,5.0,3.0,0
15.0,0.0,0.0,15.0,5.0,2.0,0
114.0,12.778457894999999,0.0,115.0,5.0,2.0,1
2.0,0.0,0.0,3.0,5.0,1.0,0
5.0,0.0,0.0,5.0,5.0,1.0,0
3.0,0.0,0.0,5.0,5.0,1.0,0
21.0,2.2490408935,0.0,26.0,5.0,3.0,1
85.0,0.19601608055,1.0,91.0,5.0,3.0,1
18.0,1.9463241515,0.0,19.0,5.0,1.0,1
1.0,0.0,0.0,2.0,5.0,1.0,0
24.0,1.655500134,1.0,26.0,5.0,2.0,1
28.0,0.0,0.0,36.0,5.0,1.0,0
14.0,0.0,0.0,19.0,5.0,2.0,1
15.0,0.0,0.0,19.0,5.0,1.0,0
31.0,0.0,0.0,31.0,5.0,1.0,0
48.0,0.0,0.0,48.0,5.0,3.0,0
25.0,0.705954917,0.0,32.0,5.0,1.0,0
12.0,0.0,0.0,12.0,5.0,1.0,0
4.0,0.0,0.0,4.0,5.0,2.0,0
8.0,0.45423839,0.0,8.0,5.0,3.0,1
7.0,0.0,0.0,7.0,5.0,2.0,0
29.0,0.0,0.0,29.0,5.0,3.0,1
20.0,0.0,2.0,30.0,5.0,3.0,1
69.0,0.0,4.0,73.0,5.0,1.0,0
154.0,0.14912054695000002,9.0,176.0,5.0,2.0,1
26.0,0.0,0.0,26.0,5.0,2.0,0
100.0,0.42527933255,0.0,100.0,5.0,3.0,1
13.0,0.0,1.0,14.0,5.0,1.0,0
14.0,0.0,4.0,24.0,5.0,1.0,0
21.0,0.0,0.0,21.0,5.0,2.0,0
7.0,0.0,0.0,8.0,5.0,1.0,0
4.0,0.0,0.0,4.0,5.0,2.0,0
46.0,2.5501540845,1.0,49.0,5.0,1.0,1
86.0,0.0,0.0,91.0,5.0,2.0,0
101.0,0.8769639275,0.0,110.0,5.0,1.0,0
9.0,0.0,2.0,14.0,5.0,1.0,1
1.0,0.0,0.0,1.0,5.0,2.0,0
18.0,0.0,0.0,18.0,5.0,2.0,0
225.0,0.46211430160000005,5.0,241.0,5.0,2.0,1
194.0,0.089553624,2.0,196.0,5.0,2.0,1
39.0,1.02962354,0.0,41.0,5.0,3.0,1
169.0,0.03714713685,7.0,191.0,5.0,3.0,0
34.0,0.0,0.0,37.0,5.0,1.0,0
6.0,0.0,0.0,6.0,5.0,2.0,0
71.0,0.0,2.0,81.0,5.0,3.0,1
11.0,0.0,0.0,11.0,5.0,3.0,0
32.0,2.1311372295,0.0,32.0,5.0,2.0,1
6.0,0.0,0.0,9.0,5.0,1.0,0
29.0,0.0,0.0,35.0,5.0,2.0,1
7.0,0.0,0.0,7.0,5.0,1.0,0
3.0,0.0,0.0,8.0,5.0,1.0,0
48.0,0.6113027125,0.0,50.0,5.0,1.0,1
75.0,0.0,0.0,75.0,5.0,3.0,0
10.0,0.0,0.0,10.0,5.0,3.0,0
81.0,0.0,3.0,84.0,5.0,3.0,0
2.0,0.0,0.0,2.0,5.0,2.0,0
2.0,0.0,0.0,2.0,5.0,2.0,0
57.0,0.0,0.0,57.0,5.0,2.0,1
64.0,0.8343557629999999,2.0,72.0,5.0,1.0,0
8.0,0.0,0.0,8.0,5.0,1.0,0
37.0,0.23802742979999997,0.0,38.0,5.0,2.0,0
11.0,0.0,0.0,11.0,5.0,3.0,0
22.0,0.0,0.0,22.0,5.0,3.0,0
51.0,0.17537661245,0.0,57.0,5.0,3.0,0
14.0,0.0,0.0,14.0,5.0,1.0,0
65.0,0.0,2.0,67.0,5.0,2.0,0
34.0,0.0,0.0,40.0,5.0,1.0,0
8.0,0.0,0.0,8.0,5.0,2.0,0
62.0,2.8741823285,0.0,62.0,5.0,3.0,0
26.0,2.246181061,0.0,27.0,5.0,2.0,0
10.0,0.0,0.0,10.0,5.0,3.0,1
43.0,0.44493093475,0.0,43.0,5.0,2.0,1
10.0,0.0,0.0,11.0,5.0,1.0,0
3.0,0.0,0.0,3.0,5.0,2.0,0
30.0,0.0,0.0,35.0,5.0,1.0,0
11.0,0.0,1.0,13.0,5.0,2.0,0
1.0,0.0,0.0,1.0,5.0,1.0,0
65.0,0.16388722875,3.0,71.0,5.0,3.0,0
80.0,0.9866676975,1.0,91.0,5.0,3.0,1
28.0,0.729536089,0.0,28.0,5.0,1.0,0
154.0,0.0,12.0,170.0,5.0,3.0,0
1.0,0.0,0.0,1.0,5.0,2.0,0
74.0,0.0,4.0,95.0,5.0,2.0,0
11.0,0.0,0.0,11.0,5.0,2.0,0
2.0,0.0,0.0,2.0,5.0,1.0,0
216.0,0.07946649105,9.0,235.0,5.0,3.0,1
309.0,0.0,3.0,319.0,5.0,3.0,1
32.0,3.1165177969999998,0.0,38.0,5.0,3.0,0
7.0,0.0,0.0,7.0,5.0,1.0,0
3.0,0.0,0.0,3.0,5.0,2.0,0
1.0,0.0,0.0,1.0,5.0,1.0,0
98.0,0.7674942899999999,1.0,100.0,5.0,1.0,0
9.0,3.4098700899999996,0.0,9.0,5.0,1.0,1
154.0,0.0552220117,3.0,164.0,5.0,2.0,0
12.0,0.0,0.0,12.0,5.0,1.0,0
19.0,0.0,0.0,19.0,5.0,2.0,0
14.0,0.0,0.0,14.0,5.0,2.0,0
22.0,0.0,0.0,23.0,5.0,2.0,0
43.0,0.19702113805000002,1.0,44.0,5.0,1.0,1
30.0,0.0,0.0,30.0,5.0,2.0,0
9.0,0.0,0.0,11.0,5.0,1.0,0
31.0,0.0,0.0,32.0,5.0,1.0,0
28.0,5.575569010000001,0.0,30.0,5.0,1.0,0
47.0,0.16613301819999998,0.0,52.0,5.0,2.0,1
16.0,0.0,0.0,16.0,5.0,1.0,0
17.0,0.0,0.0,18.0,5.0,1.0,0
21.0,0.0,0.0,21.0,5.0,1.0,0
23.0,0.3032212849,2.0,34.0,5.0,3.0,0
32.0,0.9638105775,0.0,40.0,5.0,2.0,1
34.0,0.8892928635,1.0,48.0,5.0,3.0,0
30.0,0.0,3.0,33.0,5.0,1.0,0
1.0,0.0,0.0,1.0,5.0,3.0,0
65.0,0.0,1.0,67.0,5.0,1.0,0
7.0,0.0,1.0,8.0,5.0,1.0,0
64.0,0.3246955225,1.0,70.0,5.0,2.0,1
131.0,0.37567131859999997,2.0,140.0,5.0,2.0,1
18.0,0.49822221115,0.0,19.0,5.0,3.0,0
41.0,0.0,0.0,41.0,5.0,2.0,0
38.0,0.0,0.0,38.0,5.0,2.0,0
39.0,0.0,0.0,39.0,5.0,2.0,0
1.0,0.0,0.0,1.0,5.0,1.0,0
16.0,0.0,1.0,21.0,5.0,2.0,0
1.0,0.0,0.0,1.0,5.0,2.0,0
2.0,0.0,0.0,5.0,5.0,2.0,0
48.0,0.0,0.0,51.0,5.0,2.0,0
51.0,3.0037415945,4.0,57.0,5.0,3.0,1
63.0,0.0,0.0,63.0,5.0,3.0,0
98.0,0.0,2.0,104.0,5.0,1.0,0
6.0,0.0,0.0,6.0,5.0,1.0,0
20.0,0.744209659,0.0,25.0,5.0,1.0,1
3.0,0.0,0.0,3.0,5.0,2.0,0
5.0,0.0,0.0,5.0,5.0,1.0,0
13.0,0.0,0.0,13.0,5.0,1.0,0
59.0,0.3024357068,0.0,71.0,5.0,3.0,0
37.0,0.0,0.0,37.0,5.0,2.0,0
200.0,0.0,0.0,200.0,5.0,2.0,0
47.0,1.0619801835,0.0,49.0,5.0,1.0,0
227.0,0.0,2.0,235.0,5.0,2.0,0
7.0,0.0,0.0,7.0,5.0,2.0,0
28.0,0.875316053,0.0,28.0,5.0,2.0,1
2.0,0.0,4.0,8.0,5.0,1.0,0
4.0,0.0,0.0,6.0,5.0,1.0,0
6.0,0.0,0.0,6.0,5.0,1.0,0
72.0,0.0,1.0,73.0,5.0,2.0,1
36.0,0.0,0.0,36.0,5.0,1.0,0
2.0,0.0,5.0,8.0,5.0,1.0,0
2.0,0.0,1.0,3.0,5.0,2.0,0
6.0,0.0,0.0,6.0,5.0,3.0,0
19.0,0.0,0.0,19.0,5.0,2.0,0
3.0,0.0,0.0,3.0,5.0,1.0,0
18.0,0.0,0.0,20.0,5.0,2.0,0
1.0,0.0,0.0,1.0,5.0,1.0,0
4.0,0.0,0.0,5.0,5.0,1.0,0
2.0,0.0,0.0,2.0,5.0,2.0,0
84.0,0.0,0.0,84.0,5.0,2.0,1
235.0,0.0,0.0,239.0,5.0,2.0,1
17.0,0.0,1.0,21.0,5.0,2.0,0
1.0,0.0,0.0,1.0,5.0,1.0,0
5.0,0.0,0.0,5.0,5.0,1.0,0
59.0,0.0,2.0,70.0,5.0,1.0,0
74.0,0.0,0.0,78.0,5.0,2.0,0
58.0,0.0,0.0,58.0,5.0,2.0,1
30.0,0.0,2.0,35.0,5.0,2.0,0
13.0,0.0,0.0,13.0,5.0,2.0,0
15.0,0.0,0.0,16.0,5.0,1.0,0
19.0,1.3985035025,0.0,28.0,5.0,1.0,0
33.0,0.0,0.0,33.0,5.0,2.0,1
8.0,0.0,0.0,8.0,5.0,1.0,0
16.0,0.0,0.0,16.0,5.0,1.0,0
54.0,0.0,0.0,54.0,5.0,3.0,0
7.0,0.0,0.0,7.0,5.0,2.0,1
4.0,0.0,0.0,4.0,5.0,3.0,0
6.0,0.0,0.0,6.0,5.0,2.0,0
140.0,0.5985185255000001,2.0,153.0,5.0,2.0,0
28.0,0.0,0.0,28.0,5.0,2.0,0
1.0,0.0,0.0,1.0,5.0,2.0,0
16.0,2.083768097,0.0,16.0,5.0,2.0,1
95.0,0.6370196685,4.0,108.0,5.0,3.0,0
1.0,0.0,0.0,1.0,5.0,1.0,0
1.0,0.0,0.0,1.0,5.0,3.0,0
501.0,0.45656934025,5.0,517.0,5.0,2.0,1
21.0,0.0,0.0,21.0,5.0,2.0,0
42.0,0.0,2.0,44.0,5.0,1.0,0
224.0,0.518079808,3.0,234.0,5.0,2.0,1
70.0,1.6048624715,4.0,81.0,5.0,3.0,1
82.0,0.0,0.0,86.0,5.0,1.0,0
3.0,0.0,0.0,3.0,5.0,2.0,0
1.0,0.0,0.0,1.0,5.0,2.0,0
4.0,0.0,0.0,8.0,5.0,2.0,0
3.0,0.0,0.0,3.0,5.0,1.0,0
23.0,0.0,0.0,23.0,5.0,2.0,0
22.0,0.0,0.0,22.0,5.0,2.0,0
97.0,0.0,1.0,98.0,5.0,3.0,0
34.0,0.0,0.0,39.0,5.0,1.0,0
22.0,0.0,0.0,22.0,5.0,1.0,0
3.0,0.0,0.0,3.0,5.0,1.0,0
21.0,0.0,0.0,21.0,5.0,2.0,0
38.0,0.20566956655,0.0,42.0,5.0,2.0,1
15.0,2.1515330225,0.0,16.0,5.0,1.0,1
42.0,0.0,0.0,42.0,5.0,3.0,0
1.0,0.0,0.0,1.0,5.0,1.0,0
54.0,2.1098660555,0.0,63.0,5.0,1.0,1
7.0,0.0,0.0,7.0,5.0,2.0,0
11.0,0.0,0.0,13.0,5.0,2.0,0
34.0,0.5367308580000001,0.0,45.0,5.0,3.0,1
111.0,0.0,0.0,111.0,5.0,2.0,0
11.0,0.0,0.0,11.0,5.0,1.0,0
57.0,0.1686531484,1.0,66.0,5.0,3.0,1
2.0,0.0,0.0,2.0,5.0,2.0,0
12.0,0.0,2.0,14.0,5.0,3.0,0
1.0,0.0,0.0,1.0,5.0,3.0,0
118.0,0.0,2.0,122.0,5.0,3.0,0
72.0,0.0,0.0,72.0,5.0,2.0,0
229.0,0.0,2.0,236.0,5.0,2.0,0
8.0,0.0,0.0,8.0,5.0,1.0,0
3.0,0.0,0.0,3.0,5.0,2.0,0
6.0,0.0,0.0,6.0,5.0,1.0,0
21.0,0.0,0.0,21.0,5.0,3.0,0
27.0,0.0,0.0,27.0,5.0,2.0,1
84.0,3.3287061889999996,0.0,90.0,5.0,2.0,0
8.0,0.0,0.0,8.0,5.0,1.0,0
11.0,0.0,0.0,11.0,5.0,2.0,0
26.0,0.0,0.0,29.0,5.0,2.0,0
78.0,0.0,2.0,90.0,5.0,1.0,0
91.0,0.0,0.0,95.0,5.0,2.0,0
22.0,0.0,0.0,26.0,5.0,1.0,0
101.0,2.568038519,1.0,112.0,5.0,3.0,1
118.0,2.750565649,4.0,130.0,5.0,2.0,1
21.0,0.0,0.0,22.0,5.0,1.0,0
48.0,0.0,0.0,49.0,5.0,1.0,0
68.0,0.0798901734,7.0,88.0,5.0,1.0,1
34.0,0.0,0.0,34.0,5.0,2.0,1
33.0,0.0,0.0,33.0,5.0,2.0,0
10.0,0.0,0.0,10.0,5.0,1.0,0
16.0,0.0,0.0,16.0,5.0,2.0,0
56.0,0.0,0.0,62.0,5.0,3.0,0
125.0,0.0,1.0,127.0,5.0,2.0,0
17.0,0.0,0.0,17.0,5.0,1.0,0
18.0,0.33754841225,0.0,22.0,5.0,1.0,1
73.0,0.837104954,3.0,85.0,5.0,3.0,1
9.0,0.0,0.0,12.0,5.0,2.0,0
13.0,0.0,0.0,13.0,5.0,1.0,0
56.0,0.0,0.0,56.0,5.0,2.0,1
275.0,0.0,2.0,283.0,5.0,2.0,0
49.0,0.0,0.0,49.0,5.0,1.0,0
38.0,0.35750366205,0.0,41.0,5.0,2.0,0
3.0,0.0,0.0,3.0,5.0,1.0,0
45.0,0.0,0.0,46.0,5.0,2.0,0
39.0,1.0032504695,5.0,48.0,5.0,2.0,1
108.0,0.39454659675000003,1.0,112.0,5.0,1.0,1
12.0,0.0,0.0,17.0,5.0,1.0,1
54.0,0.3724121434,3.0,64.0,5.0,2.0,0
77.0,2.1997015425,2.0,81.0,5.0,2.0,0
77.0,0.0,0.0,78.0,5.0,1.0,0
2.0,0.0,0.0,2.0,5.0,2.0,0
11.0,0.0,0.0,12.0,5.0,3.0,0
3.0,0.0,0.0,3.0,5.0,2.0,0
1.0,0.0,0.0,1.0,5.0,2.0,0
36.0,0.0,1.0,47.0,5.0,2.0,0
5.0,0.0,0.0,5.0,5.0,2.0,0
145.0,0.0,1.0,156.0,5.0,2.0,1
44.0,0.0,0.0,44.0,5.0,1.0,0
22.0,4.397229744,3.0,31.0,5.0,1.0,0
9.0,0.0,0.0,9.0,5.0,2.0,0
49.0,0.0,2.0,51.0,5.0,1.0,0
46.0,0.0,0.0,52.0,5.0,2.0,0
134.0,0.0,6.0,148.0,5.0,2.0,0
96.0,0.0,2.0,100.0,5.0,2.0,0
1.0,0.0,0.0,1.0,5.0,1.0,0
11.0,0.0,0.0,13.0,5.0,1.0,0
17.0,0.0,0.0,17.0,5.0,2.0,0
12.0,0.0,0.0,12.0,5.0,2.0,0
100.0,0.0,0.0,100.0,5.0,1.0,0
2.0,0.0,0.0,5.0,5.0,3.0,1
95.0,0.0,4.0,99.0,5.0,2.0,0
13.0,0.0,2.0,22.0,5.0,1.0,0
2.0,0.0,0.0,2.0,5.0,3.0,0
106.0,0.06538411585000001,6.0,130.0,5.0,2.0,0
75.0,0.0,4.0,83.0,5.0,2.0,1
30.0,0.0,0.0,32.0,5.0,1.0,0
55.0,0.0,1.0,58.0,5.0,3.0,0
3.0,0.0,0.0,7.0,5.0,2.0,0
31.0,0.0,0.0,32.0,5.0,1.0,0
6.0,0.0,0.0,9.0,5.0,1.0,0
1.0,0.0,0.0,1.0,5.0,2.0,0
37.0,2.5037994905,0.0,38.0,5.0,2.0,1
62.0,0.36559461085,0.0,85.0,5.0,3.0,0
11.0,0.0,0.0,11.0,5.0,1.0,0
55.0,0.0,0.0,57.0,5.0,2.0,0
14.0,0.87668082,0.0,15.0,5.0,3.0,1
72.0,0.6887608144999999,6.0,89.0,5.0,1.0,0
21.0,0.0,0.0,21.0,5.0,3.0,1
29.0,0.0,0.0,30.0,5.0,2.0,0
8.0,0.0,0.0,8.0,5.0,1.0,0
48.0,0.0,1.0,49.0,5.0,1.0,0
8.0,0.0,0.0,8.0,5.0,2.0,0
30.0,0.0,0.0,31.0,5.0,2.0,0
20.0,0.9590543835,0.0,21.0,5.0,1.0,1
7.0,0.0,0.0,11.0,5.0,3.0,0
15.0,0.0,0.0,18.0,5.0,1.0,0
3.0,0.0,0.0,3.0,5.0,3.0,0
8.0,0.0,0.0,10.0,5.0,1.0,0
7.0,0.0,0.0,7.0,5.0,1.0,0
15.0,0.0,0.0,18.0,5.0,1.0,0
11.0,0.0,1.0,13.0,5.0,1.0,0
95.0,0.2682209634,0.0,95.0,5.0,2.0,1
5.0,0.0,0.0,5.0,5.0,2.0,0
32.0,1.176552828,0.0,38.0,5.0,1.0,0
3.0,6.36540074,0.0,3.0,5.0,1.0,1
23.0,4.767734670499999,2.0,31.0,5.0,1.0,1
92.0,0.39676429665,3.0,117.0,5.0,2.0,1
2.0,0.0,0.0,2.0,5.0,2.0,0
69.0,0.0,0.0,79.0,5.0,2.0,1
13.0,0.0,0.0,13.0,5.0,1.0,0
89.0,0.36645044815,1.0,98.0,5.0,3.0,0
19.0,0.707025342,0.0,20.0,5.0,1.0,0
11.0,0.0,1.0,15.0,5.0,2.0,0
58.0,0.0,0.0,59.0,5.0,2.0,0
35.0,0.0,0.0,41.0,5.0,1.0,0
48.0,0.0,0.0,48.0,5.0,1.0,0
14.0,0.0,0.0,20.0,5.0,2.0,0
36.0,0.0,1.0,46.0,5.0,3.0,0
24.0,3.0602033095,0.0,28.0,5.0,2.0,1
25.0,4.059760143,0.0,33.0,5.0,3.0,1
8.0,0.0,0.0,8.0,5.0,1.0,0
13.0,0.0,0.0,13.0,5.0,1.0,0
48.0,0.0,1.0,49.0,5.0,2.0,1
21.0,0.0,0.0,21.0,5.0,1.0,0
13.0,0.0,0.0,13.0,5.0,2.0,0
19.0,0.0,0.0,19.0,5.0,2.0,0
318.0,2.2577567605,2.0,335.0,5.0,2.0,1
38.0,0.0,2.0,40.0,5.0,1.0,0
49.0,0.0,2.0,59.0,5.0,2.0,0
59.0,0.0,0.0,62.0,5.0,3.0,0
4.0,0.0,0.0,4.0,5.0,1.0,0
10.0,0.0,0.0,10.0,5.0,1.0,0
94.0,0.0,0.0,97.0,5.0,1.0,0
4.0,0.0,0.0,4.0,5.0,1.0,0
77.0,2.20643092,5.0,89.0,5.0,2.0,1
8.0,0.0,0.0,8.0,5.0,2.0,0
3.0,0.0,0.0,3.0,5.0,2.0,0
3.0,0.0,0.0,3.0,5.0,2.0,1
6.0,0.0,0.0,6.0,5.0,2.0,0
85.0,0.0,0.0,88.0,5.0,1.0,0
6.0,0.0,0.0,6.0,5.0,2.0,0
24.0,0.44793261160000003,0.0,25.0,5.0,1.0,0
10.0,0.0,0.0,10.0,5.0,2.0,1
3.0,0.0,0.0,3.0,5.0,1.0,0
12.0,0.0,0.0,15.0,5.0,1.0,0
27.0,0.0,0.0,27.0,5.0,1.0,0
4.0,0.0,0.0,12.0,5.0,2.0,0
9.0,0.0,0.0,9.0,5.0,2.0,0
6.0,0.0,0.0,6.0,5.0,2.0,0
11.0,0.0,0.0,11.0,5.0,1.0,0
4.0,0.0,4.0,12.0,5.0,1.0,0
55.0,1.930102419,1.0,69.0,5.0,2.0,0
5.0,0.0,0.0,5.0,5.0,1.0,0
15.0,2.020072405,0.0,15.0,5.0,1.0,1
42.0,1.3491811395,0.0,45.0,5.0,1.0,0
60.0,0.0,2.0,65.0,5.0,1.0,0
20.0,0.0,0.0,22.0,5.0,2.0,0
43.0,0.817797004,0.0,51.0,5.0,2.0,1
6.0,0.0,3.0,15.0,5.0,1.0,0
28.0,0.0,0.0,28.0,5.0,1.0,0
119.0,0.0,0.0,130.0,5.0,1.0,0
32.0,1.1477497235,0.0,33.0,5.0,2.0,1
24.0,0.0,0.0,26.0,5.0,1.0,0
88.0,0.0,2.0,91.0,5.0,3.0,0
129.0,0.30087819714999997,1.0,136.0,5.0,2.0,1
37.0,0.0,0.0,37.0,5.0,3.0,0
5.0,0.0,0.0,5.0,5.0,1.0,0
81.0,0.151328585,4.0,92.0,5.0,3.0,0
200.0,0.0,2.0,207.0,5.0,2.0,0
33.0,0.0,0.0,34.0,5.0,3.0,0
0.0,0.0,0.0,1.0,5.0,2.0,1
2.0,0.0,0.0,2.0,5.0,1.0,0
93.0,0.0,1.0,100.0,5.0,2.0,0
76.0,0.0,0.0,76.0,5.0,3.0,0
9.0,0.0,0.0,9.0,5.0,3.0,0
13.0,0.0,0.0,13.0,5.0,2.0,0
11.0,0.0,0.0,14.0,5.0,2.0,0
3.0,0.0,0.0,4.0,5.0,2.0,0
11.0,0.0,0.0,11.0,5.0,1.0,0
12.0,0.0,0.0,12.0,5.0,3.0,0
5.0,0.0,0.0,5.0,5.0,2.0,0
73.0,0.0,0.0,82.0,5.0,3.0,0
65.0,0.0,0.0,67.0,5.0,1.0,0
93.0,0.34963839074999997,1.0,95.0,5.0,1.0,0
1.0,0.0,0.0,1.0,5.0,2.0,0
54.0,3.5169768525,0.0,57.0,5.0,2.0,1
144.0,0.0,2.0,146.0,5.0,2.0,0
16.0,0.0,0.0,16.0,5.0,2.0,0
11.0,0.0,0.0,11.0,5.0,1.0,0
11.0,0.0,1.0,12.0,5.0,1.0,0
21.0,1.1911624655000002,0.0,21.0,5.0,3.0,1
3.0,0.0,0.0,3.0,5.0,3.0,0
7.0,0.0,0.0,7.0,5.0,2.0,0
5.0,0.0,0.0,5.0,5.0,2.0,0
27.0,0.0,0.0,27.0,5.0,1.0,0
30.0,0.0,0.0,31.0,5.0,3.0,0
15.0,0.0,0.0,20.0,5.0,1.0,0
17.0,0.0,0.0,17.0,5.0,1.0,0
34.0,0.0,0.0,34.0,5.0,1.0,0
397.0,0.46106215094999997,4.0,412.0,5.0,3.0,1
30.0,0.0,0.0,35.0,5.0,2.0,0
31.0,0.7631998395,4.0,43.0,5.0,1.0,0
4.0,0.0,0.0,4.0,5.0,1.0,0
32.0,0.0,0.0,38.0,5.0,1.0,0
8.0,0.0,0.0,8.0,5.0,1.0,0
48.0,0.0,0.0,48.0,5.0,1.0,0
64.0,1.8798234109999998,3.0,70.0,5.0,2.0,1
51.0,0.0,0.0,51.0,5.0,1.0,0
11.0,0.0,1.0,16.0,5.0,3.0,0
20.0,0.0,0.0,20.0,5.0,2.0,0
11.0,0.0,0.0,13.0,5.0,1.0,0
15.0,0.0,0.0,15.0,5.0,1.0,0
94.0,0.0,2.0,99.0,5.0,3.0,0
7.0,0.0,0.0,10.0,5.0,1.0,0
27.0,0.0,2.0,38.0,5.0,1.0,0
40.0,0.0,1.0,43.0,5.0,2.0,0
3.0,0.0,0.0,3.0,5.0,3.0,0
81.0,0.26561501135,0.0,85.0,5.0,2.0,1
38.0,0.9302948555,0.0,47.0,5.0,2.0,1
38.0,0.0,0.0,42.0,5.0,2.0,0
27.0,0.7336112939999999,0.0,31.0,5.0,1.0,1
11.0,0.0,0.0,11.0,5.0,1.0,0
49.0,0.0,0.0,55.0,5.0,1.0,0
5.0,0.0,0.0,5.0,5.0,2.0,0
4.0,0.0,0.0,6.0,5.0,2.0,0
33.0,0.0,0.0,33.0,5.0,3.0,0
2.0,0.0,0.0,2.0,5.0,3.0,0
150.0,0.07647852555,1.0,164.0,5.0,1.0,1
44.0,0.0,0.0,55.0,5.0,3.0,0
17.0,0.0,0.0,20.0,5.0,1.0,1
9.0,0.0,0.0,9.0,5.0,1.0,0
4.0,0.0,0.0,4.0,5.0,2.0,0
50.0,0.0,0.0,50.0,5.0,1.0,0
27.0,0.28864914134999997,6.0,36.0,5.0,2.0,0
2.0,0.0,0.0,2.0,5.0,1.0,0
8.0,0.0,0.0,8.0,5.0,2.0,0
5.0,0.0,0.0,5.0,5.0,3.0,0
121.0,0.031225519400000002,2.0,123.0,5.0,1.0,0
9.0,1.4810944945,0.0,10.0,5.0,1.0,1
97.0,0.0,0.0,99.0,5.0,3.0,0
27.0,0.0,0.0,31.0,5.0,2.0,0
11.0,0.0,0.0,17.0,5.0,1.0,0
343.0,0.0,13.0,371.0,5.0,1.0,0
18.0,18.088187095000002,0.0,21.0,5.0,2.0,1
9.0,0.0,0.0,9.0,5.0,1.0,0
6.0,0.0,0.0,6.0,5.0,3.0,0
61.0,2.430473945,5.0,76.0,5.0,2.0,1
12.0,0.0,0.0,12.0,5.0,1.0,0
27.0,0.0,0.0,27.0,5.0,2.0,0
103.0,0.0,1.0,104.0,5.0,3.0,0
7.0,0.0,0.0,7.0,5.0,1.0,0
1.0,0.0,0.0,1.0,5.0,2.0,0
245.0,0.23854551824999998,3.0,252.0,5.0,3.0,0
122.0,4.3288860885,3.0,141.0,5.0,2.0,0
33.0,0.0,0.0,45.0,5.0,1.0,0
39.0,0.0,2.0,43.0,5.0,1.0,0
41.0,1.3519931025,2.0,49.0,5.0,3.0,0
123.0,0.5346189845,0.0,132.0,5.0,2.0,1
24.0,1.175799851,0.0,30.0,5.0,3.0,1
113.0,0.0,0.0,113.0,5.0,2.0,1
10.0,0.0,0.0,10.0,5.0,2.0,0
9.0,0.0,2.0,15.0,5.0,3.0,0
16.0,7.173833915,0.0,18.0,5.0,1.0,1
10.0,0.0,0.0,10.0,5.0,2.0,0
26.0,0.725137193,2.0,30.0,5.0,2.0,0
60.0,0.0,0.0,60.0,5.0,1.0,0
10.0,0.0,0.0,14.0,5.0,1.0,0
175.0,0.0,0.0,187.0,5.0,3.0,1
66.0,0.0,4.0,70.0,5.0,1.0,0
3.0,0.0,0.0,3.0,5.0,1.0,0
48.0,1.0056963735,0.0,51.0,5.0,2.0,1
24.0,0.0,1.0,27.0,5.0,1.0,0
159.0,0.0,0.0,159.0,5.0,2.0,1
25.0,0.0,0.0,25.0,5.0,1.0,0
31.0,0.0,0.0,31.0,5.0,2.0,0
15.0,0.0,0.0,19.0,5.0,1.0,0
28.0,0.0,0.0,30.0,5.0,1.0,0
4.0,0.0,4.0,13.0,5.0,2.0,1
13.0,0.0,0.0,13.0,5.0,2.0,0
15.0,0.0,0.0,18.0,5.0,2.0,0
1.0,0.0,0.0,1.0,5.0,2.0,0
23.0,1.6207085200000002,2.0,28.0,5.0,2.0,0
17.0,6.441393454999999,0.0,17.0,5.0,1.0,1
45.0,1.0616224380000001,1.0,58.0,5.0,2.0,0
55.0,0.930842151,0.0,58.0,5.0,3.0,1
8.0,0.0,0.0,8.0,5.0,1.0,0
24.0,0.0,0.0,24.0,5.0,1.0,0
31.0,2.8532732065,0.0,35.0,5.0,1.0,0
88.0,0.0,1.0,89.0,5.0,2.0,0
23.0,0.0,0.0,25.0,5.0,1.0,0
30.0,5.00827839,0.0,30.0,5.0,2.0,1
9.0,0.0,0.0,9.0,5.0,2.0,0
8.0,0.0,0.0,8.0,5.0,1.0,0
2.0,0.0,0.0,2.0,5.0,2.0,0
5.0,0.0,0.0,5.0,5.0,1.0,0
171.0,0.2106682102,3.0,182.0,5.0,2.0,1
11.0,0.0,0.0,16.0,5.0,1.0,0
34.0,2.433035878,2.0,40.0,5.0,2.0,1
45.0,0.0,0.0,47.0,5.0,2.0,0
1.0,0.0,0.0,1.0,5.0,1.0,0
22.0,0.0,0.0,22.0,5.0,2.0,0
30.0,2.2791341835,0.0,35.0,5.0,3.0,1
202.0,0.08034128615,1.0,218.0,5.0,2.0,1
24.0,0.0,0.0,27.0,5.0,2.0,0
116.0,0.0,0.0,116.0,5.0,3.0,0
27.0,0.0,0.0,33.0,5.0,1.0,0
4.0,0.0,0.0,4.0,5.0,2.0,0
19.0,1.409477983,0.0,21.0,5.0,2.0,1
45.0,0.0,0.0,45.0,5.0,1.0,0
8.0,0.0,0.0,8.0,5.0,2.0,0
1.0,0.0,0.0,1.0,5.0,1.0,0
82.0,0.5509703795,0.0,92.0,5.0,1.0,0
16.0,0.0,0.0,16.0,5.0,3.0,0
12.0,0.0,0.0,12.0,5.0,2.0,0
22.0,0.0,0.0,22.0,5.0,2.0,0
68.0,0.0,9.0,84.0,5.0,1.0,0
16.0,0.0,0.0,16.0,5.0,2.0,0
49.0,0.0,0.0,49.0,5.0,2.0,0
5.0,0.0,0.0,12.0,5.0,1.0,0
38.0,0.0,0.0,38.0,5.0,3.0,0
94.0,0.0,1.0,95.0,5.0,2.0,0
107.0,0.0,0.0,107.0,5.0,2.0,0
27.0,0.0,0.0,32.0,5.0,2.0,0
50.0,0.0,0.0,51.0,5.0,3.0,0
1.0,0.0,0.0,1.0,5.0,2.0,0
53.0,0.0,0.0,53.0,5.0,3.0,0
96.0,0.0,0.0,99.0,5.0,1.0,0
51.0,0.0,0.0,52.0,5.0,3.0,0
49.0,1.033362295,0.0,54.0,5.0,2.0,1
1.0,0.0,0.0,1.0,5.0,2.0,0
49.0,0.0,0.0,49.0,5.0,1.0,0
71.0,0.0,0.0,72.0,5.0,3.0,0
9.0,0.0,0.0,9.0,5.0,1.0,0
13.0,0.0,0.0,15.0,5.0,1.0,0
130.0,0.0,3.0,134.0,5.0,1.0,0
33.0,0.0,0.0,33.0,5.0,3.0,0
71.0,0.33668723754999996,1.0,85.0,5.0,2.0,0
50.0,0.4721463532,0.0,54.0,5.0,3.0,0
137.0,0.0,3.0,140.0,5.0,2.0,0
19.0,1.2273531480000002,0.0,27.0,5.0,3.0,1
122.0,0.07416054694999999,5.0,137.0,5.0,2.0,1
11.0,0.0,0.0,11.0,5.0,1.0,0
6.0,0.0,0.0,6.0,5.0,2.0,1
17.0,0.0,0.0,20.0,5.0,3.0,0
91.0,0.0,0.0,94.0,5.0,3.0,0
29.0,1.252220887,3.0,34.0,5.0,2.0,1
2.0,0.0,0.0,2.0,5.0,1.0,0
29.0,0.0,0.0,29.0,5.0,2.0,0
39.0,0.0,2.0,46.0,5.0,1.0,0
1.0,0.0,0.0,1.0,5.0,2.0,0
74.0,0.20707294054999997,0.0,77.0,5.0,2.0,1
109.0,0.0,0.0,112.0,5.0,2.0,1
7.0,0.0,0.0,14.0,5.0,1.0,0
40.0,0.0,0.0,40.0,5.0,3.0,1
19.0,1.060563275,1.0,21.0,5.0,2.0,1
52.0,0.0,0.0,56.0,5.0,1.0,0
6.0,0.0,0.0,6.0,5.0,2.0,0
60.0,1.1461705755,2.0,65.0,5.0,3.0,0
11.0,0.0,0.0,11.0,5.0,1.0,0
173.0,0.07696592249999999,1.0,178.0,5.0,3.0,1
4.0,0.0,0.0,4.0,5.0,2.0,0
24.0,0.0,0.0,24.0,5.0,3.0,0
10.0,0.0,0.0,10.0,5.0,3.0,0
16.0,0.0,0.0,16.0,5.0,3.0,0
10.0,0.0,0.0,11.0,5.0,1.0,0
7.0,0.0,0.0,10.0,5.0,2.0,0
97.0,0.0,3.0,100.0,5.0,3.0,0
27.0,0.0,0.0,27.0,5.0,1.0,0
51.0,0.518587923,1.0,56.0,5.0,2.0,0
1.0,0.0,0.0,1.0,5.0,1.0,0
41.0,0.0,0.0,45.0,5.0,1.0,0
5.0,0.0,0.0,7.0,5.0,1.0,0
229.0,0.44484184865,4.0,242.0,5.0,2.0,1
2.0,0.0,0.0,2.0,5.0,1.0,0
34.0,0.0,1.0,39.0,5.0,2.0,0
154.0,0.42669642285,6.0,174.0,5.0,2.0,1
174.0,0.0,0.0,180.0,5.0,2.0,1
11.0,0.0,0.0,11.0,5.0,3.0,0
61.0,6.575202190000001,0.0,63.0,5.0,3.0,1
42.0,0.0,0.0,42.0,5.0,1.0,0
9.0,0.0,0.0,13.0,5.0,2.0,0
35.0,0.0,3.0,38.0,5.0,3.0,0
101.0,0.15895318009999998,0.0,107.0,5.0,2.0,1
11.0,0.0,0.0,11.0,5.0,2.0,0
11.0,0.0,0.0,11.0,5.0,2.0,0
40.0,0.0,1.0,43.0,5.0,2.0,0
101.0,0.2097667589,0.0,111.0,5.0,2.0,0
63.0,0.880469652,0.0,68.0,5.0,2.0,1
1.0,0.0,0.0,1.0,5.0,2.0,0
9.0,0.0,0.0,9.0,5.0,2.0,0
150.0,0.0,0.0,152.0,5.0,2.0,0
30.0,3.2647580195000003,0.0,30.0,5.0,1.0,1
10.0,0.0,0.0,10.0,5.0,2.0,0
117.0,0.0,3.0,120.0,5.0,3.0,0
45.0,0.0,0.0,46.0,5.0,2.0,0
4.0,0.0,0.0,4.0,5.0,2.0,0
21.0,0.0,0.0,22.0,5.0,2.0,0
6.0,0.0,0.0,6.0,5.0,1.0,0
94.0,0.22555393819999997,1.0,112.0,5.0,2.0,1
2.0,0.0,0.0,2.0,5.0,2.0,0
4.0,0.0,0.0,4.0,5.0,1.0,0
4.0,0.0,0.0,4.0,5.0,2.0,0
152.0,0.0,0.0,155.0,5.0,2.0,1
31.0,0.0,2.0,40.0,5.0,1.0,0
222.0,0.5334684925000001,4.0,236.0,5.0,3.0,0
9.0,0.0,0.0,9.0,5.0,2.0,0
186.0,0.0,0.0,190.0,5.0,3.0,0
57.0,0.0,3.0,60.0,5.0,3.0,1
1.0,0.0,0.0,1.0,5.0,1.0,0
13.0,0.0,0.0,13.0,5.0,1.0,0
1.0,0.0,0.0,1.0,5.0,1.0,0
36.0,0.0,0.0,37.0,5.0,3.0,0
32.0,0.0,0.0,32.0,5.0,1.0,0
11.0,0.0,0.0,11.0,5.0,1.0,0
5.0,0.0,0.0,5.0,5.0,1.0,0
10.0,0.0,0.0,10.0,5.0,2.0,0
110.0,0.0,0.0,114.0,5.0,2.0,0
62.0,0.681846293,0.0,63.0,5.0,2.0,1
10.0,0.0,0.0,10.0,5.0,1.0,0
51.0,0.0,0.0,56.0,5.0,3.0,0
1.0,0.0,0.0,1.0,5.0,1.0,0
11.0,0.0,0.0,11.0,5.0,1.0,0
9.0,0.0,0.0,13.0,5.0,1.0,0
46.0,0.30117616049999996,1.0,54.0,5.0,1.0,0
37.0,0.0,0.0,37.0,5.0,2.0,0
12.0,0.0,2.0,28.0,5.0,1.0,0
2.0,0.0,0.0,5.0,5.0,2.0,0
7.0,0.0,0.0,7.0,5.0,2.0,0
79.0,0.0,0.0,82.0,5.0,2.0,0
24.0,2.210191047,0.0,24.0,5.0,3.0,1
12.0,0.0,0.0,12.0,5.0,2.0,0
4.0,0.0,0.0,4.0,5.0,1.0,0
37.0,0.0,0.0,37.0,5.0,3.0,0
12.0,0.0,0.0,12.0,5.0,2.0,1
4.0,0.0,0.0,5.0,5.0,1.0,0
62.0,0.0,0.0,63.0,5.0,1.0,0
22.0,0.37594898795,1.0,24.0,5.0,3.0,1
23.0,0.0,0.0,28.0,5.0,2.0,1
4.0,0.0,0.0,4.0,5.0,1.0,0
1.0,0.0,0.0,1.0,5.0,1.0,0
43.0,0.34448830015,0.0,44.0,5.0,1.0,0
23.0,0.0,0.0,25.0,5.0,1.0,0
67.0,0.0,0.0,68.0,5.0,1.0,0
14.0,0.0,0.0,14.0,5.0,1.0,0
3.0,0.0,0.0,3.0,5.0,1.0,0
130.0,0.0,1.0,131.0,5.0,3.0,0
9.0,3.4129354,0.0,9.0,5.0,2.0,1
2.0,0.0,0.0,2.0,5.0,2.0,0
8.0,0.0,0.0,8.0,5.0,1.0,0
2.0,0.0,0.0,2.0,5.0,1.0,0
47.0,0.0,2.0,50.0,5.0,2.0,0
1.0,0.0,0.0,1.0,5.0,3.0,0
47.0,0.0,0.0,50.0,5.0,2.0,0
14.0,0.0,0.0,14.0,5.0,1.0,0
8.0,0.0,0.0,8.0,5.0,1.0,0
17.0,0.0,0.0,17.0,5.0,2.0,0
27.0,0.0,0.0,30.0,5.0,1.0,0
19.0,0.0,0.0,19.0,5.0,1.0,0
12.0,0.0,0.0,12.0,5.0,1.0,0
67.0,0.0,3.0,72.0,5.0,1.0,0
35.0,0.0,2.0,41.0,5.0,3.0,0
95.0,0.967489198,1.0,103.0,5.0,2.0,1
51.0,2.216774461,3.0,59.0,5.0,2.0,0
1.0,0.0,0.0,1.0,5.0,3.0,0
14.0,0.0,1.0,20.0,5.0,2.0,0
29.0,0.0,0.0,29.0,5.0,2.0,0
9.0,0.0,0.0,11.0,5.0,1.0,0
40.0,0.0,0.0,40.0,5.0,2.0,0
1.0,0.0,0.0,1.0,5.0,1.0,0
38.0,0.853145537,0.0,46.0,5.0,1.0,0
52.0,5.404469365,0.0,60.0,5.0,2.0,1
63.0,0.0,1.0,69.0,5.0,1.0,0
6.0,0.0,0.0,6.0,5.0,2.0,0
12.0,0.0,0.0,12.0,5.0,2.0,0
4.0,0.0,0.0,5.0,5.0,2.0,0
12.0,0.0,0.0,12.0,5.0,3.0,0
10.0,0.0,0.0,13.0,5.0,2.0,0
2.0,0.0,0.0,2.0,5.0,1.0,0
6.0,0.0,0.0,6.0,5.0,1.0,0
113.0,0.7425258379999999,1.0,117.0,5.0,1.0,0
135.0,0.0,2.0,144.0,5.0,1.0,0
2.0,0.0,0.0,2.0,5.0,3.0,0
7.0,0.0,0.0,7.0,5.0,3.0,0
2.0,0.0,0.0,2.0,5.0,2.0,0
20.0,0.0,0.0,20.0,5.0,1.0,0
52.0,0.8738357649999999,6.0,64.0,5.0,2.0,0
9.0,0.0,0.0,9.0,5.0,1.0,0
238.0,0.19258266075,9.0,254.0,5.0,1.0,0
167.0,0.0,3.0,175.0,5.0,2.0,0
1.0,0.0,0.0,2.0,5.0,2.0,0
133.0,0.797769419,0.0,137.0,5.0,3.0,0
34.0,0.0,2.0,41.0,5.0,3.0,1
35.0,0.0,3.0,48.0,5.0,3.0,0
16.0,0.0,0.0,16.0,5.0,1.0,0
65.0,0.0,2.0,74.0,5.0,2.0,0
46.0,0.0,2.0,50.0,5.0,3.0,0
34.0,0.43770225910000005,0.0,35.0,5.0,1.0,1
43.0,0.0,0.0,44.0,5.0,2.0,0
1.0,0.0,0.0,1.0,5.0,1.0,0
12.0,0.0,0.0,12.0,5.0,1.0,0
4.0,0.0,0.0,4.0,5.0,2.0,0
17.0,0.0,0.0,17.0,5.0,1.0,1
65.0,0.0,0.0,65.0,5.0,3.0,1
24.0,0.0,0.0,28.0,5.0,2.0,0
7.0,0.0,0.0,7.0,5.0,2.0,0
55.0,0.45686656535000003,0.0,56.0,5.0,1.0,0
24.0,0.0,0.0,24.0,5.0,1.0,0
32.0,1.178381775,0.0,39.0,5.0,1.0,0
2.0,0.0,0.0,2.0,5.0,1.0,0
45.0,0.0,2.0,49.0,5.0,1.0,0
45.0,0.0,0.0,45.0,5.0,2.0,0
52.0,0.27699500905,1.0,67.0,5.0,2.0,0
44.0,0.0,0.0,44.0,5.0,1.0,0
129.0,0.051764987,1.0,142.0,5.0,2.0,1
23.0,0.0,0.0,23.0,5.0,3.0,0
6.0,0.0,0.0,11.0,5.0,1.0,0
13.0,0.0,0.0,13.0,5.0,1.0,0
5.0,0.0,0.0,5.0,5.0,2.0,0
19.0,0.0,1.0,20.0,5.0,1.0,0
27.0,0.0,0.0,27.0,5.0,3.0,0
7.0,0.0,0.0,7.0,5.0,3.0,1
37.0,0.0,0.0,38.0,5.0,2.0,0
63.0,4.447743452999999,0.0,63.0,5.0,2.0,1
1.0,0.0,0.0,1.0,5.0,1.0,0
11.0,0.0,3.0,17.0,5.0,2.0,0
34.0,0.0,0.0,34.0,5.0,3.0,1
91.0,0.0,0.0,91.0,5.0,3.0,0
3.0,0.0,0.0,3.0,5.0,2.0,0
35.0,1.1935252699999999,1.0,39.0,5.0,1.0,0
7.0,0.0,0.0,9.0,5.0,1.0,0
39.0,0.2803191383,2.0,44.0,5.0,2.0,0
64.0,0.9441801059999999,5.0,71.0,5.0,2.0,0
50.0,0.0,1.0,55.0,5.0,3.0,1
69.0,0.0,0.0,69.0,5.0,2.0,0
27.0,0.0,0.0,32.0,5.0,2.0,0
10.0,0.0,0.0,12.0,5.0,1.0,0
69.0,4.89961033,0.0,69.0,5.0,2.0,1
18.0,0.0,0.0,18.0,5.0,2.0,0
13.0,0.0,0.0,13.0,5.0,3.0,0
64.0,0.0,0.0,64.0,5.0,1.0,0
35.0,4.676497212999999,1.0,39.0,5.0,3.0,1
99.0,0.0,4.0,104.0,5.0,2.0,1
27.0,0.0,0.0,31.0,5.0,1.0,0
111.0,0.1848068019,0.0,116.0,5.0,1.0,0
36.0,3.412520892,0.0,38.0,5.0,1.0,0
98.0,3.9098897934999997,1.0,100.0,5.0,3.0,1
6.0,0.0,1.0,10.0,5.0,2.0,0
53.0,0.708369611,0.0,61.0,5.0,1.0,0
4.0,0.0,0.0,4.0,5.0,2.0,1
132.0,0.11045016864999999,2.0,137.0,5.0,2.0,1
1.0,0.0,0.0,1.0,5.0,2.0,0
4.0,0.0,0.0,4.0,5.0,2.0,0
167.0,3.2405865505,1.0,173.0,5.0,3.0,1
18.0,0.0,0.0,23.0,5.0,3.0,0
22.0,0.0,0.0,23.0,5.0,2.0,0
1.0,0.0,0.0,1.0,5.0,2.0,0
1.0,0.0,0.0,1.0,5.0,1.0,0
13.0,0.0,0.0,14.0,5.0,1.0,0
6.0,0.0,0.0,6.0,5.0,1.0,0
2.0,0.0,0.0,3.0,5.0,1.0,0
61.0,0.0,0.0,61.0,5.0,2.0,0
5.0,0.0,0.0,5.0,5.0,2.0,0
161.0,0.7994017,3.0,177.0,5.0,3.0,1
114.0,1.628362873,0.0,123.0,5.0,2.0,1
39.0,0.0,0.0,39.0,5.0,2.0,0
1.0,0.0,0.0,1.0,5.0,1.0,0
19.0,0.0,0.0,23.0,5.0,1.0,0
91.0,0.5259509065,0.0,102.0,5.0,1.0,0
110.0,0.46470059905000005,4.0,117.0,5.0,3.0,1
62.0,0.25840498,0.0,62.0,5.0,2.0,1
16.0,0.0,0.0,16.0,5.0,1.0,0
16.0,0.0,0.0,16.0,5.0,2.0,0
1.0,0.0,0.0,1.0,5.0,1.0,0
3.0,0.0,0.0,3.0,5.0,2.0,0
3.0,0.0,0.0,7.0,5.0,1.0,0
34.0,0.0,0.0,48.0,5.0,1.0,0
139.0,3.3698548185,8.0,156.0,5.0,3.0,0
11.0,0.0,0.0,17.0,5.0,2.0,0
12.0,0.0,0.0,12.0,5.0,1.0,0
38.0,0.0,0.0,40.0,5.0,3.0,0
337.0,0.0,4.0,348.0,5.0,2.0,0
1.0,0.0,0.0,1.0,5.0,1.0,0
33.0,0.0,0.0,40.0,5.0,1.0,0
4.0,0.0,0.0,4.0,5.0,3.0,0
3.0,0.0,1.0,7.0,5.0,2.0,0
1.0,0.0,0.0,1.0,5.0,2.0,0
55.0,0.0,0.0,60.0,5.0,2.0,0
2.0,0.0,0.0,2.0,5.0,1.0,0
54.0,0.0971529254,0.0,63.0,5.0,3.0,1
13.0,0.0,0.0,25.0,5.0,1.0,0
5.0,0.0,1.0,8.0,5.0,1.0,0
24.0,0.0,0.0,25.0,5.0,1.0,0
23.0,0.0,0.0,23.0,5.0,1.0,0
8.0,0.0,0.0,10.0,5.0,1.0,0
81.0,0.0,0.0,81.0,5.0,2.0,1
3.0,0.0,0.0,3.0,5.0,3.0,0
21.0,0.35362149845,1.0,28.0,5.0,3.0,0
99.0,0.22477925459999998,1.0,104.0,5.0,3.0,0
157.0,0.0,4.0,169.0,5.0,3.0,1
141.0,0.0,2.0,143.0,5.0,1.0,0
23.0,0.0,0.0,30.0,5.0,3.0,0
26.0,0.4022883866,3.0,35.0,5.0,2.0,1
118.0,1.937416815,1.0,124.0,5.0,2.0,1
22.0,0.2503827025,0.0,24.0,5.0,2.0,0
1.0,0.0,0.0,1.0,5.0,1.0,0
56.0,0.0,0.0,61.0,5.0,1.0,0
17.0,0.0,0.0,17.0,5.0,2.0,0
95.0,0.14077696875,0.0,104.0,5.0,2.0,0
89.0,0.0,2.0,91.0,5.0,3.0,1
31.0,0.0,2.0,34.0,5.0,2.0,0
20.0,0.0,2.0,24.0,5.0,2.0,0
145.0,0.039013870150000005,0.0,147.0,5.0,3.0,1
3.0,0.0,0.0,7.0,5.0,3.0,1
4.0,0.0,0.0,4.0,5.0,1.0,0
11.0,2.31540315,0.0,13.0,5.0,2.0,1
22.0,0.9551747840000001,0.0,24.0,5.0,1.0,1
5.0,0.0,0.0,5.0,5.0,3.0,0
9.0,0.0,0.0,9.0,5.0,1.0,0
7.0,0.0,0.0,8.0,5.0,1.0,0
27.0,0.0,3.0,31.0,5.0,3.0,0
54.0,0.0,2.0,61.0,5.0,3.0,1
19.0,0.0,0.0,19.0,5.0,3.0,0
10.0,0.0,0.0,10.0,5.0,2.0,0
44.0,0.0,0.0,47.0,5.0,3.0,0
5.0,0.0,0.0,5.0,5.0,1.0,0
11.0,0.0,0.0,11.0,5.0,2.0,0
5.0,0.0,2.0,7.0,5.0,2.0,0
17.0,0.0,0.0,18.0,5.0,2.0,1
51.0,0.0,0.0,51.0,5.0,3.0,0
17.0,0.0,0.0,17.0,5.0,1.0,0
6.0,0.0,0.0,8.0,5.0,1.0,0
64.0,0.0,0.0,64.0,5.0,2.0,1
41.0,0.29253327135,0.0,43.0,5.0,2.0,0
19.0,1.405817742,0.0,20.0,5.0,2.0,1
51.0,0.0,0.0,56.0,5.0,3.0,0
1.0,0.0,0.0,1.0,5.0,2.0,0
30.0,0.0,0.0,30.0,5.0,2.0,0
18.0,2.082312972,4.0,24.0,5.0,1.0,1
30.0,0.0,1.0,31.0,5.0,1.0,0
72.0,0.0,1.0,78.0,5.0,2.0,0
23.0,0.0,0.0,23.0,5.0,2.0,0
15.0,0.0,0.0,15.0,5.0,1.0,0
64.0,0.0,0.0,64.0,5.0,3.0,0
17.0,0.0,1.0,26.0,5.0,2.0,0
19.0,0.0,1.0,22.0,5.0,2.0,0
38.0,0.0,0.0,38.0,5.0,2.0,0
6.0,0.0,0.0,11.0,5.0,3.0,0
77.0,0.7192734205,0.0,78.0,5.0,2.0,0
33.0,0.6225391855,0.0,35.0,5.0,3.0,1
49.0,0.0,0.0,50.0,5.0,2.0,0
42.0,0.0,5.0,54.0,5.0,1.0,0
34.0,0.0,0.0,34.0,5.0,3.0,0
7.0,0.0,0.0,7.0,5.0,1.0,0
38.0,0.0,5.0,48.0,5.0,1.0,0
29.0,0.0,0.0,29.0,5.0,1.0,0
22.0,3.2873026394999996,0.0,28.0,5.0,1.0,0
53.0,0.0,0.0,58.0,5.0,1.0,0
53.0,0.0,0.0,57.0,5.0,1.0,0
82.0,0.698752415,1.0,93.0,5.0,2.0,1
2.0,0.0,0.0,2.0,5.0,1.0,0
12.0,0.0,0.0,18.0,5.0,2.0,0
27.0,0.0,0.0,27.0,5.0,3.0,1
18.0,0.0,2.0,20.0,5.0,1.0,0
6.0,0.0,0.0,6.0,5.0,3.0,0
1.0,0.0,2.0,5.0,5.0,1.0,0
7.0,0.0,0.0,7.0,5.0,3.0,0
31.0,0.0,0.0,35.0,5.0,1.0,0
25.0,0.0,0.0,25.0,5.0,2.0,0
100.0,0.0,2.0,103.0,5.0,2.0,1
10.0,0.0,0.0,11.0,5.0,1.0,0
3.0,0.0,2.0,5.0,5.0,2.0,0
20.0,1.9133339625,0.0,23.0,5.0,2.0,1
4.0,0.0,0.0,4.0,5.0,1.0,0
36.0,0.0,0.0,41.0,5.0,2.0,0
17.0,0.7053699785,0.0,23.0,5.0,2.0,1
3.0,0.0,0.0,3.0,5.0,2.0,0
3.0,0.0,0.0,3.0,5.0,3.0,0
2.0,0.0,0.0,2.0,5.0,2.0,0
36.0,0.0,0.0,47.0,5.0,1.0,0
83.0,0.0,0.0,83.0,5.0,2.0,0
27.0,0.0,0.0,28.0,5.0,2.0,0
14.0,0.0,0.0,14.0,5.0,2.0,0
27.0,0.0,0.0,27.0,5.0,1.0,0
12.0,0.0,0.0,12.0,5.0,1.0,0
6.0,0.0,0.0,6.0,5.0,1.0,0
11.0,0.0,0.0,11.0,5.0,1.0,0
37.0,0.0,2.0,45.0,5.0,3.0,0
71.0,0.615405874,0.0,77.0,5.0,2.0,1
19.0,0.0,0.0,19.0,5.0,1.0,0
7.0,2.9877091755,0.0,7.0,5.0,1.0,1
87.0,1.9000319654999998,0.0,87.0,5.0,2.0,1
3.0,0.0,0.0,3.0,5.0,1.0,0
179.0,0.9041805430000001,5.0,190.0,5.0,3.0,0
119.0,1.6162468454999999,9.0,134.0,5.0,1.0,1
85.0,0.50659822,1.0,93.0,5.0,1.0,0
52.0,0.0,0.0,52.0,5.0,1.0,0
26.0,0.5853073055,0.0,27.0,5.0,2.0,1
22.0,0.0,0.0,22.0,5.0,2.0,0
1.0,0.0,0.0,1.0,5.0,2.0,0
7.0,0.0,2.0,14.0,5.0,3.0,1
41.0,0.0,2.0,43.0,5.0,3.0,0
6.0,0.0,0.0,8.0,5.0,1.0,0
23.0,1.8273401775,0.0,24.0,5.0,1.0,1
9.0,0.655841415,0.0,9.0,5.0,1.0,1
2.0,0.0,0.0,2.0,5.0,1.0,0
27.0,0.0,0.0,28.0,5.0,2.0,0
8.0,0.0,0.0,8.0,5.0,3.0,0
11.0,0.0,0.0,11.0,5.0,1.0,0
113.0,0.0,1.0,130.0,5.0,1.0,0
172.0,0.0,3.0,181.0,5.0,2.0,0
38.0,0.0,0.0,38.0,5.0,1.0,0
40.0,2.4331085304999998,0.0,47.0,5.0,1.0,1
8.0,0.0,0.0,13.0,5.0,3.0,0
351.0,0.0992277894,9.0,372.0,5.0,2.0,0
8.0,0.0,0.0,8.0,5.0,3.0,0
1.0,0.0,0.0,1.0,5.0,1.0,0
54.0,1.291338223,10.0,66.0,5.0,1.0,0
31.0,0.6945893654999999,2.0,41.0,5.0,2.0,0
162.0,3.8554109715000004,2.0,166.0,5.0,2.0,1
2.0,0.0,0.0,2.0,5.0,2.0,0
28.0,0.0,0.0,33.0,5.0,1.0,0
15.0,0.0,0.0,17.0,5.0,2.0,0
1.0,0.0,0.0,1.0,5.0,2.0,0
70.0,0.0,0.0,75.0,5.0,1.0,0
45.0,0.35901741505,0.0,62.0,5.0,2.0,1
11.0,0.0,0.0,13.0,5.0,2.0,0
9.0,0.0,0.0,14.0,5.0,2.0,0
94.0,0.0,0.0,97.0,5.0,2.0,0
13.0,0.0,0.0,13.0,5.0,2.0,0
4.0,0.0,0.0,7.0,5.0,3.0,0
20.0,0.0,2.0,23.0,5.0,2.0,0
59.0,8.36154168,1.0,73.0,5.0,3.0,1
23.0,0.0,0.0,23.0,5.0,2.0,0
9.0,0.0,0.0,10.0,5.0,1.0,0
64.0,1.494193033,1.0,68.0,5.0,3.0,0
66.0,0.0,0.0,76.0,5.0,3.0,0
41.0,0.0,0.0,47.0,5.0,1.0,0
22.0,1.2502115935,0.0,35.0,5.0,1.0,1
6.0,0.0,0.0,6.0,5.0,3.0,0
53.0,0.0,0.0,53.0,5.0,2.0,0
81.0,0.778231082,1.0,90.0,5.0,2.0,1
70.0,0.0,0.0,79.0,5.0,2.0,0
19.0,0.0,0.0,19.0,5.0,1.0,0
49.0,0.1290014167,2.0,68.0,5.0,1.0,0
8.0,0.0,0.0,10.0,5.0,1.0,0
41.0,0.9755050505,0.0,41.0,5.0,1.0,1
138.0,0.8817173105,0.0,143.0,5.0,2.0,0
7.0,0.0,0.0,7.0,5.0,2.0,0
3.0,0.0,0.0,7.0,5.0,1.0,0
29.0,0.0,0.0,33.0,5.0,2.0,1
81.0,0.0,4.0,90.0,5.0,3.0,0
11.0,0.0,0.0,11.0,5.0,3.0,0
55.0,0.20035327490000002,1.0,61.0,5.0,2.0,0
15.0,0.0,6.0,24.0,5.0,2.0,1
59.0,1.237632665,0.0,64.0,5.0,3.0,1
6.0,0.0,0.0,10.0,5.0,2.0,0
9.0,0.0,0.0,9.0,5.0,1.0,0
20.0,0.0,0.0,20.0,5.0,1.0,0
9.0,0.0,0.0,9.0,5.0,2.0,0
166.0,0.2057926793,4.0,183.0,5.0,1.0,0
15.0,0.0,0.0,20.0,5.0,1.0,0
8.0,0.0,0.0,8.0,5.0,2.0,0
40.0,0.0,0.0,40.0,5.0,2.0,1
106.0,0.9516956705,4.0,113.0,5.0,2.0,1
13.0,0.0,0.0,13.0,5.0,2.0,0
9.0,0.0,0.0,13.0,5.0,2.0,0
24.0,0.7638278780000001,0.0,26.0,5.0,1.0,1
66.0,0.0,3.0,69.0,5.0,2.0,0
116.0,2.1387609850000002,1.0,126.0,5.0,2.0,1
15.0,0.0,0.0,16.0,5.0,2.0,0
6.0,0.0,0.0,7.0,5.0,2.0,0
64.0,0.0,0.0,64.0,5.0,2.0,0
9.0,0.0,0.0,11.0,5.0,1.0,0
1.0,0.0,0.0,1.0,5.0,1.0,0
11.0,0.0,0.0,11.0,5.0,2.0,0
20.0,0.0,4.0,34.0,5.0,1.0,0
8.0,0.0,0.0,8.0,5.0,2.0,0
66.0,0.0,0.0,68.0,5.0,1.0,0
4.0,0.0,0.0,6.0,5.0,2.0,0
41.0,0.0,0.0,41.0,5.0,1.0,0
1.0,0.0,0.0,1.0,5.0,1.0,0
20.0,0.24236826699999997,0.0,24.0,5.0,1.0,1
21.0,0.0,0.0,21.0,5.0,2.0,0
35.0,0.0,0.0,35.0,5.0,2.0,0
154.0,0.0,5.0,172.0,5.0,2.0,0
1.0,0.0,0.0,1.0,5.0,1.0,0
12.0,0.0,0.0,12.0,5.0,1.0,0
50.0,0.0,1.0,52.0,5.0,1.0,0
20.0,0.0,0.0,28.0,5.0,1.0,0
2.0,0.0,0.0,7.0,5.0,3.0,1
6.0,0.0,0.0,6.0,5.0,2.0,0
2.0,0.0,0.0,2.0,5.0,2.0,0
69.0,0.0,0.0,74.0,5.0,2.0,0
63.0,0.0,0.0,64.0,5.0,2.0,0
28.0,0.0,1.0,39.0,5.0,1.0,0
8.0,0.0,0.0,8.0,5.0,1.0,0
49.0,3.146774589,0.0,49.0,5.0,2.0,1
82.0,3.8629758355,1.0,84.0,5.0,3.0,1
15.0,0.0,0.0,15.0,5.0,2.0,0
9.0,0.0,0.0,9.0,5.0,1.0,0
17.0,0.0,0.0,19.0,5.0,1.0,0
5.0,0.0,0.0,5.0,5.0,1.0,0
3.0,0.0,0.0,3.0,5.0,1.0,0
5.0,0.0,0.0,5.0,5.0,1.0,0
49.0,0.0,0.0,49.0,5.0,2.0,0
37.0,0.0,0.0,37.0,5.0,1.0,0
14.0,0.0,2.0,24.0,5.0,2.0,1
137.0,0.0,0.0,139.0,5.0,3.0,1
21.0,0.0,0.0,22.0,5.0,2.0,0
1.0,0.0,0.0,1.0,5.0,1.0,0
349.0,0.08125255165,1.0,358.0,5.0,2.0,0
112.0,0.0,0.0,113.0,5.0,1.0,0
33.0,0.0,0.0,36.0,5.0,1.0,0
24.0,0.0,0.0,26.0,5.0,3.0,0
48.0,1.488145397,2.0,62.0,5.0,2.0,0
18.0,0.0,0.0,26.0,5.0,2.0,0
9.0,0.0,0.0,9.0,5.0,1.0,0
6.0,0.0,0.0,8.0,5.0,1.0,0
41.0,0.0,0.0,45.0,5.0,1.0,0
42.0,0.0,0.0,42.0,5.0,2.0,0
35.0,3.212675088,0.0,37.0,5.0,1.0,0
40.0,0.0,0.0,40.0,5.0,1.0,0
33.0,0.8514368855000001,6.0,48.0,5.0,1.0,0
1.0,0.0,0.0,1.0,5.0,1.0,0
70.0,0.0,0.0,73.0,5.0,2.0,0
58.0,0.0,1.0,59.0,5.0,2.0,1
11.0,0.0,0.0,11.0,5.0,3.0,0
8.0,0.0,0.0,8.0,5.0,1.0,0
8.0,0.0,0.0,10.0,5.0,1.0,0
6.0,0.0,3.0,9.0,5.0,2.0,0
16.0,0.0,0.0,16.0,5.0,2.0,0
22.0,0.0,0.0,22.0,5.0,2.0,1
2.0,0.0,0.0,2.0,5.0,2.0,0
69.0,0.2965666426,2.0,74.0,5.0,1.0,0
1.0,0.0,0.0,1.0,5.0,2.0,0
97.0,0.28854865775,1.0,100.0,5.0,2.0,1
8.0,0.0,0.0,13.0,5.0,1.0,0
100.0,0.0,0.0,101.0,5.0,1.0,0
1.0,0.0,0.0,1.0,5.0,2.0,0
7.0,0.0,0.0,11.0,5.0,1.0,0
14.0,0.0,0.0,15.0,5.0,2.0,0
182.0,0.4332640459,0.0,186.0,5.0,2.0,1
23.0,0.46658720919999996,1.0,26.0,5.0,1.0,1
64.0,0.0,2.0,67.0,5.0,3.0,0
20.0,0.0,0.0,20.0,5.0,1.0,0
7.0,0.0,0.0,7.0,5.0,1.0,0
67.0,0.0,0.0,70.0,5.0,1.0,0
61.0,1.007855117,0.0,62.0,5.0,3.0,1
28.0,0.0,0.0,28.0,5.0,3.0,0
202.0,0.18258631755000002,5.0,220.0,5.0,3.0,1
35.0,0.0,2.0,37.0,5.0,1.0,0
10.0,0.0,0.0,14.0,5.0,2.0,0
21.0,0.0,0.0,27.0,5.0,1.0,0
41.0,0.19180399655,2.0,49.0,5.0,1.0,1
4.0,0.0,0.0,4.0,5.0,1.0,0
35.0,1.7494963169999997,6.0,49.0,5.0,3.0,0
41.0,0.0,2.0,44.0,5.0,1.0,0
17.0,0.0,0.0,19.0,5.0,1.0,0
38.0,1.183229355,0.0,38.0,5.0,1.0,1
108.0,0.0,1.0,109.0,5.0,2.0,0
4.0,0.0,0.0,4.0,5.0,1.0,0
64.0,1.0870265265,1.0,67.0,5.0,3.0,0
21.0,0.0,0.0,25.0,5.0,1.0,0
153.0,0.0,3.0,156.0,5.0,2.0,0
230.0,0.16797178264999998,6.0,241.0,5.0,2.0,0
5.0,0.0,0.0,5.0,5.0,2.0,0
20.0,0.0,1.0,23.0,5.0,2.0,0
5.0,0.0,1.0,10.0,5.0,1.0,0
1.0,0.0,0.0,1.0,5.0,1.0,0
22.0,0.0,0.0,23.0,5.0,1.0,0
7.0,0.0,0.0,7.0,5.0,2.0,0
37.0,0.0,0.0,37.0,5.0,2.0,0
10.0,0.0,0.0,12.0,5.0,1.0,0
13.0,0.0,0.0,14.0,5.0,2.0,0
2.0,0.0,0.0,2.0,5.0,1.0,0
0.0,0.0,2.0,2.0,5.0,1.0,0
16.0,0.0,0.0,23.0,5.0,1.0,0
132.0,0.44803739655,4.0,145.0,5.0,3.0,1
7.0,1.645305883,0.0,7.0,5.0,1.0,1
42.0,0.0,1.0,45.0,5.0,1.0,0
53.0,0.6163307020000001,0.0,53.0,5.0,2.0,1
8.0,0.0,2.0,12.0,5.0,2.0,0
1.0,0.0,0.0,1.0,5.0,1.0,0
44.0,1.6406028554999998,0.0,45.0,5.0,2.0,1
133.0,1.4018979925,2.0,139.0,5.0,3.0,0
141.0,0.0,4.0,145.0,5.0,2.0,0
30.0,0.0,0.0,31.0,5.0,1.0,0
39.0,3.5694906105,0.0,44.0,5.0,1.0,1
17.0,0.0,0.0,19.0,5.0,2.0,0
24.0,0.39726841455,1.0,27.0,5.0,1.0,0
4.0,0.0,0.0,8.0,5.0,2.0,0
37.0,0.0,1.0,45.0,5.0,1.0,1
25.0,0.0,0.0,25.0,5.0,1.0,0
59.0,0.0,0.0,59.0,5.0,1.0,0
100.0,0.0,0.0,100.0,5.0,1.0,0
14.0,0.0,0.0,14.0,5.0,1.0,0
3.0,0.0,0.0,6.0,5.0,1.0,0
7.0,0.0,0.0,7.0,5.0,2.0,1
137.0,0.0,0.0,141.0,5.0,1.0,0
26.0,1.2607616465,0.0,27.0,5.0,1.0,0
3.0,0.0,0.0,3.0,5.0,2.0,0
26.0,0.0,1.0,27.0,5.0,2.0,0
19.0,0.0,0.0,19.0,5.0,1.0,0
23.0,0.0,0.0,23.0,5.0,3.0,0
2.0,0.0,0.0,2.0,5.0,1.0,0
423.0,0.012636086999999999,6.0,429.0,5.0,3.0,0
29.0,4.243786337,0.0,31.0,5.0,2.0,1
7.0,0.0,0.0,7.0,5.0,1.0,0
82.0,0.45277329435,2.0,88.0,5.0,2.0,1
11.0,0.0,0.0,15.0,5.0,3.0,0
38.0,0.0,0.0,38.0,5.0,2.0,0
1.0,0.0,0.0,1.0,5.0,1.0,0
23.0,2.865794565,0.0,24.0,5.0,2.0,1
23.0,0.0,0.0,23.0,5.0,2.0,0
8.0,0.0,0.0,8.0,5.0,2.0,0
6.0,0.0,0.0,13.0,5.0,2.0,0
32.0,0.0,0.0,32.0,5.0,3.0,0
148.0,0.30971439085,2.0,156.0,5.0,2.0,1
46.0,0.6950054585000001,4.0,58.0,5.0,3.0,1
52.0,0.0,0.0,60.0,5.0,2.0,0
6.0,0.0,0.0,7.0,5.0,1.0,0
2.0,0.0,0.0,2.0,5.0,2.0,0
156.0,0.0,2.0,159.0,5.0,3.0,0
33.0,0.47905811005,0.0,44.0,5.0,2.0,1
60.0,0.0,0.0,70.0,5.0,1.0,0
9.0,0.0,0.0,11.0,5.0,1.0,0
61.0,0.0,5.0,70.0,5.0,3.0,0
22.0,0.0,0.0,23.0,5.0,2.0,0
32.0,0.0,0.0,32.0,5.0,2.0,0
21.0,0.8079279100000001,0.0,21.0,5.0,3.0,1
8.0,0.0,0.0,11.0,5.0,2.0,0
8.0,0.0,0.0,8.0,5.0,2.0,0
1.0,0.0,0.0,1.0,5.0,3.0,0
10.0,0.0,0.0,10.0,5.0,2.0,0
280.0,0.3991719319,6.0,296.0,5.0,3.0,0
18.0,0.0,0.0,18.0,5.0,2.0,0
2.0,0.0,0.0,2.0,5.0,1.0,0
88.0,0.4137917205,0.0,98.0,5.0,3.0,0
3.0,0.0,0.0,4.0,5.0,1.0,0
40.0,0.0,1.0,43.0,5.0,1.0,0
9.0,0.0,0.0,9.0,5.0,2.0,0
1.0,0.0,0.0,1.0,5.0,1.0,0
5.0,0.0,0.0,5.0,5.0,3.0,0
64.0,0.48205337285,2.0,80.0,5.0,3.0,1
10.0,0.0,0.0,14.0,5.0,1.0,0
58.0,0.0,0.0,58.0,5.0,2.0,0
3.0,0.0,0.0,3.0,5.0,1.0,0
1.0,0.0,0.0,1.0,5.0,2.0,0
4.0,0.0,0.0,4.0,5.0,2.0,0
68.0,0.0,0.0,68.0,5.0,3.0,0
17.0,0.0,0.0,17.0,5.0,2.0,0
39.0,0.0,0.0,39.0,5.0,1.0,0
3.0,0.0,0.0,3.0,5.0,2.0,0
1.0,0.0,0.0,1.0,5.0,2.0,0
6.0,0.0,0.0,6.0,5.0,2.0,0
258.0,0.0,0.0,261.0,5.0,1.0,0
32.0,5.563149695,0.0,33.0,5.0,3.0,1
8.0,0.70687376,0.0,8.0,5.0,3.0,1
26.0,0.0,0.0,26.0,5.0,2.0,0
31.0,0.0,0.0,31.0,5.0,3.0,0
103.0,0.7349800575,1.0,114.0,5.0,2.0,0
17.0,0.49181790124999997,0.0,18.0,5.0,2.0,1
78.0,0.3648444537,4.0,98.0,5.0,3.0,1
62.0,3.9742019665,8.0,87.0,5.0,1.0,0
13.0,0.0,0.0,13.0,5.0,2.0,0
69.0,0.0,2.0,72.0,5.0,3.0,0
44.0,0.5286809725,1.0,49.0,5.0,3.0,0
197.0,0.0786711613,1.0,205.0,5.0,3.0,0
13.0,2.587887886,0.0,14.0,5.0,1.0,1
35.0,0.0,0.0,35.0,5.0,2.0,0
27.0,2.1948455515,0.0,30.0,5.0,2.0,1
50.0,0.0,0.0,50.0,5.0,3.0,0
6.0,0.0,0.0,9.0,5.0,2.0,0
107.0,0.0,5.0,121.0,5.0,2.0,0
0.0,0.0,1.0,1.0,5.0,2.0,0
359.0,0.36155373915,8.0,385.0,5.0,2.0,1
63.0,0.0,0.0,63.0,5.0,2.0,0
82.0,0.0,2.0,84.0,5.0,3.0,0
14.0,0.0,0.0,14.0,5.0,1.0,0
34.0,0.0,0.0,37.0,5.0,1.0,0
169.0,0.4087364339,0.0,180.0,5.0,3.0,0
11.0,0.0,0.0,17.0,5.0,1.0,0
39.0,2.5088468164999997,1.0,46.0,5.0,1.0,0
31.0,1.540928978,2.0,34.0,5.0,2.0,1
1.0,0.0,0.0,1.0,5.0,3.0,0
58.0,0.0,0.0,76.0,5.0,2.0,0
85.0,0.2526072978,2.0,91.0,5.0,2.0,0
23.0,0.0,0.0,23.0,5.0,1.0,0
5.0,0.0,0.0,5.0,5.0,3.0,0
52.0,0.0,0.0,54.0,5.0,2.0,0
52.0,0.0,0.0,55.0,5.0,2.0,0
58.0,0.899378426,0.0,59.0,5.0,1.0,0
13.0,5.153054135,0.0,13.0,5.0,1.0,1
23.0,0.0,0.0,23.0,5.0,2.0,0
12.0,0.0,0.0,12.0,5.0,1.0,0
6.0,0.0,0.0,6.0,5.0,2.0,0
68.0,0.0,4.0,82.0,5.0,1.0,0
2.0,0.0,0.0,2.0,5.0,1.0,0
21.0,0.0,2.0,24.0,5.0,2.0,1
7.0,0.0,2.0,9.0,5.0,3.0,0
12.0,0.0,0.0,12.0,5.0,2.0,0
4.0,0.0,0.0,4.0,5.0,2.0,0
100.0,0.1319037328,4.0,116.0,5.0,3.0,1
56.0,0.2520083815,0.0,60.0,5.0,2.0,1
30.0,0.0,0.0,39.0,5.0,1.0,0
80.0,0.0,3.0,84.0,5.0,1.0,0
42.0,0.0,0.0,42.0,5.0,3.0,0
6.0,0.0,1.0,16.0,5.0,1.0,0
53.0,0.0,0.0,54.0,5.0,1.0,0
10.0,0.0,0.0,12.0,5.0,1.0,0
3.0,0.0,0.0,3.0,5.0,2.0,0
4.0,0.0,0.0,4.0,5.0,1.0,0
16.0,0.0,0.0,16.0,5.0,3.0,0
1.0,0.0,0.0,1.0,5.0,2.0,0
29.0,0.0,2.0,34.0,5.0,3.0,0
23.0,0.0,0.0,23.0,5.0,3.0,0
5.0,0.0,0.0,12.0,5.0,2.0,0
30.0,0.51944719,0.0,36.0,5.0,3.0,1
59.0,0.0,0.0,61.0,5.0,1.0,0
6.0,0.0,0.0,6.0,5.0,1.0,0
12.0,0.968502948,0.0,12.0,5.0,1.0,1
3.0,0.0,0.0,3.0,5.0,2.0,0
30.0,0.0,0.0,30.0,5.0,1.0,0
12.0,0.0,0.0,12.0,5.0,2.0,0
8.0,0.0,0.0,9.0,5.0,2.0,0
36.0,0.0,2.0,41.0,5.0,2.0,0
26.0,1.0397419105,0.0,26.0,5.0,1.0,0
37.0,0.0,0.0,37.0,5.0,2.0,1
15.0,4.06672205,0.0,20.0,5.0,1.0,1
25.0,6.0293957,0.0,25.0,5.0,2.0,0
40.0,0.6244560645,1.0,46.0,5.0,1.0,0
10.0,0.0,0.0,10.0,5.0,1.0,0
2.0,0.0,0.0,2.0,5.0,3.0,0
9.0,0.0,0.0,9.0,5.0,2.0,0
8.0,0.0,0.0,8.0,5.0,2.0,0
163.0,0.2643044245,0.0,171.0,5.0,2.0,1
34.0,0.44190136459999996,5.0,40.0,5.0,1.0,0
61.0,0.0,3.0,72.0,5.0,3.0,0
66.0,0.5866109035,0.0,75.0,5.0,3.0,1
49.0,0.0,0.0,60.0,5.0,2.0,0
147.0,0.0,3.0,154.0,5.0,2.0,0
1.0,0.0,0.0,1.0,5.0,1.0,0
24.0,3.8395523249999997,0.0,24.0,5.0,2.0,1
41.0,0.0,2.0,43.0,5.0,1.0,0
58.0,0.0,0.0,61.0,5.0,2.0,1
12.0,0.0,0.0,12.0,5.0,2.0,0
81.0,0.0,0.0,86.0,5.0,2.0,0
25.0,0.0,0.0,25.0,5.0,1.0,0
114.0,0.08977255005,2.0,116.0,5.0,1.0,0
4.0,0.0,0.0,4.0,5.0,1.0,0
264.0,0.0,1.0,267.0,5.0,2.0,1
8.0,1.3888629375000001,0.0,8.0,5.0,1.0,1
90.0,0.8439393125000001,0.0,92.0,5.0,1.0,0
53.0,0.0,0.0,53.0,5.0,2.0,1
8.0,0.0,0.0,11.0,5.0,2.0,0
21.0,0.0,0.0,23.0,5.0,1.0,0
1.0,0.0,0.0,3.0,5.0,2.0,0
12.0,5.789097355,0.0,13.0,5.0,3.0,1
22.0,0.0,0.0,22.0,5.0,2.0,0
10.0,0.0,1.0,16.0,5.0,1.0,0
89.0,0.0,3.0,92.0,5.0,1.0,0
39.0,0.19708680715,0.0,42.0,5.0,2.0,0
132.0,0.0,2.0,134.0,5.0,2.0,0
11.0,0.0,0.0,16.0,5.0,2.0,0
1.0,0.0,0.0,1.0,5.0,1.0,0
4.0,0.0,0.0,4.0,5.0,2.0,0
21.0,0.0,0.0,21.0,5.0,1.0,0
15.0,4.440224496,0.0,18.0,5.0,1.0,1
23.0,0.0,0.0,23.0,5.0,1.0,0
4.0,0.0,0.0,4.0,5.0,1.0,0
115.0,0.24851099064999999,1.0,123.0,5.0,2.0,1
24.0,3.6034111330000003,3.0,27.0,5.0,2.0,0
8.0,0.0,0.0,9.0,5.0,1.0,0
27.0,0.0,0.0,27.0,5.0,1.0,0
19.0,0.848981155,0.0,20.0,5.0,2.0,0
3.0,0.0,0.0,4.0,5.0,1.0,0
134.0,0.2833725458,2.0,136.0,5.0,2.0,1
70.0,0.0,1.0,79.0,5.0,3.0,0
2.0,0.0,0.0,2.0,5.0,1.0,0
18.0,0.0,0.0,19.0,5.0,2.0,0
31.0,0.0,2.0,37.0,5.0,2.0,0
37.0,0.30311650819999997,4.0,45.0,5.0,1.0,0
24.0,0.0,0.0,24.0,5.0,1.0,0
65.0,0.0,1.0,66.0,5.0,1.0,0
19.0,0.0,1.0,22.0,5.0,1.0,0
13.0,0.0,0.0,17.0,5.0,2.0,1
106.0,0.0888746273,1.0,109.0,5.0,3.0,1
4.0,0.0,2.0,6.0,5.0,3.0,0
7.0,0.0,0.0,9.0,5.0,1.0,0
4.0,0.0,2.0,10.0,5.0,2.0,0
3.0,0.0,0.0,3.0,5.0,3.0,0
120.0,0.12210767275000001,2.0,131.0,5.0,2.0,0
5.0,0.0,0.0,5.0,5.0,1.0,0
120.0,0.43944881975000005,3.0,129.0,5.0,3.0,0
12.0,0.0,1.0,15.0,5.0,1.0,0
41.0,0.0,0.0,41.0,5.0,1.0,0
7.0,0.0,0.0,7.0,5.0,1.0,0
1.0,0.0,0.0,1.0,5.0,2.0,0
35.0,0.0,0.0,35.0,5.0,1.0,0
18.0,0.0,0.0,18.0,5.0,3.0,0
10.0,0.0,0.0,10.0,5.0,2.0,0
20.0,5.157014495,0.0,21.0,5.0,1.0,1
6.0,0.0,0.0,6.0,5.0,1.0,0
22.0,0.0,0.0,23.0,5.0,1.0,0
33.0,0.0,0.0,35.0,5.0,1.0,0
20.0,0.0,0.0,29.0,5.0,2.0,0
68.0,0.0,5.0,80.0,5.0,3.0,0
1.0,0.0,3.0,5.0,5.0,2.0,1
19.0,0.0,1.0,20.0,5.0,2.0,0
139.0,4.3395412845,4.0,160.0,5.0,1.0,0
70.0,0.0,0.0,74.0,5.0,2.0,1
79.0,0.0,0.0,80.0,5.0,3.0,0
7.0,0.0,1.0,8.0,5.0,3.0,0
6.0,0.0,0.0,6.0,5.0,1.0,0
48.0,0.0,1.0,53.0,5.0,3.0,0
4.0,0.0,0.0,4.0,5.0,3.0,0
2.0,0.0,0.0,2.0,5.0,1.0,0
61.0,0.731206822,4.0,70.0,5.0,3.0,0
9.0,0.0,0.0,17.0,5.0,1.0,0
1.0,0.0,0.0,1.0,5.0,2.0,0
10.0,0.0,0.0,10.0,5.0,3.0,0
32.0,0.0,2.0,39.0,5.0,1.0,0
15.0,0.0,0.0,18.0,5.0,1.0,0
33.0,0.9083088155000001,0.0,41.0,5.0,1.0,0
12.0,0.0,0.0,15.0,5.0,2.0,0
40.0,0.0,2.0,42.0,5.0,1.0,0
26.0,0.662333583,0.0,29.0,5.0,2.0,1
24.0,0.0,3.0,29.0,5.0,1.0,0
2.0,0.0,0.0,2.0,5.0,2.0,0
3.0,0.0,0.0,3.0,5.0,1.0,0
17.0,0.0,0.0,17.0,5.0,1.0,0
50.0,0.0,0.0,52.0,5.0,1.0,0
10.0,0.0,0.0,11.0,5.0,1.0,0
59.0,0.0,0.0,66.0,5.0,1.0,0
23.0,2.9101169110000003,0.0,27.0,5.0,1.0,1
35.0,2.3108025255,0.0,42.0,5.0,2.0,1
25.0,0.0,0.0,25.0,5.0,1.0,0
32.0,0.674515949,0.0,38.0,5.0,2.0,1
67.0,0.02744056755,4.0,92.0,5.0,3.0,0
105.0,0.0,2.0,107.0,5.0,2.0,0
7.0,0.0,0.0,9.0,5.0,2.0,0
39.0,1.1212883975,0.0,50.0,5.0,2.0,1
4.0,0.0,0.0,4.0,5.0,1.0,0
57.0,1.530477821,4.0,70.0,5.0,2.0,1
31.0,0.0,0.0,32.0,5.0,3.0,0
9.0,0.0,0.0,9.0,5.0,2.0,0
16.0,0.0,0.0,16.0,5.0,2.0,0
33.0,0.0,0.0,33.0,5.0,2.0,0
23.0,0.0,0.0,29.0,5.0,1.0,0
10.0,0.0,0.0,11.0,5.0,1.0,0
1.0,0.0,0.0,1.0,5.0,1.0,0
18.0,0.0,0.0,18.0,5.0,1.0,0
23.0,0.0,0.0,23.0,5.0,1.0,0
10.0,0.0,0.0,10.0,5.0,2.0,0
58.0,0.0,0.0,58.0,5.0,2.0,0
5.0,0.0,0.0,6.0,5.0,1.0,0
32.0,0.0,4.0,37.0,5.0,1.0,0
108.0,0.0,0.0,108.0,5.0,2.0,0
8.0,0.0,0.0,9.0,5.0,2.0,0
13.0,0.0,0.0,15.0,5.0,3.0,0
6.0,0.0,0.0,6.0,5.0,1.0,0
49.0,0.45423839,0.0,49.0,5.0,3.0,1
174.0,0.0,0.0,178.0,5.0,1.0,0
200.0,0.1865159153,1.0,202.0,5.0,2.0,1
29.0,0.0,0.0,33.0,5.0,1.0,0
56.0,0.0,0.0,57.0,5.0,3.0,1
14.0,0.0,0.0,14.0,5.0,1.0,0
54.0,0.0,0.0,64.0,5.0,2.0,1
31.0,0.2896513396,0.0,34.0,5.0,2.0,1
1.0,0.0,0.0,1.0,5.0,2.0,0
1.0,0.0,0.0,1.0,5.0,1.0,0
47.0,0.0,0.0,49.0,5.0,3.0,0
312.0,0.4027916999,6.0,326.0,5.0,1.0,0
19.0,0.0,0.0,21.0,5.0,3.0,0
149.0,0.0,2.0,151.0,5.0,2.0,1
87.0,0.0,1.0,89.0,5.0,3.0,0
124.0,1.2144507065,3.0,128.0,5.0,2.0,1
20.0,0.0,2.0,25.0,5.0,1.0,1
23.0,0.0,0.0,24.0,5.0,1.0,0
108.0,0.0,0.0,108.0,5.0,2.0,0
147.0,0.0,0.0,163.0,5.0,2.0,1
60.0,3.079085612,0.0,61.0,5.0,2.0,1
24.0,0.0,0.0,24.0,5.0,2.0,0
67.0,0.0,0.0,70.0,5.0,3.0,0
18.0,0.0,1.0,23.0,5.0,1.0,0
39.0,0.0,0.0,40.0,5.0,2.0,0
26.0,0.0,2.0,28.0,5.0,3.0,1
2.0,0.0,0.0,3.0,5.0,3.0,0
76.0,0.0,0.0,81.0,5.0,2.0,0
15.0,0.0,0.0,15.0,5.0,3.0,0
25.0,1.3986708934999998,0.0,34.0,5.0,2.0,0
17.0,0.0,2.0,19.0,5.0,3.0,0
10.0,0.0,0.0,11.0,5.0,1.0,0
51.0,0.0,0.0,56.0,5.0,1.0,0
15.0,0.0,0.0,15.0,5.0,2.0,0
39.0,3.3513856509999997,0.0,39.0,5.0,1.0,1
4.0,0.0,0.0,4.0,5.0,2.0,0
15.0,0.769767334,2.0,19.0,5.0,1.0,0
10.0,0.0,0.0,19.0,5.0,2.0,0
219.0,0.5828991875,1.0,232.0,5.0,2.0,1
34.0,0.0,0.0,35.0,5.0,2.0,0
35.0,0.5411786435,2.0,47.0,5.0,2.0,1
226.0,2.234821397,2.0,235.0,5.0,2.0,1
22.0,0.0,4.0,26.0,5.0,2.0,0
11.0,0.0,0.0,11.0,5.0,2.0,0
79.0,0.0,0.0,79.0,5.0,1.0,0
144.0,0.0,4.0,153.0,5.0,2.0,0
10.0,0.0,1.0,17.0,5.0,1.0,1
32.0,0.0,0.0,32.0,5.0,2.0,0
133.0,0.44847239865,0.0,135.0,5.0,2.0,1
91.0,0.0,0.0,91.0,5.0,1.0,0
37.0,0.0,1.0,38.0,5.0,3.0,0
78.0,0.0,0.0,95.0,5.0,1.0,0
2.0,0.0,0.0,2.0,5.0,2.0,0
5.0,0.0,0.0,5.0,5.0,2.0,0
20.0,0.0,0.0,20.0,5.0,2.0,0
58.0,0.0,1.0,70.0,5.0,1.0,0
12.0,0.0,0.0,12.0,5.0,3.0,0
37.0,0.0,0.0,37.0,5.0,2.0,0
5.0,0.0,0.0,9.0,5.0,1.0,0
21.0,0.0,0.0,21.0,5.0,3.0,0
11.0,0.0,0.0,11.0,5.0,2.0,0
13.0,0.0,0.0,13.0,5.0,2.0,1
75.0,0.0,0.0,76.0,5.0,1.0,0
39.0,0.0,1.0,42.0,5.0,2.0,0
64.0,0.47907805265,0.0,73.0,5.0,2.0,1
2.0,0.0,0.0,2.0,5.0,2.0,0
35.0,0.0,0.0,37.0,5.0,2.0,0
24.0,0.0,0.0,24.0,5.0,1.0,0
171.0,0.03432826135,7.0,182.0,5.0,1.0,0
2.0,0.0,0.0,6.0,5.0,1.0,1
48.0,0.0,0.0,48.0,5.0,2.0,0
146.0,0.09214568085,8.0,158.0,5.0,3.0,0
40.0,0.0,0.0,40.0,5.0,2.0,0
13.0,0.0,0.0,18.0,5.0,2.0,1
7.0,0.0,0.0,7.0,5.0,2.0,0
11.0,0.0,0.0,12.0,5.0,3.0,0
27.0,0.0,0.0,28.0,5.0,1.0,0
20.0,0.0,0.0,20.0,5.0,2.0,0
7.0,0.0,0.0,13.0,5.0,2.0,0
4.0,0.0,0.0,4.0,5.0,2.0,0
17.0,0.0,0.0,17.0,5.0,2.0,0
324.0,0.22427923685,0.0,325.0,5.0,3.0,1
2.0,0.0,0.0,2.0,5.0,2.0,0
44.0,0.0,1.0,45.0,5.0,2.0,1
30.0,1.150097251,0.0,33.0,5.0,1.0,1
85.0,0.0,0.0,85.0,5.0,2.0,0
2.0,0.0,0.0,2.0,5.0,3.0,0
266.0,0.01225764515,4.0,275.0,5.0,3.0,0
43.0,0.6840544709999999,0.0,55.0,5.0,1.0,0
45.0,0.0,0.0,45.0,5.0,2.0,0
21.0,3.031442521,0.0,26.0,5.0,2.0,1
17.0,0.0,0.0,17.0,5.0,1.0,0
3.0,0.0,0.0,3.0,5.0,1.0,0
1.0,0.0,0.0,1.0,5.0,1.0,0
104.0,0.07800920824999999,5.0,112.0,5.0,2.0,1
38.0,0.0,0.0,38.0,5.0,2.0,0
14.0,0.0,0.0,14.0,5.0,3.0,0
137.0,0.0,2.0,140.0,5.0,2.0,0
2.0,0.0,0.0,4.0,5.0,1.0,1
52.0,0.0,1.0,57.0,5.0,2.0,0
11.0,0.0,0.0,11.0,5.0,1.0,0
12.0,1.5694430895,0.0,14.0,5.0,1.0,0
9.0,0.0,0.0,16.0,5.0,2.0,0
21.0,0.0,0.0,21.0,5.0,1.0,0
1.0,0.0,0.0,1.0,5.0,2.0,0
6.0,0.9084767850000001,0.0,6.0,5.0,2.0,1
260.0,0.0,0.0,262.0,5.0,2.0,1
4.0,0.0,0.0,4.0,5.0,2.0,1
42.0,0.0,2.0,44.0,5.0,2.0,0
9.0,0.0,0.0,14.0,5.0,2.0,0
10.0,0.0,0.0,10.0,5.0,1.0,0
11.0,0.9425432604999999,0.0,11.0,5.0,1.0,1
1.0,0.0,0.0,1.0,5.0,2.0,0
16.0,0.0,0.0,16.0,5.0,1.0,0
39.0,0.0,3.0,43.0,5.0,2.0,0
68.0,0.0,0.0,68.0,5.0,3.0,0
25.0,0.0,0.0,25.0,5.0,2.0,0
23.0,0.33934794684999997,3.0,32.0,5.0,3.0,0
7.0,0.0,0.0,7.0,5.0,1.0,0
13.0,0.0,0.0,13.0,5.0,2.0,0
19.0,0.6565391700000001,0.0,21.0,5.0,2.0,0
35.0,0.0,0.0,35.0,5.0,2.0,0
26.0,0.0,1.0,32.0,5.0,1.0,0
117.0,0.1593747529,2.0,121.0,5.0,2.0,1
16.0,0.0,2.0,22.0,5.0,3.0,0
1.0,0.0,0.0,1.0,5.0,1.0,0
1.0,0.0,0.0,1.0,5.0,1.0,0
108.0,1.2401244435,2.0,111.0,5.0,2.0,1
32.0,3.906082702,0.0,33.0,5.0,1.0,1
21.0,0.0,0.0,21.0,5.0,1.0,0
14.0,0.0,0.0,15.0,5.0,2.0,0
85.0,2.185928443,5.0,93.0,5.0,2.0,1
54.0,0.0,0.0,59.0,5.0,1.0,0
4.0,0.0,2.0,6.0,5.0,1.0,0
7.0,0.0,0.0,7.0,5.0,1.0,0
44.0,0.0,0.0,44.0,5.0,2.0,0
24.0,0.0,1.0,28.0,5.0,1.0,0
338.0,0.0557075091,5.0,354.0,5.0,2.0,1
20.0,0.0,0.0,20.0,5.0,2.0,0
149.0,0.568863026,2.0,158.0,5.0,2.0,1
89.0,0.0,0.0,92.0,5.0,2.0,1
14.0,5.263048599999999,0.0,18.0,5.0,1.0,1
29.0,0.0,2.0,32.0,5.0,1.0,0
23.0,0.6180633335,4.0,27.0,5.0,1.0,0
272.0,0.0,5.0,280.0,5.0,2.0,0
74.0,0.0,5.0,83.0,5.0,1.0,0
82.0,1.3878935220000002,0.0,86.0,5.0,2.0,1
108.0,0.0,0.0,110.0,5.0,2.0,0
15.0,0.0,0.0,16.0,5.0,1.0,0
13.0,0.0,0.0,17.0,5.0,2.0,0
17.0,0.0,0.0,21.0,5.0,2.0,0
61.0,0.0,0.0,61.0,5.0,2.0,0
7.0,0.0,0.0,7.0,5.0,1.0,0
16.0,0.0,0.0,19.0,5.0,2.0,0
56.0,0.0,0.0,56.0,5.0,3.0,0
10.0,0.0,0.0,14.0,5.0,1.0,0
127.0,0.28756095175,4.0,143.0,5.0,2.0,0
21.0,0.0,0.0,21.0,5.0,2.0,0
10.0,0.0,0.0,10.0,5.0,1.0,0
2.0,0.0,0.0,2.0,5.0,2.0,0
89.0,0.0,1.0,90.0,5.0,3.0,0
534.0,0.127397812,0.0,543.0,5.0,3.0,1
32.0,0.0,0.0,40.0,5.0,1.0,0
2.0,0.0,0.0,2.0,5.0,3.0,0
29.0,0.0,1.0,32.0,5.0,2.0,0
19.0,0.0,0.0,19.0,5.0,1.0,0
28.0,0.47547462425000003,3.0,36.0,5.0,1.0,0
63.0,0.0,6.0,71.0,5.0,1.0,0
6.0,0.0,0.0,6.0,5.0,1.0,0
10.0,0.0,0.0,10.0,5.0,1.0,0
61.0,0.6290897010000001,0.0,65.0,5.0,3.0,0
22.0,0.0,0.0,22.0,5.0,2.0,1
72.0,0.0,0.0,81.0,5.0,2.0,0
5.0,0.0,0.0,5.0,5.0,1.0,0
25.0,0.0,3.0,29.0,5.0,1.0,0
15.0,0.0,0.0,15.0,5.0,3.0,0
30.0,0.0,0.0,42.0,5.0,3.0,1
12.0,0.0,0.0,20.0,5.0,2.0,0
102.0,0.0,0.0,102.0,5.0,1.0,0
3.0,0.0,0.0,3.0,5.0,2.0,0
4.0,0.0,0.0,4.0,5.0,2.0,0
37.0,0.861140894,0.0,38.0,5.0,2.0,1
171.0,0.11909855789999998,0.0,171.0,5.0,2.0,1
74.0,0.0,2.0,79.0,5.0,2.0,1
1.0,0.0,0.0,1.0,5.0,1.0,0
14.0,0.0,0.0,14.0,5.0,3.0,0
13.0,0.0,0.0,13.0,5.0,3.0,0
10.0,0.0,0.0,10.0,5.0,2.0,0
17.0,0.0,0.0,17.0,5.0,2.0,0
17.0,0.0,0.0,21.0,5.0,1.0,0
55.0,0.0,0.0,55.0,5.0,3.0,0
23.0,0.0,0.0,30.0,5.0,2.0,0
13.0,1.7486254190000001,0.0,13.0,5.0,2.0,1
470.0,0.6690747069999999,0.0,475.0,5.0,3.0,1
67.0,2.4226853615,1.0,70.0,5.0,1.0,1
32.0,1.601009505,2.0,39.0,5.0,2.0,1
5.0,0.0,0.0,5.0,5.0,1.0,0
46.0,1.0442071565000002,0.0,49.0,5.0,1.0,1
17.0,0.0,0.0,17.0,5.0,2.0,0
10.0,0.0,0.0,10.0,5.0,1.0,0
68.0,0.0,1.0,75.0,5.0,2.0,0
4.0,0.0,1.0,8.0,5.0,2.0,0
3.0,0.0,0.0,3.0,5.0,1.0,0
58.0,0.27762586445,1.0,69.0,5.0,2.0,0
27.0,0.0,0.0,32.0,5.0,1.0,0
124.0,0.1732222033,0.0,133.0,5.0,2.0,1
152.0,0.01526560285,0.0,156.0,5.0,1.0,1
26.0,1.684616613,0.0,28.0,5.0,2.0,1
86.0,0.2761891151,1.0,90.0,5.0,1.0,0
44.0,0.0,1.0,45.0,5.0,1.0,0
141.0,0.0628719453,1.0,148.0,5.0,2.0,0
3.0,0.0,0.0,3.0,5.0,1.0,0
21.0,0.7070421835,0.0,21.0,5.0,3.0,1
76.0,0.0,3.0,79.0,5.0,1.0,1
5.0,0.0,0.0,5.0,5.0,2.0,0
207.0,0.0,0.0,215.0,5.0,2.0,0
26.0,0.0,0.0,27.0,5.0,2.0,0
16.0,0.0,0.0,17.0,5.0,2.0,0
6.0,0.0,0.0,6.0,5.0,1.0,0
28.0,0.0,0.0,28.0,5.0,2.0,0
35.0,0.0,0.0,40.0,5.0,1.0,0
39.0,0.0,0.0,40.0,5.0,1.0,0
8.0,0.0,0.0,8.0,5.0,2.0,0
18.0,0.0,0.0,18.0,5.0,3.0,0
130.0,2.188712041,1.0,134.0,5.0,2.0,1
2.0,0.0,0.0,3.0,5.0,2.0,0
218.0,0.059036830500000005,5.0,226.0,5.0,2.0,1
41.0,0.0,1.0,51.0,5.0,1.0,0
34.0,3.8900794,3.0,44.0,5.0,1.0,1
35.0,0.0,0.0,38.0,5.0,1.0,0
37.0,3.021149237,4.0,48.0,5.0,2.0,1
12.0,0.0,0.0,12.0,5.0,1.0,0
8.0,0.0,0.0,8.0,5.0,2.0,0
2.0,0.0,0.0,5.0,5.0,1.0,0
24.0,0.0,0.0,24.0,5.0,2.0,0
51.0,0.410808896,2.0,62.0,5.0,3.0,1
11.0,0.0,0.0,11.0,5.0,3.0,0
56.0,0.0,0.0,58.0,5.0,3.0,0
33.0,0.0,0.0,35.0,5.0,3.0,0
3.0,0.0,0.0,3.0,5.0,1.0,0
47.0,0.0,0.0,47.0,5.0,2.0,0
6.0,0.0,0.0,6.0,5.0,2.0,0
62.0,4.198406832,1.0,64.0,5.0,2.0,1
10.0,0.0,0.0,12.0,5.0,2.0,0
104.0,0.29537379695,6.0,114.0,5.0,2.0,1
126.0,0.0,2.0,129.0,5.0,1.0,0
24.0,0.0,0.0,24.0,5.0,1.0,0
3.0,0.0,2.0,8.0,5.0,1.0,0
79.0,1.6299321545,3.0,91.0,5.0,1.0,0
71.0,0.0,0.0,74.0,5.0,2.0,0
81.0,0.138479946,0.0,83.0,5.0,2.0,0
50.0,0.0,0.0,51.0,5.0,2.0,0
62.0,1.2525310680000001,1.0,67.0,5.0,2.0,1
9.0,0.0,0.0,9.0,5.0,2.0,0
74.0,0.0,0.0,74.0,5.0,2.0,0
80.0,1.2882993225,2.0,89.0,5.0,3.0,1
20.0,0.0,0.0,20.0,5.0,1.0,0
62.0,0.8801347325,1.0,66.0,5.0,3.0,0
17.0,0.0,0.0,23.0,5.0,2.0,0
8.0,0.0,0.0,8.0,5.0,2.0,0
6.0,0.0,0.0,6.0,5.0,1.0,0
25.0,0.0,0.0,27.0,5.0,2.0,0
21.0,0.0,0.0,24.0,5.0,3.0,0
245.0,2.971229461,1.0,256.0,5.0,2.0,1
7.0,0.0,0.0,9.0,5.0,3.0,0
41.0,0.0,0.0,41.0,5.0,1.0,0
10.0,0.0,0.0,10.0,5.0,2.0,0
51.0,1.073724258,0.0,53.0,5.0,2.0,1
6.0,0.0,0.0,7.0,5.0,1.0,0
2.0,0.0,0.0,2.0,5.0,1.0,0
63.0,0.4221176095,0.0,64.0,5.0,2.0,1
15.0,0.0,0.0,15.0,5.0,3.0,0
8.0,0.0,0.0,8.0,5.0,1.0,0
22.0,0.8490588880000001,1.0,30.0,5.0,3.0,0
3.0,0.0,0.0,11.0,5.0,3.0,0
29.0,1.7804561795000002,0.0,31.0,5.0,2.0,1
1.0,0.0,0.0,2.0,5.0,1.0,1
6.0,0.0,0.0,9.0,5.0,3.0,0
31.0,3.8832391065000005,0.0,35.0,5.0,2.0,0
11.0,0.0,0.0,13.0,5.0,1.0,0
43.0,0.0,2.0,45.0,5.0,1.0,0
35.0,0.8408862965000001,0.0,41.0,5.0,2.0,1
7.0,6.423434695,0.0,7.0,5.0,1.0,1
113.0,0.0,7.0,129.0,5.0,2.0,1
10.0,0.0,0.0,10.0,5.0,2.0,0
19.0,2.773481598,0.0,21.0,5.0,2.0,1
8.0,0.0,0.0,8.0,5.0,1.0,0
7.0,0.0,0.0,7.0,5.0,1.0,0
7.0,0.0,0.0,7.0,5.0,1.0,0
14.0,0.0,0.0,16.0,5.0,2.0,0
6.0,0.0,0.0,6.0,5.0,2.0,0
11.0,0.0,0.0,11.0,5.0,1.0,0
116.0,0.0,0.0,116.0,5.0,2.0,0
23.0,0.0,0.0,26.0,5.0,1.0,0
101.0,2.8361135845,1.0,109.0,5.0,2.0,1
27.0,0.0,0.0,27.0,5.0,3.0,0
7.0,2.765978329,0.0,7.0,5.0,2.0,0
60.0,0.0,0.0,67.0,5.0,2.0,0
60.0,0.0,1.0,67.0,5.0,1.0,0
6.0,0.0,0.0,15.0,5.0,1.0,0
6.0,0.0,0.0,6.0,5.0,1.0,0
5.0,0.0,0.0,5.0,5.0,1.0,0
114.0,0.0,2.0,120.0,5.0,1.0,0
21.0,0.0,1.0,24.0,5.0,2.0,0
9.0,0.0,0.0,9.0,5.0,2.0,0
45.0,0.0,2.0,47.0,5.0,2.0,0
132.0,0.749800559,0.0,134.0,5.0,2.0,1
5.0,0.0,0.0,5.0,5.0,1.0,0
22.0,0.0,0.0,29.0,5.0,1.0,0
29.0,1.7300801069999998,0.0,31.0,5.0,3.0,1
1.0,0.0,0.0,1.0,5.0,1.0,0
11.0,0.0,0.0,11.0,5.0,1.0,0
13.0,0.0,0.0,18.0,5.0,1.0,0
8.0,0.0,0.0,8.0,5.0,3.0,0
20.0,0.0,0.0,20.0,5.0,1.0,0
33.0,0.28652696440000003,2.0,47.0,5.0,2.0,0
2.0,0.0,0.0,2.0,5.0,2.0,0
22.0,0.0,0.0,22.0,5.0,3.0,0
69.0,0.0,0.0,69.0,5.0,2.0,0
1.0,0.0,0.0,1.0,5.0,2.0,0
69.0,0.0,0.0,69.0,5.0,2.0,1
57.0,0.0,0.0,58.0,5.0,2.0,0
3.0,0.0,0.0,3.0,5.0,2.0,0
16.0,0.0,0.0,16.0,5.0,2.0,1
326.0,0.0,0.0,330.0,5.0,2.0,1
16.0,0.0,0.0,16.0,5.0,1.0,1
41.0,0.0,0.0,41.0,5.0,2.0,0
33.0,0.0,0.0,34.0,5.0,1.0,0
27.0,0.0,0.0,33.0,5.0,1.0,0
10.0,0.0,0.0,10.0,5.0,1.0,0
57.0,0.0,0.0,58.0,5.0,2.0,0
57.0,0.6180021499999999,0.0,57.0,5.0,3.0,1
8.0,0.0,0.0,8.0,5.0,1.0,0
5.0,0.0,0.0,5.0,5.0,2.0,0
176.0,0.529711587,0.0,182.0,5.0,2.0,1
8.0,0.0,0.0,17.0,5.0,1.0,0
28.0,0.0,0.0,28.0,5.0,2.0,0
27.0,0.0,0.0,27.0,5.0,1.0,0
26.0,0.913470048,4.0,37.0,5.0,3.0,1
8.0,0.0,0.0,8.0,5.0,2.0,1
4.0,0.0,0.0,4.0,5.0,1.0,0
17.0,0.0,0.0,18.0,5.0,2.0,0
188.0,0.0,0.0,192.0,5.0,2.0,0
15.0,2.8912368875,0.0,15.0,5.0,2.0,1
1.0,0.0,0.0,1.0,5.0,3.0,0
13.0,0.0,1.0,17.0,5.0,1.0,0
5.0,0.0,0.0,5.0,5.0,2.0,0
34.0,0.0,0.0,36.0,5.0,1.0,0
34.0,0.0,0.0,39.0,5.0,1.0,0
0.0,0.0,1.0,1.0,5.0,2.0,0
27.0,0.0,0.0,31.0,5.0,1.0,0
1.0,0.0,0.0,1.0,5.0,2.0,0
18.0,1.851131523,0.0,23.0,5.0,2.0,1
90.0,0.0,5.0,107.0,5.0,2.0,0
77.0,0.0,1.0,79.0,5.0,1.0,1
18.0,0.0,0.0,18.0,5.0,3.0,0
81.0,0.0,0.0,82.0,5.0,3.0,1
10.0,2.9759252115,0.0,12.0,5.0,1.0,1
32.0,2.1352526965,0.0,35.0,5.0,1.0,1
82.0,0.0,1.0,83.0,5.0,2.0,1
45.0,0.0,2.0,56.0,5.0,1.0,0
8.0,0.0,0.0,8.0,5.0,1.0,0
14.0,3.4424528355,0.0,15.0,5.0,1.0,1
3.0,0.0,0.0,3.0,5.0,2.0,1
29.0,0.0,0.0,31.0,5.0,1.0,0
19.0,0.7392110869999999,2.0,26.0,5.0,2.0,0
48.0,0.0,0.0,48.0,5.0,2.0,0
28.0,0.0,0.0,28.0,5.0,3.0,0
21.0,1.251973011,0.0,29.0,5.0,2.0,1
65.0,0.0,0.0,65.0,5.0,1.0,0
18.0,0.0,0.0,18.0,5.0,1.0,0
24.0,0.0,0.0,24.0,5.0,2.0,0
8.0,0.0,0.0,8.0,5.0,2.0,0
23.0,2.0838880975,5.0,36.0,5.0,1.0,0
8.0,0.0,0.0,8.0,5.0,2.0,1
24.0,0.7878181335,0.0,24.0,5.0,2.0,1
27.0,3.0365778765,1.0,28.0,5.0,3.0,1
3.0,0.0,0.0,3.0,5.0,2.0,0
14.0,0.0,0.0,19.0,5.0,1.0,0
26.0,0.0,0.0,27.0,5.0,2.0,0
2.0,0.0,0.0,2.0,5.0,1.0,0
86.0,0.0167616187,1.0,103.0,5.0,1.0,0
13.0,0.0,0.0,15.0,5.0,2.0,0
164.0,2.619210194,0.0,165.0,5.0,2.0,0
30.0,0.0,0.0,30.0,5.0,2.0,0
69.0,0.0,0.0,79.0,5.0,1.0,0
40.0,0.0,1.0,41.0,5.0,3.0,1
38.0,0.0,0.0,38.0,5.0,2.0,0
55.0,0.3095291039,0.0,58.0,5.0,1.0,0
44.0,0.0,2.0,47.0,5.0,2.0,1
38.0,2.708225884,0.0,40.0,5.0,2.0,1
71.0,0.0,0.0,74.0,5.0,1.0,0
2.0,0.0,0.0,5.0,5.0,1.0,0
5.0,0.0,3.0,12.0,5.0,2.0,0
25.0,0.0,1.0,26.0,5.0,1.0,1
39.0,0.0,2.0,45.0,5.0,2.0,0
15.0,0.0,0.0,18.0,5.0,1.0,0
18.0,0.0,1.0,20.0,5.0,2.0,0
19.0,0.0,5.0,25.0,5.0,3.0,0
12.0,0.0,0.0,18.0,5.0,1.0,0
4.0,0.0,0.0,4.0,5.0,2.0,0
61.0,0.0,7.0,76.0,5.0,1.0,0
15.0,4.4567405305,0.0,15.0,5.0,3.0,1
8.0,0.0,0.0,9.0,5.0,2.0,0
36.0,0.0,0.0,38.0,5.0,1.0,0
16.0,0.0,0.0,18.0,5.0,3.0,0
21.0,0.0,0.0,21.0,5.0,1.0,0
11.0,0.0,0.0,11.0,5.0,2.0,0
3.0,0.0,0.0,3.0,5.0,2.0,0
8.0,0.0,0.0,9.0,5.0,2.0,0
37.0,0.0,2.0,42.0,5.0,3.0,0
22.0,0.0,0.0,26.0,5.0,2.0,0
1.0,0.0,0.0,1.0,5.0,1.0,0
3.0,0.0,0.0,7.0,5.0,1.0,0
190.0,0.42109607139999994,0.0,193.0,5.0,1.0,0
1.0,0.0,0.0,1.0,5.0,2.0,0
7.0,0.0,0.0,7.0,5.0,3.0,0
3.0,0.0,0.0,3.0,5.0,1.0,0
30.0,0.0,0.0,30.0,5.0,1.0,0
141.0,0.0,5.0,147.0,5.0,2.0,0
0.0,0.0,0.0,1.0,5.0,2.0,0
55.0,0.0,0.0,55.0,5.0,3.0,0
16.0,0.0,2.0,21.0,5.0,2.0,1
3.0,0.0,0.0,3.0,5.0,2.0,0
21.0,0.0,0.0,21.0,5.0,1.0,0
5.0,0.0,0.0,8.0,5.0,1.0,0
52.0,1.0552895125,0.0,53.0,5.0,3.0,0
16.0,0.0,0.0,16.0,5.0,2.0,0
4.0,0.0,0.0,4.0,5.0,2.0,0
50.0,0.0,0.0,50.0,5.0,2.0,0
156.0,1.0254818915,3.0,164.0,5.0,2.0,1
15.0,0.0,0.0,16.0,5.0,2.0,0
17.0,0.0,0.0,17.0,5.0,1.0,0
10.0,0.0,0.0,10.0,5.0,3.0,0
28.0,0.0,0.0,28.0,5.0,2.0,0
30.0,2.160378433,3.0,36.0,5.0,2.0,0
17.0,0.877309558,0.0,20.0,5.0,2.0,1
82.0,0.0,0.0,82.0,5.0,2.0,0
20.0,0.0,0.0,20.0,5.0,2.0,0
26.0,0.0,0.0,26.0,5.0,2.0,0
7.0,0.0,0.0,7.0,5.0,1.0,0
3.0,0.0,0.0,3.0,5.0,2.0,0
12.0,0.0,0.0,12.0,5.0,2.0,0
9.0,0.0,0.0,9.0,5.0,2.0,0
21.0,0.0,0.0,27.0,5.0,1.0,1
9.0,0.0,1.0,11.0,5.0,1.0,0
4.0,0.0,0.0,4.0,5.0,2.0,0
68.0,0.0,3.0,71.0,5.0,1.0,0
3.0,0.0,0.0,3.0,5.0,2.0,0
304.0,0.0686353875,6.0,321.0,5.0,2.0,1
3.0,0.0,0.0,3.0,5.0,2.0,0
5.0,0.0,2.0,7.0,5.0,2.0,0
14.0,0.0,0.0,14.0,5.0,2.0,0
29.0,0.0,0.0,30.0,5.0,1.0,0
84.0,0.0,0.0,84.0,5.0,3.0,1
37.0,0.0,0.0,46.0,5.0,1.0,0
15.0,0.0,0.0,15.0,5.0,3.0,0
7.0,0.0,0.0,7.0,5.0,1.0,0
3.0,0.0,0.0,3.0,5.0,2.0,1
107.0,0.0,3.0,115.0,5.0,3.0,0
14.0,0.0,0.0,14.0,5.0,2.0,0
15.0,0.0,0.0,15.0,5.0,1.0,0
71.0,0.0,3.0,74.0,5.0,2.0,0
69.0,0.00467734745,1.0,82.0,5.0,1.0,1
39.0,1.3516490185,4.0,57.0,5.0,2.0,0
16.0,0.0,0.0,17.0,5.0,3.0,0
79.0,0.889461133,1.0,89.0,5.0,2.0,1
21.0,0.0,0.0,21.0,5.0,2.0,0
53.0,0.0,0.0,53.0,5.0,2.0,0
2.0,0.0,0.0,6.0,5.0,1.0,0
7.0,0.0,0.0,7.0,5.0,2.0,0
48.0,0.737224823,0.0,55.0,5.0,1.0,0
64.0,0.0,0.0,64.0,5.0,2.0,1
43.0,0.0,2.0,45.0,5.0,3.0,0
1.0,0.0,0.0,1.0,5.0,2.0,0
5.0,0.0,0.0,11.0,5.0,1.0,0
3.0,0.0,0.0,3.0,5.0,2.0,0
4.0,0.0,0.0,4.0,5.0,2.0,0
82.0,0.0,2.0,85.0,5.0,2.0,0
9.0,0.0,0.0,13.0,5.0,2.0,0
7.0,0.0,0.0,13.0,5.0,2.0,0
127.0,1.692669561,6.0,145.0,5.0,3.0,1
5.0,0.0,0.0,5.0,5.0,1.0,0
205.0,8.87644126,3.0,230.0,5.0,3.0,0
83.0,1.762710062,0.0,95.0,5.0,1.0,0
26.0,0.2736937484,4.0,33.0,5.0,1.0,0
87.0,0.5840157450000001,0.0,90.0,5.0,1.0,0
98.0,2.80886903,4.0,107.0,5.0,3.0,1
9.0,0.0,0.0,9.0,5.0,2.0,0
39.0,0.0,0.0,39.0,5.0,2.0,0
47.0,0.0,0.0,48.0,5.0,1.0,0
71.0,0.0,2.0,81.0,5.0,2.0,0
9.0,0.0,0.0,9.0,5.0,1.0,0
23.0,1.1650003310000001,0.0,23.0,5.0,1.0,1
44.0,0.0,0.0,46.0,5.0,1.0,0
4.0,0.0,0.0,4.0,5.0,2.0,0
3.0,0.0,0.0,3.0,5.0,3.0,0
53.0,5.9947166350000005,0.0,53.0,5.0,2.0,1
57.0,0.0,0.0,57.0,5.0,3.0,0
13.0,0.0,0.0,13.0,5.0,1.0,0
45.0,0.0,3.0,53.0,5.0,1.0,0
14.0,0.0,3.0,18.0,5.0,1.0,0
12.0,0.0,0.0,12.0,5.0,2.0,1
40.0,0.0,3.0,44.0,5.0,1.0,0
49.0,0.0,0.0,52.0,5.0,2.0,0
4.0,0.0,2.0,6.0,5.0,3.0,0
76.0,0.0,5.0,92.0,5.0,3.0,1
15.0,0.8926690285,0.0,19.0,5.0,1.0,1
39.0,0.0,0.0,49.0,5.0,2.0,0
27.0,0.0,0.0,32.0,5.0,2.0,0
31.0,0.0,0.0,31.0,5.0,1.0,0
233.0,0.44604503915000004,7.0,242.0,5.0,2.0,1
27.0,0.0,0.0,27.0,5.0,2.0,0
16.0,0.0,0.0,16.0,5.0,2.0,0
37.0,0.0,0.0,37.0,5.0,2.0,0
26.0,0.0,0.0,35.0,5.0,1.0,0
47.0,0.0,0.0,54.0,5.0,2.0,0
213.0,0.0,0.0,223.0,5.0,1.0,0
2.0,0.0,0.0,2.0,5.0,2.0,0
10.0,0.0,0.0,10.0,5.0,2.0,0
3.0,0.0,0.0,3.0,5.0,1.0,0
65.0,0.8715748255,0.0,73.0,5.0,1.0,0
29.0,1.1410796539999999,0.0,35.0,5.0,3.0,1
8.0,0.0,0.0,8.0,5.0,3.0,0
1.0,0.0,0.0,1.0,5.0,1.0,0
120.0,0.46349139814999996,4.0,139.0,5.0,3.0,0
48.0,0.23708130315,4.0,61.0,5.0,2.0,0
10.0,0.696970455,0.0,10.0,5.0,2.0,1
57.0,0.0,0.0,57.0,5.0,1.0,0
19.0,0.0,0.0,22.0,5.0,1.0,0
11.0,0.0,0.0,11.0,5.0,1.0,0
9.0,0.0,0.0,9.0,5.0,1.0,0
40.0,0.0,7.0,58.0,5.0,1.0,0
8.0,0.0,0.0,8.0,5.0,1.0,0
5.0,0.0,0.0,5.0,5.0,1.0,0
186.0,0.7229147435,0.0,197.0,5.0,2.0,1
5.0,0.0,0.0,5.0,5.0,3.0,0
80.0,0.0,0.0,80.0,5.0,2.0,0
4.0,0.0,0.0,4.0,5.0,1.0,0
16.0,0.0,0.0,20.0,5.0,1.0,0
5.0,0.0,0.0,5.0,5.0,1.0,0
16.0,0.0,0.0,16.0,5.0,2.0,1
42.0,0.0,0.0,42.0,5.0,2.0,0
9.0,2.12112655,0.0,9.0,5.0,1.0,1
8.0,0.0,0.0,8.0,5.0,1.0,0
12.0,0.0,0.0,13.0,5.0,1.0,0
12.0,0.0,0.0,15.0,5.0,2.0,0
6.0,0.0,0.0,6.0,5.0,1.0,0
83.0,0.0,3.0,93.0,5.0,1.0,0
3.0,0.0,0.0,3.0,5.0,1.0,0
11.0,0.0,2.0,13.0,5.0,1.0,0
54.0,0.0,0.0,55.0,5.0,1.0,0
43.0,2.0005142175,0.0,56.0,5.0,2.0,1
12.0,0.0,0.0,12.0,5.0,1.0,0
26.0,0.0,0.0,27.0,5.0,1.0,0
213.0,0.4012432864,3.0,221.0,5.0,2.0,1
77.0,0.0,0.0,77.0,5.0,1.0,0
75.0,0.0,1.0,86.0,5.0,1.0,0
115.0,0.0,1.0,128.0,5.0,2.0,1
3.0,0.0,0.0,3.0,5.0,2.0,0
40.0,0.0,0.0,47.0,5.0,1.0,0
6.0,0.0,0.0,6.0,5.0,3.0,0
48.0,0.0,0.0,48.0,5.0,3.0,0
107.0,0.0,0.0,112.0,5.0,2.0,1
2.0,0.0,5.0,7.0,5.0,2.0,0
12.0,0.0,0.0,19.0,5.0,1.0,0
5.0,0.0,0.0,7.0,5.0,1.0,0
22.0,0.0,0.0,22.0,5.0,1.0,0
17.0,0.0,0.0,17.0,5.0,1.0,0
2.0,0.0,0.0,2.0,5.0,1.0,0
20.0,0.0,0.0,20.0,5.0,1.0,0
11.0,0.0,0.0,11.0,5.0,1.0,0
18.0,0.0,0.0,18.0,5.0,1.0,0
26.0,0.0,0.0,26.0,5.0,1.0,0
44.0,0.0,0.0,52.0,5.0,1.0,0
88.0,1.287350356,0.0,90.0,5.0,2.0,1
13.0,0.0,0.0,13.0,5.0,1.0,0
89.0,2.0258802725,0.0,92.0,5.0,2.0,1
5.0,0.0,0.0,7.0,5.0,1.0,0
7.0,0.0,0.0,11.0,5.0,1.0,0
18.0,0.0,0.0,18.0,5.0,1.0,0
31.0,0.0,1.0,32.0,5.0,2.0,0
40.0,0.0,0.0,40.0,5.0,3.0,0
39.0,0.0,0.0,39.0,5.0,1.0,0
13.0,1.304997711,0.0,13.0,5.0,1.0,1
11.0,0.0,0.0,11.0,5.0,1.0,0
14.0,0.0,2.0,16.0,5.0,3.0,1
6.0,0.0,0.0,6.0,5.0,1.0,0
27.0,0.0,0.0,29.0,5.0,3.0,0
21.0,1.6194263965000002,1.0,25.0,5.0,2.0,0
27.0,0.0,0.0,27.0,5.0,2.0,0
4.0,0.0,2.0,11.0,5.0,2.0,0
7.0,0.0,0.0,21.0,5.0,1.0,0
20.0,0.0,0.0,20.0,5.0,1.0,0
1.0,0.0,0.0,1.0,5.0,1.0,0
73.0,0.0,0.0,77.0,5.0,3.0,0
85.0,0.0,3.0,90.0,5.0,2.0,0
57.0,0.0,0.0,61.0,5.0,3.0,0
20.0,0.0,0.0,20.0,5.0,2.0,0
29.0,0.0,0.0,32.0,5.0,3.0,0
9.0,0.0,0.0,9.0,5.0,3.0,0
30.0,1.1799058185,2.0,39.0,5.0,2.0,0
4.0,0.0,0.0,4.0,5.0,1.0,0
6.0,0.0,0.0,9.0,5.0,2.0,0
29.0,0.0,0.0,29.0,5.0,2.0,0
67.0,0.7924199814999999,0.0,71.0,5.0,2.0,1
1.0,0.0,0.0,1.0,5.0,3.0,0
34.0,0.0,0.0,39.0,5.0,1.0,0
7.0,2.298375525,0.0,7.0,5.0,1.0,1
1.0,0.0,0.0,4.0,5.0,1.0,0
30.0,0.0,0.0,35.0,5.0,3.0,0
28.0,0.0,0.0,28.0,5.0,3.0,0
18.0,0.0,0.0,20.0,5.0,1.0,0
20.0,0.0,0.0,20.0,5.0,2.0,0
45.0,0.0,0.0,45.0,5.0,2.0,0
9.0,0.0,0.0,16.0,5.0,1.0,0
49.0,0.0,1.0,51.0,5.0,1.0,0
99.0,0.5064797995,5.0,112.0,5.0,2.0,0
14.0,2.637088818,0.0,17.0,5.0,1.0,1
59.0,0.0,1.0,61.0,5.0,1.0,0
42.0,0.2323251606,1.0,48.0,5.0,1.0,0
114.0,0.28493555215,0.0,119.0,5.0,2.0,0
4.0,0.0,1.0,6.0,5.0,2.0,0
80.0,0.50493389,0.0,82.0,5.0,2.0,1
1.0,0.0,0.0,1.0,5.0,3.0,0
11.0,0.0,0.0,11.0,5.0,1.0,0
1.0,0.0,0.0,1.0,5.0,1.0,0
10.0,0.0,0.0,10.0,5.0,1.0,0
3.0,0.0,0.0,3.0,5.0,2.0,0
6.0,0.0,0.0,6.0,5.0,1.0,0
110.0,0.0,0.0,110.0,5.0,2.0,1
14.0,0.0,2.0,18.0,5.0,1.0,0
1.0,0.0,0.0,2.0,5.0,2.0,1
24.0,0.0,0.0,24.0,5.0,2.0,0
8.0,0.0,0.0,8.0,5.0,2.0,0
1.0,0.0,0.0,1.0,5.0,2.0,0
10.0,1.9096202219999998,0.0,10.0,5.0,2.0,1
1.0,0.0,0.0,1.0,5.0,1.0,0
1.0,0.0,0.0,1.0,5.0,2.0,0
5.0,0.0,0.0,5.0,5.0,2.0,0
21.0,0.8079279100000001,0.0,21.0,5.0,2.0,1
34.0,0.0,0.0,35.0,5.0,2.0,0
23.0,0.0,0.0,23.0,5.0,2.0,0
45.0,0.0,3.0,48.0,5.0,1.0,0
40.0,0.503371785,3.0,55.0,5.0,1.0,0
50.0,2.601731656,0.0,51.0,5.0,1.0,1
26.0,0.596659405,0.0,34.0,5.0,1.0,0
35.0,0.0,0.0,38.0,5.0,2.0,0
11.0,0.0,0.0,11.0,5.0,2.0,0
31.0,0.0,0.0,31.0,5.0,3.0,0
40.0,0.0,0.0,49.0,5.0,1.0,0
38.0,0.0,1.0,39.0,5.0,2.0,0
8.0,0.0,0.0,8.0,5.0,3.0,0
2.0,0.0,0.0,5.0,5.0,2.0,0
7.0,0.0,0.0,13.0,5.0,2.0,0
13.0,3.0131548290000003,0.0,14.0,5.0,1.0,1
2.0,0.0,0.0,2.0,5.0,1.0,0
6.0,0.0,0.0,6.0,5.0,2.0,0
401.0,0.17731577725,1.0,407.0,5.0,2.0,1
131.0,0.180691454,4.0,141.0,5.0,2.0,0
8.0,0.0,6.0,16.0,5.0,2.0,0
51.0,0.0,0.0,51.0,5.0,3.0,0
91.0,0.0,0.0,91.0,5.0,1.0,0
12.0,0.0,0.0,12.0,5.0,2.0,0
57.0,0.707718587,4.0,63.0,5.0,2.0,1
4.0,0.0,0.0,4.0,5.0,2.0,0
108.0,0.0,0.0,109.0,5.0,1.0,0
162.0,0.07348466265,0.0,164.0,5.0,1.0,0
26.0,0.0,3.0,32.0,5.0,2.0,1
36.0,0.0,1.0,37.0,5.0,1.0,0
155.0,5.633306825,6.0,168.0,5.0,2.0,1
4.0,0.0,0.0,4.0,5.0,3.0,1
27.0,0.0,0.0,27.0,5.0,2.0,0
6.0,0.0,0.0,6.0,5.0,2.0,0
2.0,0.0,0.0,2.0,5.0,1.0,0
46.0,0.0,1.0,47.0,5.0,2.0,1
171.0,0.604811059,2.0,186.0,5.0,2.0,1
47.0,4.8598286835,0.0,47.0,5.0,2.0,1
177.0,0.47096732455,1.0,183.0,5.0,2.0,0
3.0,0.0,0.0,3.0,5.0,3.0,0
98.0,0.0,0.0,98.0,5.0,1.0,0
20.0,0.0,0.0,30.0,5.0,2.0,0
8.0,0.0,0.0,11.0,5.0,1.0,0
3.0,0.0,0.0,3.0,5.0,2.0,0
1.0,0.0,0.0,1.0,5.0,2.0,0
1.0,0.0,0.0,1.0,5.0,2.0,0
7.0,0.0,0.0,7.0,5.0,2.0,0
48.0,0.0,0.0,48.0,5.0,3.0,1
7.0,0.0,0.0,7.0,5.0,2.0,0
14.0,0.0,0.0,14.0,5.0,1.0,0
18.0,0.0,3.0,21.0,5.0,2.0,0
2.0,0.0,0.0,2.0,5.0,3.0,0
26.0,0.0,0.0,26.0,5.0,1.0,0
9.0,0.0,0.0,9.0,5.0,3.0,0
13.0,0.0,0.0,13.0,5.0,3.0,0
29.0,0.35266675005,0.0,31.0,5.0,2.0,0
12.0,14.39768964,0.0,12.0,5.0,1.0,1
15.0,0.0,0.0,15.0,5.0,3.0,0
57.0,0.0,0.0,57.0,5.0,2.0,0
20.0,0.0,3.0,26.0,5.0,1.0,0
42.0,0.0,0.0,44.0,5.0,2.0,0
47.0,0.0,2.0,52.0,5.0,1.0,0
17.0,0.0,0.0,17.0,5.0,1.0,0
1.0,0.0,0.0,1.0,5.0,1.0,0
46.0,0.0,0.0,46.0,5.0,2.0,0
91.0,2.5636293075000003,3.0,96.0,5.0,1.0,0
131.0,0.3981988212,0.0,136.0,5.0,3.0,1
24.0,0.0,0.0,24.0,5.0,3.0,0
6.0,0.0,1.0,7.0,5.0,3.0,0
7.0,0.0,0.0,12.0,5.0,1.0,0
39.0,0.0,1.0,40.0,5.0,2.0,0
1.0,0.0,0.0,1.0,5.0,1.0,0
330.0,0.0,4.0,334.0,5.0,2.0,1
16.0,0.0,0.0,16.0,5.0,1.0,0
19.0,0.0,0.0,19.0,5.0,2.0,0
15.0,0.0,0.0,15.0,5.0,1.0,0
63.0,0.0,0.0,70.0,5.0,2.0,0
10.0,0.0,0.0,10.0,5.0,1.0,0
95.0,0.0,1.0,111.0,5.0,3.0,1
20.0,0.0,0.0,20.0,5.0,2.0,0
52.0,10.715333135,3.0,63.0,5.0,2.0,1
10.0,0.0,0.0,15.0,5.0,2.0,0
12.0,0.0,0.0,12.0,5.0,2.0,0
5.0,0.0,0.0,6.0,5.0,1.0,0
33.0,1.2561695325,0.0,40.0,5.0,3.0,1
12.0,3.157492975,0.0,17.0,5.0,1.0,0
5.0,3.2478225494999995,0.0,6.0,5.0,1.0,1
21.0,0.0,0.0,25.0,5.0,2.0,0
286.0,0.0,1.0,290.0,5.0,2.0,1
21.0,0.0,0.0,22.0,5.0,2.0,0
32.0,0.0,0.0,47.0,5.0,2.0,0
34.0,0.0,0.0,37.0,5.0,1.0,0
58.0,0.0,0.0,61.0,5.0,2.0,1
48.0,0.726093125,0.0,48.0,5.0,1.0,0
11.0,0.0,0.0,12.0,5.0,2.0,0
10.0,0.0,0.0,12.0,5.0,2.0,0
26.0,0.0,0.0,26.0,5.0,1.0,0
128.0,0.1916987065,0.0,133.0,5.0,3.0,0
43.0,0.0,0.0,47.0,5.0,2.0,0
49.0,0.0,0.0,51.0,5.0,2.0,0
74.0,0.0,3.0,77.0,5.0,2.0,0
6.0,0.0,0.0,11.0,5.0,1.0,0
18.0,0.0,0.0,18.0,5.0,2.0,0
20.0,0.0,0.0,21.0,5.0,2.0,0
10.0,0.0,0.0,10.0,5.0,2.0,0
25.0,0.0,1.0,35.0,5.0,1.0,0
8.0,0.0,0.0,8.0,5.0,1.0,0
16.0,0.802201507,0.0,22.0,5.0,1.0,1
14.0,0.0,0.0,14.0,5.0,2.0,0
22.0,0.0,0.0,22.0,5.0,3.0,1
3.0,0.0,0.0,3.0,5.0,2.0,0
106.0,0.04252547625,2.0,118.0,5.0,2.0,1
65.0,0.0,0.0,70.0,5.0,2.0,0
41.0,1.843350885,0.0,41.0,5.0,1.0,0
32.0,0.0,0.0,33.0,5.0,3.0,0
247.0,0.0,3.0,268.0,5.0,2.0,0
9.0,0.0,0.0,13.0,5.0,1.0,0
2.0,0.0,0.0,2.0,5.0,1.0,0
14.0,0.0,6.0,22.0,5.0,3.0,0
122.0,0.0,0.0,128.0,5.0,2.0,0
1.0,0.0,0.0,1.0,5.0,2.0,0
5.0,0.0,0.0,5.0,5.0,2.0,0
161.0,0.0,0.0,162.0,5.0,2.0,1
65.0,0.0,1.0,66.0,5.0,2.0,0
14.0,0.0,0.0,14.0,5.0,2.0,0
77.0,0.0,0.0,79.0,5.0,1.0,0
3.0,0.0,0.0,3.0,5.0,1.0,0
162.0,0.0,7.0,169.0,5.0,2.0,0
2.0,0.0,0.0,2.0,5.0,2.0,0
13.0,0.0,0.0,19.0,5.0,3.0,0
107.0,0.26958837459999996,1.0,115.0,5.0,2.0,1
79.0,0.0,0.0,80.0,5.0,2.0,0
2.0,0.0,0.0,2.0,5.0,2.0,0
167.0,0.1453939672,3.0,179.0,5.0,2.0,1
14.0,0.0,0.0,17.0,5.0,1.0,0
6.0,0.0,0.0,6.0,5.0,3.0,0
50.0,0.0,0.0,52.0,5.0,2.0,0
22.0,0.0,0.0,27.0,5.0,2.0,0
57.0,0.6775206970000001,0.0,62.0,5.0,2.0,1
40.0,0.0,0.0,41.0,5.0,3.0,0
56.0,0.0,0.0,59.0,5.0,2.0,0
89.0,0.0,0.0,91.0,5.0,1.0,0
55.0,0.0,1.0,57.0,5.0,1.0,0
1.0,0.0,0.0,1.0,5.0,3.0,0
42.0,1.581842069,2.0,60.0,5.0,2.0,1
31.0,0.0,0.0,32.0,5.0,1.0,0
4.0,0.0,0.0,4.0,5.0,2.0,0
58.0,0.0,1.0,62.0,5.0,3.0,0
2.0,0.0,0.0,5.0,5.0,2.0,0
11.0,0.0,0.0,11.0,5.0,1.0,0
31.0,0.0,0.0,34.0,5.0,1.0,0
10.0,0.0,3.0,18.0,5.0,2.0,0
44.0,0.0,0.0,46.0,5.0,3.0,0
5.0,0.0,0.0,5.0,5.0,2.0,0
2.0,0.0,0.0,2.0,5.0,3.0,0
0.0,0.0,3.0,3.0,5.0,2.0,0
1.0,0.0,0.0,1.0,5.0,1.0,0
111.0,0.13065313935,3.0,121.0,5.0,1.0,1
6.0,0.0,0.0,10.0,5.0,1.0,0
147.0,0.90635022,3.0,165.0,5.0,2.0,1
10.0,0.0,0.0,10.0,5.0,1.0,1
13.0,0.6715669955,1.0,14.0,5.0,1.0,0
1.0,0.0,0.0,1.0,5.0,3.0,0
12.0,0.0,0.0,12.0,5.0,2.0,0
5.0,0.0,0.0,5.0,5.0,2.0,0
15.0,0.0,0.0,15.0,5.0,1.0,0
3.0,0.0,0.0,3.0,5.0,1.0,0
43.0,0.0,1.0,44.0,5.0,3.0,0
4.0,0.0,0.0,4.0,5.0,1.0,0
6.0,0.0,0.0,7.0,5.0,1.0,0
39.0,0.26459945745,2.0,43.0,5.0,3.0,0
18.0,0.0,1.0,20.0,5.0,2.0,0
12.0,0.0,2.0,15.0,5.0,2.0,0
61.0,0.0,0.0,64.0,5.0,2.0,0
17.0,0.0,0.0,17.0,5.0,1.0,0
93.0,0.0,0.0,94.0,5.0,2.0,1
357.0,0.49821279035000005,1.0,358.0,5.0,2.0,1
8.0,0.0,0.0,8.0,5.0,1.0,0
23.0,0.0,0.0,24.0,5.0,1.0,0
3.0,0.0,0.0,3.0,5.0,3.0,0
32.0,0.8305720129999999,0.0,40.0,5.0,1.0,1
40.0,0.0,0.0,49.0,5.0,3.0,0
47.0,0.0,6.0,53.0,5.0,1.0,0
50.0,2.3918794855,0.0,50.0,5.0,2.0,1
3.0,0.0,0.0,3.0,5.0,1.0,0
29.0,0.0,4.0,38.0,5.0,3.0,0
51.0,0.0,0.0,51.0,5.0,2.0,0
14.0,0.9358208469999999,2.0,17.0,5.0,1.0,0
5.0,0.0,4.0,14.0,5.0,1.0,0
45.0,0.0,3.0,48.0,5.0,1.0,0
138.0,0.9107897345,1.0,149.0,5.0,1.0,1
1.0,0.0,0.0,1.0,5.0,2.0,0
51.0,0.0,2.0,53.0,5.0,1.0,0
74.0,0.0,0.0,74.0,5.0,2.0,0
47.0,0.29546475165,0.0,48.0,5.0,1.0,0
77.0,0.6499691894999999,0.0,79.0,5.0,2.0,1
9.0,0.0,0.0,13.0,5.0,1.0,0
23.0,0.0,2.0,26.0,5.0,1.0,0
79.0,0.6039525465,0.0,88.0,5.0,2.0,1
22.0,0.0,0.0,23.0,5.0,2.0,0
7.0,0.0,0.0,8.0,5.0,2.0,0
41.0,0.0,0.0,41.0,5.0,2.0,0
116.0,0.0,0.0,121.0,5.0,2.0,0
36.0,0.0,5.0,42.0,5.0,1.0,0
59.0,0.2857811285,0.0,62.0,5.0,1.0,0
35.0,0.0,0.0,35.0,5.0,2.0,0
37.0,0.0,0.0,40.0,5.0,3.0,0
56.0,0.0,2.0,66.0,5.0,1.0,0
5.0,0.0,0.0,5.0,5.0,1.0,0
43.0,0.0,0.0,44.0,5.0,3.0,0
39.0,0.0,0.0,39.0,5.0,2.0,1
26.0,0.7575524149999999,0.0,28.0,5.0,1.0,1
29.0,0.0,0.0,29.0,5.0,1.0,0
40.0,0.0,0.0,40.0,5.0,1.0,0
56.0,0.0,0.0,56.0,5.0,3.0,0
50.0,0.0,0.0,50.0,5.0,3.0,0
47.0,1.7428303525,6.0,55.0,5.0,1.0,0
28.0,0.0,2.0,33.0,5.0,1.0,0
3.0,0.0,0.0,3.0,5.0,1.0,0
72.0,0.0,0.0,72.0,5.0,2.0,0
8.0,0.0,0.0,8.0,5.0,1.0,0
11.0,0.0,0.0,11.0,5.0,2.0,0
5.0,0.0,0.0,5.0,5.0,2.0,0
3.0,0.0,0.0,3.0,5.0,1.0,0
11.0,0.0,0.0,11.0,5.0,1.0,0
1.0,0.0,0.0,1.0,5.0,1.0,0
23.0,0.0,0.0,24.0,5.0,2.0,0
124.0,0.35299649255,4.0,135.0,5.0,3.0,0
53.0,2.8158800514999998,0.0,56.0,5.0,3.0,1
62.0,0.0,1.0,71.0,5.0,1.0,0
17.0,0.0,0.0,17.0,5.0,3.0,0
20.0,0.0,0.0,20.0,5.0,1.0,0
69.0,0.0,0.0,73.0,5.0,2.0,0
37.0,0.0,0.0,37.0,5.0,2.0,1
21.0,0.0,0.0,23.0,5.0,2.0,0
15.0,0.0,0.0,15.0,5.0,2.0,0
34.0,0.0,0.0,37.0,5.0,2.0,1
107.0,0.0,2.0,119.0,5.0,1.0,0
2.0,0.0,0.0,2.0,5.0,3.0,0
45.0,0.0,1.0,49.0,5.0,1.0,0
36.0,4.4647743349999995,0.0,36.0,5.0,1.0,1
23.0,7.0331068299999995,0.0,23.0,5.0,1.0,1
1.0,0.0,0.0,1.0,5.0,3.0,0
10.0,0.0,1.0,11.0,5.0,2.0,0
77.0,0.0,1.0,78.0,5.0,1.0,0
24.0,0.0,0.0,29.0,5.0,2.0,0
1.0,0.0,0.0,1.0,5.0,1.0,0
82.0,0.929228885,0.0,82.0,5.0,1.0,0
43.0,0.0,0.0,43.0,5.0,3.0,0
10.0,0.0,0.0,10.0,5.0,2.0,0
1.0,0.0,0.0,1.0,5.0,2.0,0
9.0,0.0,0.0,9.0,5.0,1.0,0
15.0,0.0,0.0,15.0,5.0,2.0,0
17.0,0.0,5.0,22.0,5.0,1.0,0
3.0,0.0,0.0,3.0,5.0,2.0,0
50.0,0.0,0.0,50.0,5.0,3.0,0
24.0,0.0,0.0,24.0,5.0,2.0,0
46.0,0.0,0.0,46.0,5.0,2.0,0
117.0,0.0,0.0,124.0,5.0,1.0,0
315.0,0.0,1.0,317.0,5.0,2.0,0
9.0,0.0,0.0,11.0,5.0,1.0,0
116.0,0.18508094455,5.0,128.0,5.0,1.0,0
18.0,0.0,2.0,21.0,5.0,2.0,0
21.0,0.0,0.0,25.0,5.0,1.0,0
5.0,0.0,0.0,5.0,5.0,1.0,0
78.0,0.0,1.0,80.0,5.0,1.0,0
1.0,0.0,0.0,1.0,5.0,2.0,0
3.0,0.0,0.0,4.0,5.0,3.0,0
166.0,1.4673854185,3.0,170.0,5.0,2.0,1
48.0,0.0,1.0,49.0,5.0,1.0,0
32.0,1.7147156445,2.0,38.0,5.0,1.0,1
52.0,0.0,3.0,68.0,5.0,1.0,0
31.0,0.0,0.0,36.0,5.0,1.0,0
19.0,0.0,0.0,20.0,5.0,2.0,0
126.0,0.0,0.0,135.0,5.0,2.0,0
50.0,0.0,0.0,50.0,5.0,2.0,0
5.0,0.0,0.0,5.0,5.0,2.0,0
22.0,0.0,0.0,22.0,5.0,2.0,0
19.0,0.0,0.0,19.0,5.0,1.0,0
22.0,0.0,1.0,23.0,5.0,1.0,1
18.0,0.600434871,1.0,21.0,5.0,2.0,0
65.0,0.0,0.0,66.0,5.0,1.0,0
2.0,0.0,0.0,2.0,5.0,2.0,0
1.0,0.0,0.0,1.0,5.0,2.0,0
24.0,0.0,0.0,24.0,5.0,2.0,0
1.0,0.0,0.0,1.0,5.0,2.0,0
20.0,0.70636849,0.0,21.0,5.0,3.0,1
15.0,0.0,0.0,15.0,5.0,2.0,0
15.0,0.0,1.0,23.0,5.0,1.0,0
8.0,0.0,0.0,8.0,5.0,2.0,0
143.0,0.26883702925,1.0,150.0,5.0,2.0,0
48.0,0.25789018385,0.0,48.0,5.0,1.0,1
29.0,0.0,1.0,41.0,5.0,1.0,0
5.0,0.0,2.0,12.0,5.0,1.0,0
4.0,0.0,0.0,4.0,5.0,2.0,0
12.0,0.0,0.0,12.0,5.0,2.0,0
7.0,0.0,0.0,14.0,5.0,1.0,0
79.0,0.0,0.0,79.0,5.0,2.0,1
5.0,0.0,0.0,5.0,5.0,2.0,0
231.0,0.0,0.0,231.0,5.0,3.0,0
32.0,0.8364684849999999,0.0,35.0,5.0,1.0,1
13.0,0.0,0.0,16.0,5.0,2.0,0
206.0,0.0,0.0,217.0,5.0,2.0,0
12.0,0.0,0.0,12.0,5.0,3.0,0
10.0,0.0,0.0,10.0,5.0,3.0,0
8.0,0.0,0.0,12.0,5.0,1.0,0
85.0,0.1263608742,6.0,102.0,5.0,1.0,1
115.0,0.663110723,0.0,119.0,5.0,2.0,1
16.0,0.0,2.0,22.0,5.0,2.0,0
73.0,0.3067991224,0.0,73.0,5.0,3.0,0
35.0,0.0,1.0,37.0,5.0,2.0,0
35.0,0.0,1.0,44.0,5.0,1.0,0
7.0,0.0,0.0,9.0,5.0,1.0,0
1.0,0.0,0.0,1.0,5.0,1.0,0
43.0,0.0,0.0,44.0,5.0,1.0,0
8.0,0.0,4.0,12.0,5.0,2.0,1
88.0,1.2786214665,1.0,92.0,5.0,2.0,1
25.0,0.0,0.0,26.0,5.0,1.0,0
23.0,0.0,0.0,23.0,5.0,1.0,0
114.0,0.0,3.0,124.0,5.0,1.0,0
7.0,0.0,0.0,7.0,5.0,2.0,0
28.0,0.484958853,5.0,35.0,5.0,2.0,1
39.0,0.3748577529,0.0,46.0,5.0,2.0,0
33.0,0.8290826004999999,2.0,40.0,5.0,2.0,1
1.0,0.0,0.0,1.0,5.0,2.0,0
33.0,3.0809166820000002,0.0,41.0,5.0,1.0,1
23.0,0.0,0.0,23.0,5.0,1.0,0
107.0,0.0,3.0,118.0,5.0,2.0,1
59.0,0.0,0.0,60.0,5.0,1.0,0
15.0,0.0,0.0,15.0,5.0,1.0,0
85.0,0.0,0.0,91.0,5.0,2.0,1
15.0,0.0,2.0,22.0,5.0,3.0,1
11.0,0.0,0.0,11.0,5.0,2.0,0
339.0,0.0,3.0,347.0,5.0,2.0,0
11.0,0.0,0.0,11.0,5.0,1.0,0
7.0,0.0,0.0,7.0,5.0,2.0,0
43.0,0.582998217,0.0,44.0,5.0,2.0,1
14.0,0.0,2.0,18.0,5.0,1.0,0
22.0,0.48251250179999994,0.0,24.0,5.0,3.0,1
2.0,0.0,0.0,2.0,5.0,2.0,0
82.0,1.4208540680000001,5.0,96.0,5.0,1.0,1
43.0,0.43356720355,2.0,47.0,5.0,1.0,1
1.0,0.0,0.0,1.0,5.0,2.0,0
6.0,0.0,0.0,6.0,5.0,2.0,0
40.0,0.0,0.0,40.0,5.0,2.0,0
2.0,0.0,0.0,2.0,5.0,1.0,0
46.0,0.0562573032,1.0,48.0,5.0,3.0,1
18.0,0.0,0.0,18.0,5.0,1.0,0
17.0,0.0,0.0,17.0,5.0,2.0,0
6.0,0.0,4.0,14.0,5.0,1.0,0
1.0,0.0,0.0,1.0,5.0,2.0,0
10.0,0.0,0.0,15.0,5.0,1.0,0
13.0,2.273213045,0.0,13.0,5.0,3.0,1
25.0,0.0,0.0,25.0,5.0,1.0,0
24.0,0.0,0.0,31.0,5.0,2.0,0
80.0,0.21448394305,3.0,94.0,5.0,2.0,1
17.0,0.0,0.0,20.0,5.0,1.0,0
2.0,0.0,0.0,2.0,5.0,2.0,0
15.0,0.0,0.0,15.0,5.0,1.0,0
12.0,3.03111915,0.0,13.0,5.0,3.0,1
8.0,0.0,0.0,11.0,5.0,2.0,0
9.0,0.0,0.0,9.0,5.0,2.0,0
12.0,0.0,1.0,14.0,5.0,2.0,0
25.0,0.0,0.0,25.0,5.0,1.0,0
20.0,0.0,0.0,27.0,5.0,1.0,0
7.0,0.0,0.0,9.0,5.0,2.0,0
7.0,0.0,0.0,7.0,5.0,2.0,0
46.0,0.0,0.0,62.0,5.0,3.0,0
39.0,2.6868276680000003,0.0,41.0,5.0,2.0,1
1.0,0.0,0.0,1.0,5.0,1.0,0
2.0,0.0,0.0,2.0,5.0,2.0,0
30.0,0.0,0.0,37.0,5.0,2.0,0
24.0,0.0,2.0,32.0,5.0,2.0,0
30.0,0.0,0.0,30.0,5.0,1.0,0
71.0,1.6934245465,0.0,79.0,5.0,2.0,1
134.0,0.0,2.0,138.0,5.0,2.0,0
3.0,0.0,0.0,5.0,5.0,2.0,1
9.0,0.0,0.0,13.0,5.0,2.0,0
6.0,0.0,0.0,6.0,5.0,1.0,0
1.0,0.0,0.0,1.0,5.0,2.0,0
12.0,0.0,0.0,12.0,5.0,2.0,0
3.0,0.0,0.0,3.0,5.0,1.0,0
13.0,0.0,0.0,14.0,5.0,2.0,1
19.0,0.0,0.0,22.0,5.0,2.0,0
59.0,0.0,2.0,61.0,5.0,2.0,1
98.0,0.0,2.0,107.0,5.0,2.0,0
16.0,4.688880853,0.0,16.0,5.0,1.0,1
89.0,0.0,0.0,89.0,5.0,3.0,0
58.0,0.0,0.0,58.0,5.0,3.0,1
16.0,0.0,0.0,20.0,5.0,2.0,0
33.0,0.0,0.0,35.0,5.0,1.0,0
28.0,1.060563275,0.0,30.0,5.0,1.0,1
152.0,0.0,0.0,157.0,5.0,2.0,0
33.0,0.0,0.0,34.0,5.0,1.0,0
11.0,0.0,0.0,11.0,5.0,1.0,0
118.0,0.0,0.0,125.0,5.0,2.0,0
61.0,0.0,2.0,68.0,5.0,2.0,0
8.0,0.0,2.0,13.0,5.0,2.0,0
17.0,7.578252614999999,0.0,17.0,5.0,2.0,1
8.0,0.0,2.0,12.0,5.0,1.0,0
7.0,0.0,0.0,7.0,5.0,3.0,0
23.0,2.705115408,0.0,24.0,5.0,1.0,1
162.0,2.70243478,0.0,163.0,5.0,2.0,1
283.0,0.0,0.0,284.0,5.0,2.0,0
131.0,0.0,4.0,142.0,5.0,3.0,0
1.0,0.0,0.0,1.0,5.0,2.0,0
31.0,2.6338892325,0.0,31.0,5.0,2.0,1
10.0,0.0,1.0,20.0,5.0,1.0,0
1.0,0.0,0.0,1.0,5.0,1.0,0
106.0,0.0,0.0,107.0,5.0,2.0,1
66.0,0.0,3.0,84.0,5.0,2.0,0
27.0,0.0,4.0,35.0,5.0,3.0,0
6.0,0.0,0.0,6.0,5.0,1.0,1
14.0,0.0,0.0,14.0,5.0,1.0,0
6.0,0.0,0.0,6.0,5.0,1.0,0
4.0,0.0,0.0,4.0,5.0,1.0,0
4.0,0.0,0.0,4.0,5.0,1.0,0
97.0,0.0,1.0,101.0,5.0,3.0,0
89.0,0.25669559264999997,0.0,91.0,5.0,3.0,0
66.0,0.6014522634999999,0.0,70.0,5.0,2.0,0
15.0,0.0,0.0,15.0,5.0,1.0,0
76.0,0.0,4.0,92.0,5.0,2.0,1
127.0,0.10681627924999999,7.0,148.0,5.0,1.0,0
8.0,0.0,0.0,11.0,5.0,1.0,0
11.0,0.0,0.0,11.0,5.0,2.0,0
1.0,0.0,0.0,1.0,5.0,2.0,0
15.0,0.0,0.0,15.0,5.0,3.0,0
6.0,0.0,0.0,7.0,5.0,2.0,0
23.0,0.0,0.0,23.0,5.0,3.0,0
24.0,0.0,0.0,27.0,5.0,2.0,1
143.0,0.0,1.0,144.0,5.0,2.0,0
7.0,0.0,0.0,15.0,5.0,2.0,0
16.0,0.0,6.0,28.0,5.0,3.0,0
1.0,0.0,0.0,1.0,5.0,1.0,0
7.0,0.0,0.0,7.0,5.0,1.0,0
118.0,1.122920893,0.0,130.0,5.0,2.0,1
62.0,0.18318889389999998,1.0,64.0,5.0,1.0,0
15.0,0.0,0.0,15.0,5.0,1.0,0
59.0,0.0,0.0,60.0,5.0,2.0,0
52.0,0.0,2.0,54.0,5.0,1.0,0
85.0,0.0,0.0,87.0,5.0,1.0,0
82.0,0.0,6.0,92.0,5.0,3.0,0
40.0,0.0,0.0,40.0,5.0,3.0,0
1.0,0.0,0.0,1.0,5.0,2.0,0
27.0,0.0,0.0,27.0,5.0,2.0,0
58.0,0.0,1.0,65.0,5.0,2.0,1
36.0,0.0,0.0,36.0,5.0,1.0,0
53.0,0.0,0.0,54.0,5.0,2.0,0
41.0,0.0,2.0,45.0,5.0,2.0,0
109.0,0.0,2.0,111.0,5.0,3.0,0
13.0,0.0,0.0,14.0,5.0,2.0,0
10.0,0.0,0.0,11.0,5.0,1.0,0
237.0,0.1980153148,0.0,242.0,5.0,2.0,1
77.0,0.0,0.0,81.0,5.0,2.0,1
8.0,0.0,0.0,8.0,5.0,1.0,0
55.0,0.0,0.0,59.0,5.0,3.0,0
37.0,0.0,0.0,38.0,5.0,1.0,0
15.0,0.0,0.0,27.0,5.0,1.0,0
58.0,0.06928959194999999,3.0,68.0,5.0,3.0,0
182.0,0.8137557870000001,5.0,200.0,5.0,1.0,0
13.0,2.1110752745,3.0,18.0,5.0,2.0,1
195.0,0.193431666,3.0,212.0,5.0,3.0,1
3.0,0.0,0.0,7.0,5.0,2.0,0
27.0,0.0,0.0,27.0,5.0,3.0,0
8.0,0.0,0.0,8.0,5.0,1.0,0
28.0,0.7014319365,0.0,30.0,5.0,2.0,1
15.0,1.974168558,0.0,15.0,5.0,1.0,0
20.0,1.1067098715,0.0,25.0,5.0,1.0,1
2.0,0.0,0.0,2.0,5.0,2.0,0
25.0,2.4506619425,0.0,27.0,5.0,1.0,0
12.0,0.0,0.0,12.0,5.0,1.0,0
55.0,0.0,0.0,55.0,5.0,2.0,0
38.0,0.0,1.0,44.0,5.0,1.0,1
56.0,0.0,1.0,65.0,5.0,3.0,0
3.0,0.0,0.0,5.0,5.0,1.0,0
3.0,0.0,0.0,3.0,5.0,1.0,0
26.0,2.021163787,0.0,26.0,5.0,2.0,1
54.0,0.0,2.0,67.0,5.0,2.0,0
5.0,0.0,0.0,5.0,5.0,3.0,0
32.0,1.9095336045,0.0,36.0,5.0,2.0,0
80.0,0.0,0.0,86.0,5.0,2.0,0
104.0,0.0,2.0,110.0,5.0,1.0,0
38.0,0.0,0.0,38.0,5.0,3.0,1
27.0,0.0,0.0,31.0,5.0,3.0,0
52.0,0.0,0.0,53.0,5.0,2.0,0
28.0,0.0,0.0,28.0,5.0,1.0,0
29.0,0.0,0.0,32.0,5.0,1.0,0
34.0,0.9834563024999999,0.0,40.0,5.0,1.0,1
8.0,0.0,1.0,9.0,5.0,1.0,0
1.0,0.0,0.0,1.0,5.0,1.0,0
21.0,0.0,0.0,22.0,5.0,2.0,0
9.0,0.0,0.0,9.0,5.0,2.0,0
65.0,0.0,1.0,69.0,5.0,2.0,0
20.0,0.0,0.0,21.0,5.0,1.0,0
20.0,1.6218589134999999,0.0,23.0,5.0,1.0,1
4.0,0.0,0.0,4.0,5.0,1.0,0
21.0,0.0,1.0,28.0,5.0,1.0,0
18.0,0.0,0.0,18.0,5.0,2.0,0
171.0,0.0,0.0,177.0,5.0,1.0,1
1.0,0.0,0.0,1.0,5.0,2.0,0
10.0,0.0,0.0,10.0,5.0,2.0,0
26.0,0.0,5.0,34.0,5.0,2.0,0
46.0,0.0,3.0,53.0,5.0,2.0,0
88.0,0.0,0.0,88.0,5.0,2.0,0
76.0,0.6103900259999999,1.0,86.0,5.0,2.0,0
18.0,0.0,0.0,20.0,5.0,1.0,0
39.0,0.0,0.0,39.0,5.0,3.0,1
8.0,0.0,0.0,8.0,5.0,2.0,0
23.0,0.0,4.0,27.0,5.0,1.0,0
5.0,0.0,2.0,8.0,5.0,1.0,0
12.0,2.12112655,0.0,12.0,5.0,1.0,1
5.0,0.0,2.0,13.0,5.0,2.0,1
47.0,0.0,0.0,47.0,5.0,1.0,0
7.0,2.4681753645,0.0,7.0,5.0,3.0,1
155.0,0.1900644494,0.0,163.0,5.0,2.0,1
92.0,1.186945565,0.0,93.0,5.0,3.0,0
57.0,0.25013348885000003,0.0,66.0,5.0,2.0,1
35.0,0.0,0.0,43.0,5.0,1.0,0
141.0,0.32128788215,0.0,145.0,5.0,1.0,0
101.0,0.175248527,1.0,118.0,5.0,1.0,0
3.0,0.0,0.0,5.0,5.0,2.0,0
37.0,0.0,0.0,37.0,5.0,2.0,0
44.0,0.0,0.0,49.0,5.0,1.0,0
61.0,0.0,0.0,63.0,5.0,3.0,0
56.0,0.0,0.0,62.0,5.0,3.0,1
10.0,3.000671532,0.0,11.0,5.0,1.0,1
9.0,0.0,0.0,10.0,5.0,1.0,0
45.0,2.113395911,0.0,46.0,5.0,1.0,0
11.0,0.0,0.0,11.0,5.0,3.0,0
2.0,0.0,0.0,2.0,5.0,1.0,0
19.0,0.0,0.0,19.0,5.0,1.0,0
31.0,0.0,3.0,34.0,5.0,1.0,0
3.0,0.0,0.0,3.0,5.0,2.0,0
10.0,0.0,0.0,10.0,5.0,3.0,0
3.0,0.0,0.0,3.0,5.0,3.0,0
73.0,0.0,6.0,80.0,5.0,2.0,0
62.0,0.0,3.0,67.0,5.0,1.0,0
22.0,1.398816459,0.0,28.0,5.0,2.0,0
78.0,0.0,0.0,84.0,5.0,3.0,0
30.0,0.0,0.0,30.0,5.0,1.0,0
11.0,0.0,0.0,11.0,5.0,2.0,0
7.0,0.0,0.0,7.0,5.0,2.0,0
11.0,0.0,0.0,12.0,5.0,3.0,0
12.0,0.0,0.0,14.0,5.0,2.0,0
34.0,0.0,0.0,34.0,5.0,3.0,0
92.0,1.611123113,0.0,98.0,5.0,2.0,1
15.0,0.904035721,0.0,23.0,5.0,2.0,0
80.0,1.3205568835,0.0,81.0,5.0,2.0,1
30.0,0.0,2.0,32.0,5.0,1.0,0
131.0,0.0,10.0,148.0,5.0,1.0,0
36.0,1.3895745675,3.0,47.0,5.0,1.0,0
35.0,0.0,0.0,39.0,5.0,1.0,0
55.0,1.1637761025,0.0,60.0,5.0,2.0,1
65.0,0.0,0.0,65.0,5.0,2.0,0
18.0,0.6304566145,2.0,28.0,5.0,2.0,1
3.0,0.0,0.0,3.0,5.0,1.0,0
4.0,0.0,0.0,4.0,5.0,1.0,0
18.0,0.0,1.0,19.0,5.0,2.0,0
9.0,0.0,0.0,9.0,5.0,2.0,0
29.0,1.3129740795,0.0,31.0,5.0,1.0,0
1.0,0.0,0.0,1.0,5.0,3.0,0
46.0,1.3931830015,1.0,50.0,5.0,1.0,0
23.0,0.0,0.0,23.0,5.0,1.0,0
10.0,0.0,1.0,12.0,5.0,3.0,0
10.0,0.0,0.0,10.0,5.0,2.0,0
2.0,0.0,0.0,2.0,5.0,2.0,0
32.0,0.0,0.0,32.0,5.0,1.0,0
38.0,0.6640350405000001,0.0,50.0,5.0,1.0,0
24.0,0.0,0.0,24.0,5.0,3.0,0
34.0,0.0,1.0,35.0,5.0,2.0,0
30.0,1.09823121,2.0,40.0,5.0,1.0,1
10.0,0.0,0.0,10.0,5.0,1.0,0
2.0,0.0,0.0,2.0,5.0,1.0,0
18.0,1.6158558150000002,0.0,19.0,5.0,2.0,1
151.0,0.0,3.0,164.0,5.0,1.0,0
2.0,0.0,0.0,2.0,5.0,2.0,0
11.0,0.0,0.0,18.0,5.0,1.0,0
12.0,0.0,0.0,12.0,5.0,2.0,0
186.0,0.0,2.0,192.0,5.0,3.0,0
10.0,0.0,0.0,10.0,5.0,2.0,0
33.0,2.2032456795,0.0,33.0,5.0,2.0,1
1.0,0.0,0.0,1.0,5.0,1.0,0
13.0,2.07110475,0.0,14.0,5.0,2.0,1
9.0,0.0,0.0,9.0,5.0,1.0,0
10.0,0.0,0.0,10.0,5.0,1.0,0
120.0,0.7091957815,0.0,123.0,5.0,2.0,1
37.0,0.0,0.0,41.0,5.0,2.0,0
21.0,0.0,1.0,24.0,5.0,1.0,0
42.0,6.8468979,0.0,48.0,5.0,1.0,1
14.0,0.0,0.0,14.0,5.0,1.0,0
39.0,0.0,0.0,40.0,5.0,2.0,0
22.0,0.0,0.0,23.0,5.0,1.0,0
7.0,0.0,0.0,7.0,5.0,1.0,0
26.0,0.0,0.0,26.0,5.0,1.0,0
30.0,0.0,0.0,32.0,5.0,1.0,0
100.0,0.0,0.0,101.0,5.0,2.0,0
16.0,0.0,0.0,19.0,5.0,3.0,0
87.0,0.0,4.0,98.0,5.0,2.0,0
6.0,0.0,0.0,6.0,5.0,2.0,0
9.0,0.0,0.0,9.0,5.0,1.0,0
6.0,0.0,0.0,6.0,5.0,2.0,0
12.0,0.0,0.0,12.0,5.0,3.0,0
74.0,3.3633080625,0.0,78.0,5.0,1.0,1
195.0,0.0,3.0,199.0,5.0,1.0,0
24.0,0.728741877,0.0,27.0,5.0,2.0,0
15.0,0.0,0.0,15.0,5.0,2.0,0
19.0,0.0,0.0,19.0,5.0,1.0,0
1.0,0.0,0.0,1.0,5.0,2.0,0
8.0,0.0,0.0,10.0,5.0,2.0,0
33.0,1.2550216305,1.0,41.0,5.0,2.0,0
83.0,0.0,2.0,91.0,5.0,3.0,0
122.0,0.0,1.0,133.0,5.0,2.0,1
9.0,0.0,3.0,12.0,5.0,1.0,0
19.0,0.0,0.0,19.0,5.0,1.0,0
3.0,0.0,0.0,12.0,5.0,1.0,0
34.0,0.0,0.0,35.0,5.0,3.0,0
12.0,0.0,0.0,12.0,5.0,1.0,0
12.0,0.0,0.0,12.0,5.0,1.0,0
68.0,0.0,0.0,71.0,5.0,2.0,0
20.0,0.0,1.0,25.0,5.0,2.0,0
43.0,0.0,0.0,58.0,5.0,1.0,0
2.0,0.0,0.0,2.0,5.0,1.0,0
1.0,0.0,0.0,1.0,5.0,1.0,0
22.0,0.0,2.0,24.0,5.0,2.0,0
3.0,0.0,0.0,6.0,5.0,1.0,0
37.0,0.5889544929999999,0.0,39.0,5.0,1.0,1
55.0,0.0,0.0,55.0,5.0,3.0,0
28.0,0.8731980595,0.0,29.0,5.0,2.0,0
14.0,0.0,0.0,23.0,5.0,2.0,0
103.0,0.0,0.0,105.0,5.0,2.0,0
4.0,0.0,0.0,4.0,5.0,2.0,0
43.0,2.076853207,0.0,45.0,5.0,2.0,0
26.0,0.0,0.0,26.0,5.0,1.0,0
23.0,1.1591525815000001,0.0,24.0,5.0,1.0,1
23.0,1.4691435675,0.0,25.0,5.0,1.0,1
13.0,3.8395186435,0.0,17.0,5.0,1.0,1
81.0,0.0,1.0,82.0,5.0,3.0,1
111.0,0.5108855755,3.0,122.0,5.0,2.0,1
17.0,0.0,0.0,24.0,5.0,1.0,0
25.0,0.0,0.0,32.0,5.0,2.0,0
21.0,0.0,0.0,24.0,5.0,3.0,1
1.0,0.0,0.0,1.0,5.0,2.0,0
25.0,0.1593467505,2.0,30.0,5.0,1.0,0
18.0,0.0,0.0,19.0,5.0,2.0,0
8.0,0.0,0.0,8.0,5.0,2.0,0
30.0,1.7395067929999999,3.0,37.0,5.0,1.0,1
19.0,4.546426085,0.0,19.0,5.0,2.0,1
22.0,0.0,0.0,22.0,5.0,1.0,0
23.0,0.0,0.0,23.0,5.0,2.0,0
41.0,0.39536897725000003,0.0,52.0,5.0,3.0,1
77.0,0.7484743844999999,3.0,84.0,5.0,2.0,1
17.0,0.0,1.0,21.0,5.0,1.0,0
2.0,0.0,0.0,2.0,5.0,2.0,0
42.0,0.0,1.0,47.0,5.0,3.0,0
73.0,0.125795793,0.0,79.0,5.0,2.0,1
22.0,0.0,0.0,26.0,5.0,2.0,0
32.0,0.0,0.0,32.0,5.0,1.0,0
11.0,0.0,0.0,11.0,5.0,2.0,0
23.0,0.0,0.0,23.0,5.0,3.0,1
17.0,0.0,0.0,20.0,5.0,2.0,0
15.0,0.0,0.0,16.0,5.0,2.0,0
23.0,1.2039759540000001,0.0,25.0,5.0,1.0,1
74.0,0.0,1.0,76.0,5.0,3.0,0
82.0,0.0,1.0,87.0,5.0,3.0,0
9.0,0.0,0.0,9.0,5.0,3.0,0
48.0,0.6592505,0.0,48.0,5.0,1.0,1
2.0,0.0,0.0,2.0,5.0,3.0,0
1.0,0.0,0.0,1.0,5.0,2.0,0
42.0,0.0,0.0,42.0,5.0,1.0,0
3.0,0.0,0.0,3.0,5.0,1.0,0
7.0,0.0,0.0,8.0,5.0,2.0,0
27.0,0.39974521455,0.0,37.0,5.0,1.0,1
23.0,0.0,0.0,27.0,5.0,1.0,0
14.0,0.545011683,6.0,28.0,5.0,1.0,0
36.0,0.964933069,1.0,42.0,5.0,1.0,0
9.0,0.0,0.0,17.0,5.0,1.0,0
46.0,0.0,0.0,46.0,5.0,3.0,1
68.0,3.220808035,0.0,68.0,5.0,2.0,0
12.0,0.0,0.0,12.0,5.0,2.0,0
96.0,0.0,3.0,110.0,5.0,1.0,0
264.0,0.44167550135000005,0.0,271.0,5.0,2.0,0
6.0,0.0,0.0,8.0,5.0,1.0,1
13.0,0.0,0.0,20.0,5.0,3.0,0
38.0,0.0,0.0,40.0,5.0,2.0,0
21.0,0.0,0.0,27.0,5.0,3.0,0
26.0,1.0909603620000001,0.0,27.0,5.0,2.0,1
39.0,0.0,0.0,40.0,5.0,3.0,1
110.0,0.5551665514999999,0.0,122.0,5.0,2.0,0
30.0,0.0,0.0,30.0,5.0,3.0,0
42.0,0.2298375525,1.0,45.0,5.0,3.0,1
12.0,0.0,0.0,12.0,5.0,2.0,0
6.0,0.0,0.0,6.0,5.0,2.0,0
20.0,0.0,0.0,20.0,5.0,3.0,1
10.0,0.0,0.0,10.0,5.0,2.0,0
91.0,0.0,0.0,91.0,5.0,2.0,0
26.0,0.0,0.0,29.0,5.0,2.0,0
10.0,0.0,0.0,10.0,5.0,2.0,0
11.0,2.7383147555000003,0.0,12.0,5.0,1.0,1
28.0,0.0,4.0,37.0,5.0,2.0,0
48.0,0.0,0.0,48.0,5.0,1.0,0
24.0,2.3314007985,0.0,28.0,5.0,1.0,0
2.0,0.0,0.0,2.0,5.0,3.0,0
13.0,0.0,0.0,17.0,5.0,2.0,0
8.0,0.0,0.0,8.0,5.0,1.0,0
70.0,0.0,0.0,74.0,5.0,2.0,0
7.0,0.0,0.0,7.0,5.0,1.0,0
79.0,0.0,0.0,79.0,5.0,3.0,1
27.0,2.4464282215,0.0,37.0,5.0,1.0,0
40.0,0.0,0.0,40.0,5.0,2.0,0
3.0,0.0,0.0,3.0,5.0,2.0,0
2.0,0.0,0.0,5.0,5.0,1.0,1
2.0,0.0,0.0,2.0,5.0,1.0,0
9.0,0.0,2.0,20.0,5.0,1.0,0
1.0,0.0,0.0,1.0,5.0,2.0,0
116.0,3.1419788345,0.0,124.0,5.0,2.0,1
374.0,0.32103730480000003,0.0,382.0,5.0,3.0,0
401.0,0.0,4.0,407.0,5.0,2.0,1
11.0,0.0,0.0,15.0,5.0,3.0,0
96.0,0.0,0.0,96.0,5.0,3.0,1
5.0,0.0,0.0,5.0,5.0,3.0,0
85.0,0.0,0.0,87.0,5.0,2.0,1
90.0,0.0,2.0,92.0,5.0,2.0,1
137.0,4.0879229185,0.0,140.0,5.0,1.0,0
10.0,0.0,0.0,13.0,5.0,3.0,0
7.0,0.0,0.0,7.0,5.0,2.0,0
6.0,0.0,0.0,7.0,5.0,2.0,1
1.0,0.0,0.0,1.0,5.0,1.0,0
16.0,0.0,2.0,18.0,5.0,1.0,0
40.0,0.0,0.0,40.0,5.0,2.0,0
64.0,2.4303118425,3.0,78.0,5.0,2.0,1
35.0,0.0,0.0,37.0,5.0,1.0,0
7.0,0.0,0.0,9.0,5.0,3.0,0
4.0,0.0,0.0,4.0,5.0,1.0,0
48.0,0.0,0.0,55.0,5.0,3.0,0
5.0,0.0,0.0,7.0,5.0,1.0,1
39.0,0.7471896655,0.0,42.0,5.0,2.0,1
41.0,1.353923467,0.0,48.0,5.0,1.0,1
14.0,0.0,0.0,14.0,5.0,2.0,0
224.0,0.0,4.0,229.0,5.0,2.0,1
21.0,0.0,0.0,21.0,5.0,1.0,0
155.0,0.18632651155,1.0,168.0,5.0,2.0,1
66.0,3.1202881205,0.0,70.0,5.0,2.0,0
7.0,0.0,0.0,7.0,5.0,1.0,0
1.0,0.0,0.0,1.0,5.0,2.0,0
43.0,0.9039011029999999,2.0,53.0,5.0,1.0,1
81.0,0.821892328,0.0,91.0,5.0,3.0,0
33.0,0.0,0.0,33.0,5.0,1.0,0
13.0,0.0,0.0,13.0,5.0,3.0,0
100.0,0.0,3.0,111.0,5.0,3.0,0
29.0,0.0,0.0,29.0,5.0,2.0,1
9.0,0.0,0.0,9.0,5.0,1.0,0
152.0,0.03947958975,0.0,158.0,5.0,3.0,0
248.0,0.06333295850000001,4.0,253.0,5.0,2.0,1
119.0,0.0,1.0,120.0,5.0,3.0,0
37.0,0.0,1.0,44.0,5.0,2.0,0
22.0,2.7784837799999997,0.0,22.0,5.0,3.0,1
25.0,0.0,0.0,26.0,5.0,3.0,0
87.0,0.08866846665,0.0,100.0,5.0,1.0,0
237.0,0.0,0.0,244.0,5.0,2.0,0
13.0,0.0,0.0,13.0,5.0,1.0,0
65.0,0.33209557095000003,2.0,68.0,5.0,2.0,1
27.0,0.0,2.0,29.0,5.0,3.0,0
10.0,0.0,1.0,11.0,5.0,1.0,0
23.0,0.0,0.0,23.0,5.0,1.0,0
117.0,0.1507012792,1.0,123.0,5.0,2.0,0
22.0,0.0,0.0,23.0,5.0,2.0,0
11.0,0.0,0.0,13.0,5.0,2.0,0
6.0,0.0,0.0,6.0,5.0,1.0,0
1.0,0.0,0.0,1.0,5.0,1.0,0
11.0,0.0,0.0,11.0,5.0,2.0,0
48.0,0.0,2.0,50.0,5.0,1.0,0
16.0,0.0,0.0,16.0,5.0,3.0,0
22.0,0.0,0.0,22.0,5.0,2.0,0
7.0,0.0,0.0,7.0,5.0,2.0,0
81.0,0.7692164810000001,1.0,93.0,5.0,2.0,1
19.0,0.0,0.0,19.0,5.0,2.0,0
81.0,0.0,0.0,84.0,5.0,2.0,0
220.0,0.0,2.0,232.0,5.0,2.0,0
55.0,0.0,0.0,60.0,5.0,3.0,0
39.0,0.0,5.0,47.0,5.0,1.0,0
33.0,0.48470770329999996,0.0,35.0,5.0,1.0,0
1.0,0.0,2.0,3.0,5.0,2.0,0
52.0,2.032835617,0.0,63.0,5.0,2.0,0
2.0,0.0,0.0,2.0,5.0,2.0,0
1.0,0.0,0.0,1.0,5.0,1.0,0
8.0,0.0,0.0,16.0,5.0,3.0,1
15.0,0.0,0.0,19.0,5.0,2.0,0
29.0,1.9797181135,0.0,31.0,5.0,1.0,1
33.0,0.906694141,0.0,38.0,5.0,2.0,0
109.0,0.0,2.0,111.0,5.0,2.0,1
16.0,0.0,2.0,18.0,5.0,3.0,0
9.0,0.0,0.0,9.0,5.0,2.0,0
24.0,0.0,0.0,24.0,5.0,3.0,0
82.0,0.0,0.0,83.0,5.0,2.0,0
222.0,0.23948613124999998,0.0,222.0,5.0,3.0,0
8.0,0.0,0.0,8.0,5.0,2.0,0
31.0,0.8576249685,0.0,33.0,5.0,1.0,1
76.0,0.0,3.0,88.0,5.0,2.0,0
15.0,0.0,0.0,15.0,5.0,3.0,0
279.0,0.032589090700000004,0.0,284.0,5.0,3.0,0
32.0,2.3997833625,0.0,41.0,5.0,2.0,1
64.0,4.1893255830000005,5.0,85.0,5.0,3.0,0
21.0,0.0,0.0,22.0,5.0,2.0,0
49.0,0.0,3.0,55.0,5.0,2.0,0
178.0,0.0,4.0,200.0,5.0,2.0,1
74.0,0.0,1.0,76.0,5.0,2.0,0
122.0,1.9876249959999999,0.0,128.0,5.0,1.0,0
72.0,0.0,2.0,74.0,5.0,1.0,0
5.0,0.0,0.0,5.0,5.0,2.0,0
47.0,0.0,0.0,51.0,5.0,2.0,0
2.0,0.0,0.0,2.0,5.0,2.0,0
18.0,1.9169971749999999,0.0,19.0,5.0,1.0,1
10.0,0.0,0.0,12.0,5.0,1.0,0
47.0,0.0995394336,0.0,47.0,5.0,1.0,0
22.0,0.6472193325,0.0,31.0,5.0,1.0,1
12.0,0.0,0.0,13.0,5.0,3.0,0
12.0,0.0,0.0,19.0,5.0,3.0,0
15.0,0.0,0.0,15.0,5.0,3.0,0
10.0,0.0,0.0,13.0,5.0,1.0,0
9.0,0.0,0.0,10.0,5.0,3.0,0
2.0,0.0,0.0,2.0,5.0,1.0,0
20.0,0.0,2.0,23.0,5.0,1.0,0
34.0,1.4056836735,0.0,38.0,5.0,3.0,1
12.0,0.0,0.0,12.0,5.0,2.0,0
1.0,0.0,0.0,1.0,5.0,2.0,0
24.0,0.0,0.0,24.0,5.0,1.0,0
50.0,0.2401652866,0.0,51.0,5.0,3.0,1
1.0,0.0,0.0,1.0,5.0,2.0,0
27.0,0.0,0.0,35.0,5.0,1.0,0
6.0,2.2221807,0.0,6.0,5.0,1.0,1
10.0,0.942722911,0.0,10.0,5.0,2.0,1
15.0,0.0,0.0,18.0,5.0,3.0,0
32.0,4.3874893505,0.0,33.0,5.0,1.0,1
12.0,0.0,0.0,12.0,5.0,1.0,0
85.0,1.8711688245000002,0.0,87.0,5.0,3.0,0
17.0,0.0,0.0,21.0,5.0,2.0,0
24.0,0.0,0.0,30.0,5.0,1.0,0
29.0,0.0,0.0,29.0,5.0,1.0,0
22.0,3.1258321465,0.0,24.0,5.0,1.0,0
4.0,0.0,0.0,4.0,5.0,2.0,0
4.0,0.0,0.0,4.0,5.0,1.0,0
26.0,0.0,6.0,35.0,5.0,1.0,0
132.0,0.0,4.0,139.0,5.0,2.0,1
18.0,0.0,0.0,26.0,5.0,1.0,0
10.0,0.0,0.0,12.0,5.0,2.0,0
101.0,1.6069611080000001,0.0,108.0,5.0,2.0,0
4.0,0.0,0.0,10.0,5.0,1.0,0
39.0,0.0,1.0,40.0,5.0,2.0,0
74.0,0.0,1.0,76.0,5.0,2.0,0
72.0,0.0,4.0,79.0,5.0,2.0,0
5.0,0.0,0.0,5.0,5.0,2.0,0
14.0,0.0,0.0,18.0,5.0,1.0,0
37.0,0.0,0.0,37.0,5.0,1.0,0
18.0,0.0,0.0,22.0,5.0,3.0,0
45.0,0.0,2.0,47.0,5.0,1.0,0
36.0,0.0,0.0,36.0,5.0,3.0,0
33.0,3.8987290045000003,0.0,35.0,5.0,1.0,1
6.0,0.0,0.0,6.0,5.0,3.0,0
20.0,0.0,0.0,24.0,5.0,1.0,0
5.0,0.0,0.0,6.0,5.0,2.0,0
20.0,0.0,0.0,20.0,5.0,1.0,0
1.0,0.0,0.0,1.0,5.0,1.0,0
57.0,0.0,0.0,57.0,5.0,3.0,0
32.0,0.5028043154999999,0.0,33.0,5.0,1.0,0
7.0,0.0,0.0,7.0,5.0,1.0,0
9.0,0.0,0.0,9.0,5.0,1.0,0
30.0,0.0,1.0,33.0,5.0,2.0,0
120.0,0.8481585494999999,3.0,124.0,5.0,2.0,1
44.0,0.0,0.0,45.0,5.0,2.0,0
5.0,0.0,0.0,5.0,5.0,1.0,0
11.0,0.0,0.0,12.0,5.0,1.0,0
7.0,0.0,0.0,7.0,5.0,1.0,1
103.0,0.0,1.0,106.0,5.0,3.0,0
2.0,0.0,0.0,2.0,5.0,1.0,0
31.0,2.009224395,0.0,33.0,5.0,1.0,0
2.0,0.0,0.0,2.0,5.0,2.0,0
8.0,0.0,0.0,8.0,5.0,1.0,0
11.0,0.18643712845,0.0,13.0,5.0,1.0,0
29.0,0.0,0.0,29.0,5.0,2.0,0
34.0,0.0,0.0,37.0,5.0,2.0,0
14.0,0.0,1.0,15.0,5.0,2.0,0
20.0,0.0,0.0,20.0,5.0,2.0,0
9.0,3.7754166284999995,0.0,11.0,5.0,1.0,1
21.0,0.0,0.0,21.0,5.0,1.0,0
1.0,0.0,0.0,1.0,5.0,2.0,0
11.0,4.39514803,0.0,17.0,5.0,1.0,1
4.0,0.0,0.0,4.0,5.0,1.0,0
14.0,0.0,0.0,17.0,5.0,2.0,0
65.0,0.0,0.0,65.0,5.0,3.0,0
10.0,0.49525718725,0.0,11.0,5.0,1.0,1
47.0,0.0,0.0,48.0,5.0,2.0,0
73.0,0.0,0.0,73.0,5.0,2.0,1
5.0,0.0,0.0,5.0,5.0,2.0,0
2.0,0.0,0.0,2.0,5.0,2.0,0
11.0,0.0,0.0,16.0,5.0,3.0,0
14.0,0.0,0.0,16.0,5.0,2.0,1
111.0,0.31226989055,8.0,132.0,5.0,2.0,0
36.0,1.069783414,0.0,42.0,5.0,2.0,1
94.0,0.0,0.0,99.0,5.0,1.0,0
36.0,0.0,0.0,37.0,5.0,1.0,0
1.0,0.0,0.0,1.0,5.0,2.0,0
1.0,0.0,0.0,1.0,5.0,1.0,0
37.0,0.0,2.0,43.0,5.0,2.0,0
30.0,0.0,2.0,32.0,5.0,2.0,1
112.0,0.0,4.0,122.0,5.0,1.0,0
29.0,0.0,0.0,34.0,5.0,2.0,0
27.0,0.3934490474,0.0,29.0,5.0,2.0,1
76.0,0.0,0.0,76.0,5.0,2.0,0
1.0,0.0,0.0,1.0,5.0,1.0,0
2.0,0.0,0.0,2.0,5.0,1.0,0
8.0,0.0,0.0,8.0,5.0,1.0,0
15.0,3.1967532094999997,0.0,16.0,5.0,1.0,1
49.0,0.0,4.0,56.0,5.0,1.0,0
14.0,0.0,0.0,14.0,5.0,2.0,0
12.0,0.0,0.0,12.0,5.0,3.0,0
53.0,0.44433242665000006,0.0,67.0,5.0,2.0,0
281.0,0.0,10.0,296.0,5.0,1.0,0
25.0,0.0,4.0,29.0,5.0,2.0,1
23.0,0.0,0.0,23.0,5.0,1.0,0
10.0,0.0,0.0,13.0,5.0,1.0,0
13.0,0.0,0.0,13.0,5.0,2.0,0
14.0,0.0,0.0,14.0,5.0,2.0,0
5.0,0.0,0.0,8.0,5.0,2.0,0
21.0,0.706634423,0.0,21.0,5.0,1.0,1
52.0,0.30144270510000004,0.0,53.0,5.0,3.0,1
176.0,0.4422844767,3.0,180.0,5.0,3.0,0
5.0,0.0,0.0,5.0,5.0,2.0,0
17.0,3.053603698,0.0,17.0,5.0,2.0,1
18.0,0.0,0.0,19.0,5.0,1.0,0
9.0,0.0,0.0,12.0,5.0,2.0,0
23.0,0.2140151098,0.0,23.0,5.0,2.0,0
38.0,0.0,0.0,38.0,5.0,2.0,0
69.0,0.0,3.0,79.0,5.0,1.0,0
13.0,0.0,0.0,13.0,5.0,1.0,0
2.0,0.0,0.0,2.0,5.0,1.0,0
6.0,0.0,0.0,6.0,5.0,1.0,0
1.0,0.0,0.0,1.0,5.0,2.0,0
9.0,0.0,0.0,9.0,5.0,2.0,0
175.0,0.8320497015000001,6.0,187.0,5.0,2.0,1
227.0,0.0,3.0,232.0,5.0,2.0,0
87.0,0.0,0.0,87.0,5.0,1.0,0
113.0,0.0,0.0,118.0,5.0,2.0,0
11.0,0.0,4.0,17.0,5.0,1.0,0
33.0,2.5933301255,0.0,40.0,5.0,2.0,1
11.0,3.143415569,1.0,13.0,5.0,2.0,1
15.0,0.0,0.0,18.0,5.0,3.0,0
141.0,0.0,2.0,143.0,5.0,1.0,0
14.0,0.0,0.0,14.0,5.0,1.0,0
3.0,0.0,0.0,5.0,5.0,1.0,0
15.0,0.0,0.0,15.0,5.0,3.0,1
1.0,0.0,0.0,1.0,5.0,2.0,0
12.0,0.0,0.0,14.0,5.0,1.0,0
2.0,0.0,0.0,2.0,5.0,3.0,0
109.0,0.5662781135,1.0,113.0,5.0,2.0,1
5.0,0.0,0.0,5.0,5.0,2.0,0
12.0,0.0,0.0,13.0,5.0,2.0,0
83.0,0.0,2.0,88.0,5.0,3.0,1
15.0,0.0,0.0,20.0,5.0,2.0,0
95.0,0.0,0.0,96.0,5.0,1.0,0
15.0,0.0,0.0,17.0,5.0,2.0,0
12.0,0.0,0.0,12.0,5.0,2.0,0
12.0,0.0,0.0,15.0,5.0,1.0,0
3.0,0.0,0.0,3.0,5.0,1.0,0
10.0,0.0,0.0,10.0,5.0,2.0,0
3.0,0.0,0.0,3.0,5.0,2.0,0
17.0,0.0,0.0,17.0,5.0,2.0,0
3.0,0.0,0.0,3.0,5.0,2.0,0
30.0,0.0,4.0,43.0,5.0,2.0,0
42.0,0.0,0.0,42.0,5.0,3.0,1
9.0,0.0,1.0,15.0,5.0,1.0,0
36.0,0.0,0.0,39.0,5.0,1.0,0
6.0,0.0,0.0,6.0,5.0,1.0,0
34.0,0.16111308515,1.0,40.0,5.0,2.0,0
35.0,1.8477503160000002,0.0,36.0,5.0,2.0,1
27.0,0.0,1.0,30.0,5.0,3.0,1
4.0,0.0,0.0,6.0,5.0,1.0,0
152.0,0.0,2.0,154.0,5.0,2.0,0
3.0,0.0,0.0,7.0,5.0,2.0,0
9.0,0.0,0.0,9.0,5.0,2.0,0
106.0,0.0,0.0,111.0,5.0,1.0,0
2.0,0.0,0.0,2.0,5.0,1.0,0
29.0,1.645650457,0.0,34.0,5.0,2.0,1
22.0,1.115563162,2.0,33.0,5.0,3.0,1
27.0,0.0,0.0,30.0,5.0,2.0,0
12.0,2.252777433,0.0,12.0,5.0,2.0,0
9.0,0.0,0.0,13.0,5.0,1.0,0
20.0,0.0,0.0,25.0,5.0,1.0,0
5.0,0.0,0.0,5.0,5.0,2.0,0
12.0,0.0,0.0,12.0,5.0,2.0,0
21.0,0.0,0.0,21.0,5.0,1.0,0
22.0,0.0,2.0,35.0,5.0,2.0,0
50.0,0.0,0.0,53.0,5.0,3.0,0
2.0,0.0,0.0,2.0,5.0,2.0,0
1.0,0.0,0.0,1.0,5.0,2.0,0
11.0,0.0,0.0,11.0,5.0,2.0,0
19.0,0.0,0.0,19.0,5.0,2.0,1
35.0,0.989228132,0.0,42.0,5.0,1.0,0
48.0,0.0,0.0,54.0,5.0,2.0,1
73.0,0.0,2.0,81.0,5.0,1.0,0
7.0,0.0,0.0,7.0,5.0,2.0,0
234.0,1.051616796,0.0,239.0,5.0,2.0,1
6.0,0.0,0.0,6.0,5.0,2.0,1
25.0,0.0,1.0,37.0,5.0,1.0,0
33.0,0.2887392582,0.0,34.0,5.0,1.0,1
1.0,0.0,0.0,1.0,5.0,1.0,0
47.0,0.0,0.0,47.0,5.0,1.0,0
24.0,0.0,1.0,25.0,5.0,2.0,0
337.0,0.0,0.0,338.0,5.0,2.0,0
2.0,0.0,0.0,4.0,5.0,1.0,0
53.0,0.0,2.0,64.0,5.0,1.0,0
4.0,0.0,0.0,4.0,5.0,2.0,0
21.0,1.1666196025,0.0,21.0,5.0,2.0,0
4.0,2.303468656,0.0,4.0,5.0,1.0,1
14.0,0.0,0.0,14.0,5.0,3.0,0
15.0,0.0,0.0,15.0,5.0,2.0,0
2.0,0.0,0.0,2.0,5.0,1.0,0
1.0,0.0,0.0,1.0,5.0,1.0,0
15.0,0.0,0.0,15.0,5.0,2.0,0
6.0,0.0,0.0,11.0,5.0,1.0,0
7.0,13.539234655000001,0.0,7.0,5.0,2.0,1
3.0,0.0,1.0,5.0,5.0,1.0,0
2.0,0.0,1.0,4.0,5.0,1.0,0
18.0,0.0,0.0,18.0,5.0,2.0,0
5.0,0.0,0.0,8.0,5.0,1.0,0
1.0,0.0,0.0,1.0,5.0,3.0,0
199.0,0.1506090911,0.0,208.0,5.0,2.0,1
16.0,0.0,0.0,18.0,5.0,1.0,0
57.0,0.0,0.0,57.0,5.0,2.0,0
14.0,0.0,0.0,22.0,5.0,1.0,0
96.0,0.0,4.0,100.0,5.0,3.0,0
1.0,0.0,0.0,1.0,5.0,1.0,0
148.0,0.0,0.0,149.0,5.0,2.0,0
130.0,0.0,2.0,136.0,5.0,2.0,0
85.0,0.0511275289,2.0,96.0,5.0,2.0,1
7.0,0.0,0.0,7.0,5.0,1.0,0
102.0,0.0,2.0,104.0,5.0,3.0,1
129.0,0.0,2.0,135.0,5.0,1.0,0
5.0,0.0,0.0,11.0,5.0,3.0,0
41.0,0.0,1.0,42.0,5.0,2.0,0
2.0,0.0,0.0,2.0,5.0,2.0,0
28.0,0.0,0.0,32.0,5.0,2.0,0
27.0,0.0,0.0,29.0,5.0,3.0,0
43.0,0.0,0.0,48.0,5.0,2.0,0
2.0,0.0,0.0,6.0,5.0,1.0,0
22.0,0.0,0.0,23.0,5.0,2.0,0
33.0,0.0,0.0,33.0,5.0,2.0,0
2.0,0.0,0.0,2.0,5.0,1.0,0
24.0,0.0,1.0,27.0,5.0,1.0,0
102.0,0.0,2.0,116.0,5.0,3.0,0
4.0,0.0,0.0,4.0,5.0,1.0,0
43.0,0.0,0.0,47.0,5.0,1.0,0
11.0,0.0,2.0,16.0,5.0,1.0,0
12.0,0.0,0.0,12.0,5.0,2.0,0
132.0,0.45969946110000004,2.0,141.0,5.0,1.0,0
190.0,0.0,0.0,193.0,5.0,2.0,0
170.0,0.22351488425000002,0.0,184.0,5.0,3.0,1
96.0,0.0,0.0,103.0,5.0,3.0,0
142.0,0.0,3.0,153.0,5.0,3.0,0
86.0,0.11782186459999999,4.0,102.0,5.0,1.0,0
26.0,0.0,0.0,30.0,5.0,2.0,1
60.0,1.016274067,0.0,71.0,5.0,2.0,0
104.0,7.072952689999999,1.0,106.0,5.0,2.0,1
14.0,0.0,0.0,14.0,5.0,2.0,0
39.0,0.0,0.0,41.0,5.0,1.0,0
42.0,1.3327079895,2.0,50.0,5.0,2.0,0
21.0,1.5418742945,0.0,26.0,5.0,1.0,1
116.0,0.0,5.0,122.0,5.0,2.0,1
12.0,0.0,0.0,12.0,5.0,1.0,0
0.0,0.0,0.0,0.0,5.0,2.0,0
122.0,0.0,7.0,136.0,5.0,2.0,0
12.0,0.0,0.0,12.0,5.0,2.0,0
11.0,0.0,0.0,16.0,5.0,1.0,0
38.0,0.0,2.0,48.0,5.0,1.0,0
18.0,2.879537925,0.0,19.0,5.0,3.0,1
133.0,0.0,2.0,149.0,5.0,1.0,0
7.0,0.0,0.0,7.0,5.0,1.0,0
37.0,0.0,0.0,37.0,5.0,1.0,0
3.0,0.0,0.0,3.0,5.0,2.0,0
63.0,0.0,0.0,63.0,5.0,2.0,0
9.0,0.0,0.0,10.0,5.0,1.0,0
15.0,0.0,0.0,17.0,5.0,1.0,0
10.0,0.0,0.0,12.0,5.0,3.0,1
13.0,0.0,0.0,17.0,5.0,1.0,0
9.0,0.0,0.0,9.0,5.0,2.0,0
20.0,0.0,0.0,20.0,5.0,2.0,0
25.0,0.0,0.0,25.0,5.0,2.0,0
11.0,0.0,0.0,11.0,5.0,2.0,0
6.0,0.0,0.0,6.0,5.0,3.0,0
12.0,0.0,0.0,15.0,5.0,1.0,0
20.0,2.0567165645,0.0,21.0,5.0,2.0,0
41.0,0.0,0.0,42.0,5.0,1.0,0
261.0,0.04759668735,4.0,271.0,5.0,2.0,1
4.0,0.0,0.0,4.0,5.0,2.0,0
84.0,0.37386940565,5.0,95.0,5.0,2.0,1
7.0,0.0,0.0,9.0,5.0,1.0,0
2.0,0.0,0.0,2.0,5.0,1.0,0
57.0,0.0,0.0,64.0,5.0,2.0,1
11.0,0.0,0.0,11.0,5.0,1.0,0
112.0,0.0,0.0,112.0,5.0,2.0,0
10.0,0.0,4.0,23.0,5.0,2.0,0
22.0,0.0,0.0,30.0,5.0,1.0,0
6.0,0.0,0.0,8.0,5.0,1.0,0
6.0,0.0,0.0,6.0,5.0,1.0,0
10.0,0.0,0.0,10.0,5.0,3.0,0
164.0,0.29365003945,3.0,167.0,5.0,1.0,0
7.0,0.0,0.0,7.0,5.0,3.0,0
30.0,0.0,0.0,33.0,5.0,1.0,0
109.0,0.0,1.0,111.0,5.0,2.0,0
116.0,0.0,1.0,117.0,5.0,1.0,0
75.0,1.0024210505,3.0,89.0,5.0,2.0,1
151.0,0.20374604994999998,3.0,157.0,5.0,1.0,0
6.0,0.0,0.0,6.0,5.0,2.0,0
13.0,0.0,0.0,13.0,5.0,2.0,0
32.0,0.781865717,0.0,32.0,5.0,1.0,0
35.0,0.0,0.0,35.0,5.0,3.0,0
118.0,0.152995306,0.0,118.0,5.0,3.0,1
20.0,0.0,0.0,20.0,5.0,2.0,0
81.0,0.03011164075,0.0,83.0,5.0,1.0,1
14.0,0.0,0.0,14.0,5.0,1.0,0
106.0,0.0,0.0,115.0,5.0,2.0,0
290.0,0.0,3.0,296.0,5.0,3.0,0
1.0,0.0,0.0,1.0,5.0,2.0,0
4.0,0.0,0.0,4.0,5.0,3.0,0
87.0,0.0,3.0,90.0,5.0,1.0,0
17.0,0.0,0.0,17.0,5.0,2.0,0
189.0,1.9646081304999998,0.0,192.0,5.0,2.0,1
42.0,0.0,0.0,42.0,5.0,1.0,0
30.0,1.7074209785,0.0,30.0,5.0,1.0,1
5.0,0.0,0.0,5.0,5.0,1.0,0
7.0,0.0,0.0,11.0,5.0,3.0,1
70.0,0.5267957575,1.0,75.0,5.0,3.0,1
37.0,0.0,0.0,38.0,5.0,3.0,0
17.0,0.0,0.0,21.0,5.0,1.0,0
40.0,0.0,1.0,41.0,5.0,2.0,0
100.0,0.0,3.0,107.0,5.0,1.0,0
11.0,0.0,0.0,11.0,5.0,1.0,0
28.0,0.0,2.0,30.0,5.0,1.0,1
1.0,0.0,0.0,1.0,5.0,1.0,0
18.0,0.0,0.0,18.0,5.0,3.0,1
103.0,0.0,0.0,104.0,5.0,2.0,0
25.0,0.0,1.0,31.0,5.0,1.0,0
1.0,0.0,0.0,1.0,5.0,1.0,0
0.0,0.0,1.0,1.0,5.0,2.0,0
12.0,0.0,0.0,12.0,5.0,1.0,0
62.0,0.0,0.0,65.0,5.0,1.0,0
11.0,0.0,0.0,11.0,5.0,2.0,0
0.0,0.0,0.0,2.0,5.0,1.0,0
32.0,0.0,0.0,34.0,5.0,3.0,0
8.0,1.3225231855000001,1.0,10.0,5.0,2.0,0
17.0,0.0,0.0,21.0,5.0,3.0,0
30.0,0.0,0.0,30.0,5.0,3.0,0
31.0,0.0,0.0,36.0,5.0,2.0,0
131.0,0.0,1.0,132.0,5.0,1.0,0
6.0,0.0,0.0,6.0,5.0,3.0,0
21.0,1.7138542765,1.0,22.0,5.0,2.0,1
9.0,0.0,0.0,9.0,5.0,2.0,0
2.0,0.0,0.0,2.0,5.0,2.0,0
41.0,0.0,0.0,42.0,5.0,2.0,0
9.0,1.9416922815,0.0,9.0,5.0,1.0,1
5.0,0.0,0.0,5.0,5.0,2.0,1
14.0,0.0,0.0,14.0,5.0,2.0,0
44.0,0.0,0.0,44.0,5.0,2.0,0
16.0,0.0,0.0,16.0,5.0,2.0,0
17.0,0.0,0.0,17.0,5.0,2.0,0
95.0,0.29660045065,1.0,105.0,5.0,2.0,1
10.0,0.0,0.0,10.0,5.0,1.0,0
1.0,0.0,0.0,2.0,5.0,2.0,0
25.0,0.0,0.0,39.0,5.0,2.0,0
107.0,0.07259339305,6.0,126.0,5.0,2.0,1
56.0,1.4084465335,2.0,59.0,5.0,3.0,0
14.0,0.0,1.0,15.0,5.0,2.0,0
4.0,0.0,0.0,4.0,5.0,2.0,0
1.0,0.0,0.0,1.0,5.0,2.0,0
5.0,0.0,1.0,6.0,5.0,2.0,0
36.0,0.0,0.0,39.0,5.0,1.0,0
9.0,0.0,0.0,9.0,5.0,1.0,0
38.0,0.0,0.0,38.0,5.0,1.0,0
19.0,0.0,0.0,19.0,5.0,3.0,0
3.0,0.0,0.0,8.0,5.0,2.0,0
27.0,0.0,0.0,27.0,5.0,2.0,0
128.0,0.0,4.0,142.0,5.0,2.0,0
14.0,0.0,0.0,24.0,5.0,1.0,0
15.0,4.646974965,0.0,15.0,5.0,3.0,1
17.0,0.0,0.0,20.0,5.0,1.0,0
2.0,0.0,0.0,2.0,5.0,1.0,0
19.0,0.3354450301,0.0,22.0,5.0,1.0,1
75.0,0.22263322470000002,3.0,92.0,5.0,2.0,0
84.0,0.0,0.0,84.0,5.0,3.0,0
8.0,0.0,0.0,8.0,5.0,2.0,0
336.0,0.05894949745,3.0,351.0,5.0,2.0,1
30.0,0.9657125504999999,0.0,33.0,5.0,1.0,1
336.0,0.0033524773,6.0,356.0,5.0,2.0,1
1.0,0.0,0.0,1.0,5.0,1.0,0
16.0,0.0,0.0,17.0,5.0,2.0,0
123.0,0.16515299845,0.0,124.0,5.0,2.0,0
6.0,0.0,0.0,15.0,5.0,3.0,0
1.0,0.0,0.0,1.0,5.0,1.0,0
102.0,0.0,0.0,111.0,5.0,3.0,0
29.0,0.0,0.0,29.0,5.0,2.0,0
6.0,0.0,0.0,6.0,5.0,1.0,0
10.0,0.0,0.0,10.0,5.0,1.0,0
1.0,0.0,0.0,1.0,5.0,2.0,0
31.0,0.0,2.0,38.0,5.0,3.0,0
61.0,0.0,0.0,62.0,5.0,2.0,0
64.0,0.0,1.0,73.0,5.0,2.0,0
61.0,0.0,0.0,63.0,5.0,1.0,0
33.0,0.0,0.0,33.0,5.0,2.0,0
13.0,0.0,0.0,13.0,5.0,2.0,0
66.0,0.49145572885,0.0,71.0,5.0,1.0,0
15.0,0.0,0.0,18.0,5.0,2.0,0
8.0,0.0,0.0,13.0,5.0,1.0,0
16.0,0.0,0.0,16.0,5.0,1.0,0
32.0,1.380701518,0.0,41.0,5.0,2.0,0
7.0,0.0,0.0,7.0,5.0,1.0,0
6.0,0.0,0.0,6.0,5.0,1.0,0
1.0,0.0,0.0,1.0,5.0,1.0,0
8.0,0.6821502315,0.0,16.0,5.0,1.0,1
22.0,0.609433503,1.0,23.0,5.0,1.0,1
12.0,0.0,0.0,12.0,5.0,1.0,0
22.0,0.0,0.0,22.0,5.0,3.0,1
30.0,0.0,0.0,36.0,5.0,2.0,0
33.0,0.0,0.0,33.0,5.0,2.0,0
132.0,0.0,4.0,139.0,5.0,3.0,1
3.0,0.0,0.0,3.0,5.0,2.0,0
7.0,0.0,0.0,7.0,5.0,2.0,0
11.0,0.8080289620000001,0.0,11.0,5.0,1.0,1
38.0,1.101035791,0.0,47.0,5.0,3.0,1
15.0,0.0,0.0,18.0,5.0,2.0,0
7.0,0.0,0.0,7.0,5.0,3.0,0
36.0,0.0,0.0,38.0,5.0,1.0,0
118.0,0.11351790295,0.0,127.0,5.0,2.0,0
72.0,0.0,0.0,74.0,5.0,2.0,0
15.0,0.0,0.0,15.0,5.0,1.0,0
7.0,0.0,0.0,7.0,5.0,2.0,0
6.0,0.0,0.0,6.0,5.0,2.0,0
23.0,0.0,0.0,24.0,5.0,1.0,0
5.0,0.0,1.0,18.0,5.0,1.0,0
12.0,0.0,0.0,12.0,5.0,2.0,0
7.0,0.0,1.0,9.0,5.0,1.0,0
69.0,0.27801352690000003,0.0,76.0,5.0,2.0,1
32.0,0.0,0.0,32.0,5.0,2.0,0
14.0,0.0,0.0,17.0,5.0,3.0,0
13.0,0.0,0.0,13.0,5.0,3.0,0
5.0,0.0,0.0,8.0,5.0,2.0,0
9.0,0.0,0.0,9.0,5.0,1.0,0
41.0,0.0,2.0,48.0,5.0,1.0,0
21.0,0.0,0.0,21.0,5.0,1.0,0
31.0,0.0,1.0,32.0,5.0,1.0,0
44.0,0.0,0.0,49.0,5.0,1.0,0
4.0,0.0,0.0,4.0,5.0,1.0,0
51.0,0.0,0.0,51.0,5.0,2.0,0
14.0,0.0,0.0,18.0,5.0,3.0,0
7.0,2.8289386715,0.0,7.0,5.0,2.0,1
8.0,0.0,4.0,14.0,5.0,1.0,0
10.0,0.0,0.0,15.0,5.0,2.0,0
10.0,0.0,0.0,14.0,5.0,2.0,0
61.0,0.0,0.0,67.0,5.0,1.0,1
13.0,0.0,0.0,15.0,5.0,1.0,0
3.0,0.0,0.0,3.0,5.0,2.0,0
3.0,0.0,0.0,3.0,5.0,2.0,0
5.0,0.0,0.0,5.0,5.0,1.0,0
11.0,0.0,2.0,15.0,5.0,1.0,0
60.0,0.8218186425,0.0,62.0,5.0,2.0,1
28.0,0.0,0.0,28.0,5.0,2.0,0
1.0,0.0,0.0,1.0,5.0,2.0,0
36.0,0.0,0.0,38.0,5.0,2.0,0
2.0,0.0,0.0,2.0,5.0,1.0,0
11.0,0.0,0.0,11.0,5.0,2.0,0
71.0,0.0,2.0,78.0,5.0,3.0,0
44.0,0.0,0.0,44.0,5.0,1.0,0
64.0,0.0,9.0,77.0,5.0,1.0,0
55.0,0.0,0.0,55.0,5.0,2.0,0
136.0,0.0,0.0,138.0,5.0,1.0,0
11.0,0.0,0.0,14.0,5.0,1.0,0
12.0,0.0,0.0,12.0,5.0,2.0,0
11.0,0.0,0.0,12.0,5.0,2.0,0
4.0,0.0,0.0,4.0,5.0,1.0,0
33.0,0.0,1.0,37.0,5.0,1.0,0
6.0,0.0,0.0,7.0,5.0,1.0,0
1.0,0.0,0.0,1.0,5.0,2.0,0
13.0,0.0,2.0,17.0,5.0,1.0,0
45.0,0.3760577514,3.0,56.0,5.0,1.0,0
38.0,0.0,0.0,39.0,5.0,1.0,0
11.0,0.0,0.0,11.0,5.0,2.0,0
1.0,0.0,0.0,1.0,5.0,2.0,0
30.0,0.0,0.0,31.0,5.0,2.0,0
16.0,0.0,0.0,19.0,5.0,1.0,0
29.0,0.0,2.0,34.0,5.0,1.0,0
16.0,0.0,0.0,16.0,5.0,1.0,0
6.0,0.0,0.0,6.0,5.0,2.0,1
20.0,0.0,2.0,23.0,5.0,1.0,0
15.0,3.485660705,0.0,16.0,5.0,2.0,0
162.0,0.0,0.0,168.0,5.0,2.0,0
5.0,0.0,0.0,5.0,5.0,2.0,0
26.0,0.0,0.0,27.0,5.0,1.0,0
11.0,0.0,0.0,11.0,5.0,2.0,0
31.0,0.7554271499999999,0.0,41.0,5.0,2.0,0
20.0,0.0,0.0,24.0,5.0,1.0,0
137.0,0.34491162305,0.0,145.0,5.0,2.0,1
90.0,2.077900991,3.0,98.0,5.0,2.0,1
7.0,0.0,0.0,8.0,5.0,2.0,0
29.0,0.0,0.0,33.0,5.0,1.0,0
7.0,0.0,0.0,7.0,5.0,3.0,0
3.0,0.0,0.0,8.0,5.0,2.0,0
23.0,0.553851582,1.0,25.0,5.0,1.0,0
94.0,0.0,0.0,96.0,5.0,3.0,0
60.0,0.27262163300000003,2.0,74.0,5.0,2.0,1
10.0,2.1419437080000003,0.0,10.0,5.0,2.0,1
2.0,0.0,0.0,2.0,5.0,2.0,0
222.0,0.13904688885,3.0,230.0,5.0,1.0,0
23.0,0.0,0.0,23.0,5.0,2.0,0
28.0,11.333885085,0.0,28.0,5.0,1.0,1
32.0,0.0,0.0,37.0,5.0,1.0,0
60.0,0.0,10.0,70.0,5.0,2.0,0
50.0,0.0,2.0,62.0,5.0,1.0,0
30.0,0.0,0.0,31.0,5.0,1.0,0
16.0,1.9207008115000002,1.0,22.0,5.0,2.0,0
21.0,2.0362814879999998,3.0,28.0,5.0,1.0,1
20.0,3.0488794145,4.0,26.0,5.0,1.0,0
1.0,0.0,0.0,1.0,5.0,2.0,0
14.0,5.81689326,0.0,15.0,5.0,1.0,1
2.0,0.0,0.0,2.0,5.0,1.0,0
14.0,0.0,0.0,14.0,5.0,1.0,0
95.0,0.22428392700000002,1.0,103.0,5.0,3.0,1
11.0,0.0,0.0,11.0,5.0,2.0,0
231.0,0.0,3.0,241.0,5.0,3.0,0
10.0,0.0,0.0,10.0,5.0,3.0,0
1.0,0.0,0.0,3.0,5.0,1.0,1
3.0,0.0,0.0,3.0,5.0,1.0,0
18.0,0.0,0.0,18.0,5.0,1.0,0
40.0,0.47364571780000003,0.0,41.0,5.0,2.0,1
18.0,0.0,0.0,24.0,5.0,2.0,0
136.0,1.0691287900000002,2.0,144.0,5.0,1.0,1
60.0,0.0,2.0,68.0,5.0,3.0,1
33.0,0.6601655225,12.0,55.0,5.0,1.0,0
14.0,0.0,2.0,16.0,5.0,3.0,0
16.0,0.0,3.0,26.0,5.0,2.0,0
24.0,0.0,0.0,25.0,5.0,3.0,0
12.0,0.0,0.0,12.0,5.0,2.0,0
14.0,0.0,0.0,14.0,5.0,2.0,0
25.0,0.0,0.0,25.0,5.0,2.0,0
5.0,0.0,0.0,5.0,5.0,3.0,0
104.0,0.44025694819999994,0.0,111.0,5.0,2.0,0
12.0,0.0,0.0,12.0,5.0,1.0,0
378.0,0.0,3.0,385.0,5.0,2.0,0
4.0,0.0,0.0,4.0,5.0,3.0,0
131.0,0.040915327550000005,0.0,136.0,5.0,3.0,1
9.0,0.0,0.0,9.0,5.0,1.0,0
63.0,0.4539340809,0.0,66.0,5.0,2.0,1
13.0,0.0,0.0,13.0,5.0,1.0,0
53.0,2.3389158935000003,0.0,57.0,5.0,1.0,1
92.0,0.8642014735,0.0,103.0,5.0,2.0,0
33.0,0.0,0.0,34.0,5.0,1.0,0
64.0,0.0,0.0,64.0,5.0,2.0,0
9.0,0.0,2.0,15.0,5.0,3.0,0
254.0,0.0,0.0,255.0,5.0,2.0,0
7.0,0.0,0.0,7.0,5.0,1.0,0
6.0,0.0,0.0,6.0,5.0,1.0,0
82.0,0.0,6.0,90.0,5.0,1.0,0
1.0,0.0,0.0,1.0,5.0,1.0,0
17.0,0.0,0.0,17.0,5.0,1.0,0
21.0,0.0,0.0,27.0,5.0,1.0,1
1.0,0.0,0.0,1.0,5.0,1.0,0
16.0,0.0,0.0,16.0,5.0,2.0,0
145.0,0.0,0.0,145.0,5.0,2.0,1
3.0,0.0,0.0,3.0,5.0,1.0,0
59.0,0.45026553905,0.0,61.0,5.0,2.0,1
2.0,0.0,0.0,2.0,5.0,2.0,0
24.0,0.565425023,0.0,30.0,5.0,2.0,1
89.0,0.0,0.0,89.0,5.0,2.0,1
14.0,0.0,0.0,21.0,5.0,2.0,0
31.0,0.0,0.0,34.0,5.0,1.0,1
39.0,0.8164653785,0.0,45.0,5.0,1.0,0
73.0,0.5812868265,4.0,79.0,5.0,3.0,0
98.0,0.0,1.0,100.0,5.0,3.0,0
70.0,0.0,0.0,72.0,5.0,2.0,1
28.0,0.0,0.0,28.0,5.0,2.0,0
1.0,0.0,0.0,1.0,5.0,1.0,0
1.0,0.0,0.0,1.0,5.0,1.0,0
12.0,0.0,0.0,18.0,5.0,3.0,0
4.0,0.0,0.0,4.0,5.0,1.0,0
183.0,0.9783731944999999,9.0,218.0,5.0,2.0,1
210.0,0.0,0.0,220.0,5.0,2.0,0
1.0,0.0,0.0,1.0,5.0,1.0,0
2.0,0.0,0.0,2.0,5.0,1.0,0
29.0,3.882457242,3.0,41.0,5.0,1.0,1
17.0,0.0,0.0,17.0,5.0,3.0,0
37.0,1.6656102959999999,1.0,47.0,5.0,2.0,0
1.0,0.0,0.0,1.0,5.0,1.0,0
46.0,0.0,0.0,46.0,5.0,1.0,0
23.0,1.9519221000000002,0.0,23.0,5.0,1.0,0
85.0,0.25729644365,4.0,96.0,5.0,2.0,0
53.0,0.36046525595,2.0,59.0,5.0,1.0,0
187.0,0.10613659305,0.0,193.0,5.0,2.0,0
114.0,0.2824344063,8.0,128.0,5.0,3.0,1
7.0,0.0,0.0,13.0,5.0,3.0,0
5.0,0.0,0.0,5.0,5.0,2.0,0
41.0,0.0,0.0,43.0,5.0,3.0,0
57.0,0.0,0.0,63.0,5.0,2.0,0
63.0,0.0,0.0,65.0,5.0,3.0,0
3.0,0.0,0.0,3.0,5.0,2.0,0
3.0,0.0,0.0,6.0,5.0,2.0,0
5.0,0.0,0.0,8.0,5.0,1.0,0
1.0,0.0,0.0,1.0,5.0,1.0,0
15.0,1.5153406235,0.0,15.0,5.0,1.0,1
7.0,0.0,0.0,7.0,5.0,3.0,1
10.0,0.0,0.0,10.0,5.0,3.0,0
54.0,0.1413726465,0.0,63.0,5.0,1.0,0
21.0,0.35073767185000004,0.0,22.0,5.0,2.0,1
8.0,0.0,0.0,8.0,5.0,1.0,0
98.0,0.0,0.0,101.0,5.0,2.0,0
15.0,0.0,0.0,15.0,5.0,2.0,0
3.0,0.0,0.0,15.0,5.0,1.0,1
16.0,2.5407089855,0.0,16.0,5.0,1.0,1
6.0,0.0,0.0,12.0,5.0,1.0,0
13.0,0.0,0.0,13.0,5.0,1.0,0
55.0,0.0,0.0,56.0,5.0,3.0,0
69.0,0.0,0.0,69.0,5.0,2.0,0
54.0,0.0,2.0,56.0,5.0,1.0,0
193.0,0.0,2.0,196.0,5.0,3.0,1
6.0,0.0,0.0,7.0,5.0,1.0,0
6.0,0.0,3.0,13.0,5.0,3.0,0
6.0,0.0,0.0,6.0,5.0,1.0,0
2.0,0.0,0.0,2.0,5.0,2.0,0
81.0,0.581144234,2.0,95.0,5.0,1.0,1
18.0,0.0,0.0,18.0,5.0,3.0,0
35.0,3.2361194535,0.0,40.0,5.0,2.0,1
81.0,0.0,6.0,87.0,5.0,3.0,0
3.0,0.0,0.0,3.0,5.0,1.0,0
8.0,0.0,0.0,8.0,5.0,1.0,0
31.0,0.0,0.0,36.0,5.0,1.0,0
14.0,0.42414757615000004,0.0,14.0,5.0,1.0,1
111.0,0.0,0.0,111.0,5.0,1.0,0
43.0,0.0,0.0,49.0,5.0,2.0,1
11.0,0.0,0.0,12.0,5.0,3.0,0
18.0,0.0,0.0,18.0,5.0,1.0,0
61.0,0.8748609585,3.0,77.0,5.0,2.0,0
36.0,4.0513647905,0.0,36.0,5.0,2.0,1
53.0,0.0,0.0,61.0,5.0,1.0,0
107.0,0.3239603132,4.0,123.0,5.0,3.0,1
112.0,0.27340467495,0.0,112.0,5.0,2.0,0
22.0,0.0,1.0,24.0,5.0,2.0,0
7.0,0.0,0.0,7.0,5.0,2.0,0
6.0,0.0,0.0,7.0,5.0,2.0,0
33.0,0.0,0.0,33.0,5.0,2.0,0
8.0,0.0,0.0,14.0,5.0,1.0,0
2.0,0.0,0.0,5.0,5.0,1.0,0
114.0,0.42331923785000003,1.0,134.0,5.0,2.0,0
74.0,0.0,0.0,74.0,5.0,2.0,0
44.0,0.0,0.0,44.0,5.0,1.0,0
36.0,6.664068930000001,0.0,43.0,5.0,1.0,0
7.0,0.0,0.0,7.0,5.0,1.0,0
13.0,0.0,0.0,13.0,5.0,1.0,0
126.0,0.17255360565,0.0,127.0,5.0,2.0,0
9.0,0.0,1.0,10.0,5.0,3.0,0
24.0,1.5909838615,0.0,24.0,5.0,1.0,1
3.0,0.0,0.0,3.0,5.0,2.0,0
19.0,0.0,0.0,19.0,5.0,3.0,0
93.0,0.0,2.0,100.0,5.0,3.0,0
9.0,0.0,0.0,9.0,5.0,2.0,0
22.0,0.0,1.0,23.0,5.0,3.0,0
70.0,0.0,0.0,72.0,5.0,2.0,0
2.0,0.0,0.0,6.0,5.0,1.0,0
127.0,0.0,3.0,132.0,5.0,2.0,0
76.0,0.0,0.0,81.0,5.0,3.0,0
49.0,0.0,0.0,49.0,5.0,2.0,0
12.0,0.0,0.0,14.0,5.0,1.0,0
7.0,0.0,0.0,7.0,5.0,1.0,0
83.0,0.0620035554,0.0,89.0,5.0,3.0,1
51.0,0.5114968685,3.0,56.0,5.0,2.0,0
5.0,2.101522048,0.0,5.0,5.0,2.0,1
19.0,1.4064383189999998,0.0,25.0,5.0,1.0,0
24.0,0.0,0.0,31.0,5.0,1.0,0
93.0,0.0,0.0,97.0,5.0,3.0,0
69.0,0.40433285315,0.0,72.0,5.0,1.0,0
44.0,4.8930418115,0.0,50.0,5.0,3.0,1
56.0,0.5809322225,0.0,61.0,5.0,3.0,0
7.0,0.0,0.0,7.0,5.0,2.0,0
20.0,0.0,0.0,20.0,5.0,2.0,0
30.0,1.819643052,0.0,37.0,5.0,1.0,1
2.0,0.0,0.0,2.0,5.0,1.0,0
192.0,0.9337824265,0.0,197.0,5.0,2.0,0
40.0,0.0,0.0,40.0,5.0,3.0,0
45.0,0.0,0.0,46.0,5.0,2.0,0
57.0,0.0,3.0,61.0,5.0,2.0,0
125.0,0.0,0.0,125.0,5.0,2.0,0
37.0,0.0,0.0,37.0,5.0,1.0,0
45.0,0.0,0.0,45.0,5.0,1.0,0
133.0,0.35738018865,2.0,141.0,5.0,2.0,0
4.0,0.0,0.0,4.0,5.0,2.0,0
111.0,2.210989703,6.0,125.0,5.0,1.0,0
27.0,0.0,0.0,30.0,5.0,2.0,0
3.0,0.0,0.0,3.0,5.0,3.0,0
20.0,0.0,0.0,20.0,5.0,1.0,0
3.0,0.0,0.0,3.0,5.0,2.0,0
8.0,0.0,0.0,8.0,5.0,1.0,0
12.0,0.0,2.0,14.0,5.0,1.0,0
23.0,0.0,0.0,23.0,5.0,2.0,0
9.0,0.0,3.0,12.0,5.0,1.0,0
5.0,0.0,0.0,5.0,5.0,1.0,0
6.0,0.0,0.0,6.0,5.0,2.0,0
21.0,0.0,0.0,21.0,5.0,2.0,0
17.0,0.0,0.0,20.0,5.0,2.0,0
9.0,0.0,0.0,9.0,5.0,2.0,0
2.0,0.0,0.0,2.0,5.0,2.0,0
22.0,0.0,0.0,22.0,5.0,3.0,0
3.0,0.0,0.0,3.0,5.0,1.0,0
30.0,0.0,0.0,30.0,5.0,1.0,0
39.0,0.0,0.0,39.0,5.0,2.0,0
13.0,0.0,0.0,13.0,5.0,1.0,0
27.0,1.9759903394999998,3.0,32.0,5.0,1.0,0
45.0,0.0,0.0,46.0,5.0,3.0,0
20.0,0.0,0.0,23.0,5.0,1.0,0
21.0,0.0,0.0,22.0,5.0,2.0,0
144.0,0.0,2.0,147.0,5.0,2.0,1
221.0,0.0791236577,1.0,229.0,5.0,3.0,1
15.0,3.9405862634999997,3.0,21.0,5.0,1.0,1
7.0,0.0,0.0,7.0,5.0,1.0,0
7.0,0.0,0.0,7.0,5.0,3.0,0
44.0,0.0,0.0,44.0,5.0,1.0,0
95.0,0.0,0.0,98.0,5.0,1.0,0
6.0,0.0,0.0,6.0,5.0,1.0,0
21.0,0.18427004085,0.0,21.0,5.0,1.0,0
8.0,0.0,0.0,8.0,5.0,2.0,0
6.0,0.0,0.0,6.0,5.0,2.0,0
22.0,0.0,0.0,28.0,5.0,1.0,0
44.0,0.0,0.0,46.0,5.0,2.0,0
16.0,0.0,1.0,17.0,5.0,2.0,0
53.0,0.6120858725,0.0,56.0,5.0,1.0,0
5.0,0.0,0.0,5.0,5.0,3.0,0
6.0,0.0,0.0,6.0,5.0,3.0,0
15.0,0.0,0.0,19.0,5.0,2.0,0
3.0,0.0,0.0,3.0,5.0,3.0,0
